        -1
        -2
        -3
        -4
        -5
        -6
        -7
        -8
        -9
       -10
       -11
       -12
       -13
         1
       -14
       -15
       -16
         2
       -17
         3
       -18
       -19
         4
       -20
       -21
       -22
         5
       -23
       -24
       -25
         6
       -26
         7
       -27
       -28
       -29
         8
         9
       -30
       -31
       -32
       -33
       -34
       -35
       -36
       -37
       -38
       -39
       -40
       -41
       -42
       -43
        10
       -44
       -45
       -46
       -47
       -48
       -49
       -50
       -51
       -52
       -53
       -54
        11
       -55
        12
        13
        14
       -56
       -57
       -58
       -59
        15
       -60
       -61
       -62
        16
       -63
       -64
        17
       -65
       -66
       -67
       -68
       -69
       -70
       -71
       -72
       -73
       -74
       -75
       -76
       -77
       -78
       -79
       -80
       -81
       -82
       -83
       -84
       -85
        18
       -86
       -87
       -88
       -89
       -90
       -91
       -92
       -93
        19
       -94
       -95
       -96
       -97
       -98
       -99
      -100
      -101
      -102
      -103
      -104
      -105
        20
      -106
      -107
      -108
      -109
      -110
        21
      -111
      -112
        22
      -113
      -114
      -115
      -116
      -117
      -118
        23
      -119
        24
      -120
      -121
      -122
      -123
      -124
      -125
      -126
      -127
        25
      -128
      -129
        26
      -130
      -131
      -132
      -133
      -134
      -135
      -136
      -137
      -138
        27
      -139
      -140
      -141
      -142
      -143
      -144
      -145
      -146
      -147
      -148
      -149
      -150
      -151
      -152
      -153
      -154
      -155
      -156
      -157
      -158
      -159
      -160
      -161
      -162
      -163
      -164
      -165
      -166
      -167
      -168
      -169
      -170
      -171
      -172
      -173
      -174
      -175
      -176
      -177
      -178
      -179
      -180
      -181
      -182
      -183
      -184
      -185
      -186
      -187
      -188
      -189
      -190
      -191
      -192
      -193
        28
      -194
        29
        30
      -195
      -196
      -197
        31
      -198
      -199
        32
      -200
      -201
      -202
      -203
      -204
      -205
      -206
      -207
      -208
      -209
        33
      -210
        34
      -211
      -212
      -213
        35
        36
      -214
      -215
      -216
      -217
      -218
      -219
        37
      -220
      -221
      -222
      -223
      -224
      -225
      -226
        38
      -227
      -228
      -229
      -230
      -231
      -232
      -233
      -234
      -235
      -236
        39
        40
      -237
      -238
      -239
      -240
      -241
        41
      -242
      -243
      -244
        42
      -245
      -246
      -247
      -248
      -249
      -250
        43
      -251
      -252
        44
      -253
      -254
      -255
      -256
      -257
        45
      -258
      -259
        46
      -260
      -261
      -262
      -263
      -264
      -265
      -266
      -267
      -268
      -269
        47
        48
      -270
      -271
      -272
      -273
      -274
      -275
      -276
      -277
      -278
      -279
      -280
      -281
      -282
      -283
      -284
      -285
      -286
      -287
      -288
      -289
      -290
      -291
      -292
      -293
      -294
      -295
      -296
      -297
      -298
      -299
      -300
      -301
        49
      -302
        50
      -303
      -304
      -305
      -306
        51
      -307
        52
      -308
        53
      -309
      -310
      -311
      -312
      -313
      -314
        54
      -315
      -316
      -317
        55
        56
      -318
      -319
      -320
      -321
      -322
      -323
      -324
      -325
      -326
      -327
      -328
      -329
      -330
      -331
      -332
      -333
        57
      -334
        58
      -335
      -336
      -337
      -338
      -339
      -340
      -341
        59
        60
        61
        62
      -342
      -343
      -344
      -345
      -346
      -347
      -348
      -349
        63
      -350
        64
        65
      -351
      -352
      -353
      -354
      -355
      -356
      -357
      -358
      -359
      -360
        66
        67
      -361
      -362
        68
      -363
      -364
      -365
      -366
      -367
        69
        70
      -368
        71
      -369
      -370
        72
      -371
      -372
      -373
      -374
      -375
      -376
      -377
      -378
      -379
      -380
      -381
      -382
      -383
      -384
      -385
      -386
      -387
      -388
      -389
        73
      -390
        74
      -391
      -392
      -393
      -394
        75
        76
      -395
      -396
      -397
      -398
        77
      -399
        78
      -400
      -401
      -402
      -403
      -404
      -405
      -406
      -407
      -408
        79
        80
        81
      -409
      -410
      -411
      -412
      -413
        82
      -414
        83
      -415
        84
      -416
        85
      -417
      -418
      -419
      -420
      -421
        86
      -422
      -423
        87
      -424
      -425
      -426
      -427
        88
      -428
      -429
      -430
      -431
      -432
      -433
        89
        90
      -434
        91
      -435
      -436
      -437
      -438
      -439
      -440
      -441
        92
        93
        94
      -442
      -443
      -444
      -445
      -446
      -447
      -448
      -449
      -450
      -451
      -452
        95
        96
      -453
      -454
      -455
        97
      -456
      -457
        98
      -458
      -459
        99
      -460
      -461
      -462
       100
       101
      -463
      -464
      -465
      -466
      -467
      -468
      -469
       102
      -470
      -471
       103
       104
      -472
      -473
      -474
      -475
       105
      -476
      -477
      -478
       106
       107
      -479
      -480
      -481
      -482
      -483
      -484
      -485
      -486
      -487
       108
      -488
       109
      -489
      -490
      -491
      -492
       110
      -493
       111
       112
      -494
      -495
       113
      -496
      -497
       114
      -498
       115
       116
       117
      -499
       118
      -500
       119
      -501
      -502
       120
      -503
      -504
      -505
      -506
      -507
      -508
      -509
      -510
      -511
      -512
      -513
      -514
      -515
      -516
      -517
      -518
      -519
       121
       122
       123
      -520
      -521
       124
       125
       126
      -522
      -523
       127
       128
      -524
      -525
      -526
       129
      -527
      -528
      -529
      -530
       130
       131
      -531
       132
      -532
      -533
      -534
      -535
       133
       134
       135
      -536
       136
      -537
      -538
      -539
      -540
      -541
      -542
      -543
      -544
      -545
      -546
      -547
      -548
       137
       138
      -549
      -550
      -551
      -552
       139
      -553
       140
      -554
      -555
       141
      -556
       142
      -557
      -558
      -559
      -560
      -561
      -562
      -563
      -564
      -565
       143
      -566
      -567
      -568
       144
      -569
       145
      -570
       146
      -571
      -572
      -573
      -574
      -575
      -576
      -577
      -578
      -579
      -580
       147
      -581
       148
      -582
      -583
      -584
      -585
      -586
       149
      -587
      -588
       150
       151
      -589
      -590
      -591
      -592
      -593
      -594
       152
       153
      -595
      -596
      -597
      -598
      -599
      -600
      -601
      -602
      -603
      -604
       154
       155
      -605
      -606
      -607
       156
      -608
      -609
      -610
       157
      -611
      -612
      -613
       158
      -614
      -615
       159
      -616
      -617
       160
       161
       162
       163
       164
      -618
      -619
      -620
      -621
      -622
      -623
       165
      -624
      -625
       166
       167
       168
      -626
      -627
      -628
      -629
      -630
       169
      -631
      -632
      -633
      -634
      -635
       170
      -636
      -637
      -638
      -639
       171
       172
      -640
      -641
      -642
      -643
       173
      -644
       174
      -645
      -646
      -647
      -648
      -649
       175
       176
      -650
      -651
      -652
      -653
       177
      -654
      -655
      -656
      -657
      -658
      -659
      -660
      -661
      -662
      -663
       178
      -664
       179
      -665
      -666
      -667
      -668
      -669
      -670
       180
      -671
       181
      -672
      -673
       182
      -674
      -675
      -676
      -677
      -678
      -679
       183
      -680
      -681
      -682
      -683
      -684
       184
       185
      -685
      -686
      -687
      -688
      -689
      -690
      -691
       186
      -692
      -693
      -694
      -695
       187
      -696
       188
       189
      -697
      -698
      -699
      -700
      -701
      -702
      -703
      -704
      -705
      -706
      -707
      -708
      -709
      -710
      -711
      -712
      -713
      -714
      -715
      -716
      -717
      -718
       190
      -719
      -720
      -721
      -722
      -723
      -724
       191
      -725
      -726
      -727
      -728
      -729
      -730
      -731
      -732
      -733
      -734
      -735
      -736
      -737
      -738
      -739
      -740
      -741
      -742
      -743
      -744
      -745
      -746
      -747
      -748
      -749
      -750
      -751
       192
      -752
      -753
      -754
       193
      -755
      -756
      -757
      -758
       194
       195
      -759
       196
      -760
       197
      -761
      -762
      -763
       198
       199
       200
       201
       202
       203
      -764
      -765
      -766
      -767
      -768
      -769
      -770
      -771
      -772
      -773
      -774
      -775
      -776
      -777
      -778
       204
      -779
      -780
      -781
      -782
      -783
      -784
      -785
       205
      -786
      -787
      -788
      -789
      -790
       206
      -791
      -792
      -793
      -794
      -795
       207
      -796
      -797
      -798
       208
      -799
      -800
       209
      -801
      -802
      -803
      -804
      -805
       210
       211
       212
      -806
      -807
      -808
      -809
      -810
      -811
      -812
      -813
      -814
      -815
      -816
       213
      -817
      -818
      -819
      -820
      -821
      -822
      -823
      -824
      -825
       214
      -826
      -827
       215
      -828
       216
      -829
      -830
      -831
      -832
      -833
      -834
      -835
       217
      -836
      -837
      -838
       218
      -839
      -840
      -841
      -842
       219
       220
      -843
       221
      -844
      -845
      -846
      -847
      -848
      -849
      -850
       222
      -851
      -852
      -853
      -854
      -855
      -856
      -857
      -858
      -859
      -860
      -861
      -862
       223
      -863
      -864
      -865
      -866
      -867
      -868
      -869
      -870
      -871
      -872
      -873
      -874
      -875
      -876
      -877
      -878
      -879
      -880
      -881
      -882
      -883
      -884
      -885
       224
      -886
      -887
      -888
      -889
      -890
       225
      -891
       226
      -892
      -893
       227
       228
      -894
      -895
      -896
      -897
      -898
       229
      -899
      -900
      -901
       230
       231
      -902
      -903
      -904
      -905
      -906
      -907
      -908
      -909
      -910
       232
       233
       234
      -911
      -912
      -913
      -914
      -915
      -916
      -917
       235
       236
      -918
      -919
       237
      -920
       238
       239
      -921
      -922
      -923
      -924
      -925
      -926
      -927
      -928
       240
      -929
      -930
      -931
      -932
      -933
      -934
      -935
      -936
      -937
      -938
      -939
       241
      -940
       242
       243
       244
       245
       246
       247
       248
       249
      -941
      -942
      -943
      -944
      -945
      -946
       250
      -947
       251
      -948
      -949
      -950
      -951
      -952
      -953
      -954
      -955
      -956
       252
      -957
      -958
       253
      -959
      -960
      -961
      -962
      -963
      -964
       254
      -965
      -966
      -967
      -968
      -969
      -970
      -971
       255
      -972
      -973
      -974
      -975
       256
      -976
      -977
      -978
      -979
       257
      -980
      -981
      -982
       258
      -983
      -984
      -985
      -986
       259
       260
       261
      -987
      -988
      -989
      -990
      -991
      -992
      -993
      -994
      -995
      -996
       262
      -997
      -998
      -999
       263
     -1000
     -1001
     -1002
       264
     -1003
     -1004
       265
     -1005
     -1006
     -1007
     -1008
     -1009
     -1010
       266
     -1011
     -1012
     -1013
     -1014
     -1015
     -1016
     -1017
     -1018
     -1019
     -1020
     -1021
     -1022
     -1023
     -1024
     -1025
     -1026
     -1027
     -1028
     -1029
     -1030
     -1031
     -1032
     -1033
       267
     -1034
     -1035
     -1036
     -1037
     -1038
     -1039
     -1040
     -1041
     -1042
     -1043
     -1044
     -1045
     -1046
     -1047
     -1048
     -1049
     -1050
     -1051
     -1052
     -1053
     -1054
     -1055
     -1056
       268
       269
       270
     -1057
     -1058
     -1059
     -1060
     -1061
     -1062
     -1063
     -1064
     -1065
       271
     -1066
     -1067
     -1068
     -1069
     -1070
     -1071
     -1072
     -1073
     -1074
     -1075
       272
       273
     -1076
     -1077
     -1078
     -1079
     -1080
     -1081
     -1082
     -1083
     -1084
     -1085
     -1086
     -1087
     -1088
     -1089
     -1090
     -1091
     -1092
     -1093
     -1094
     -1095
     -1096
     -1097
     -1098
     -1099
     -1100
     -1101
     -1102
       274
     -1103
     -1104
     -1105
       275
     -1106
     -1107
     -1108
     -1109
     -1110
     -1111
     -1112
     -1113
     -1114
     -1115
     -1116
       276
     -1117
     -1118
       277
     -1119
     -1120
     -1121
     -1122
     -1123
     -1124
       278
     -1125
     -1126
     -1127
     -1128
     -1129
     -1130
     -1131
     -1132
       279
     -1133
     -1134
     -1135
     -1136
     -1137
       280
     -1138
     -1139
     -1140
     -1141
     -1142
       281
       282
     -1143
     -1144
     -1145
     -1146
     -1147
     -1148
     -1149
       283
       284
       285
     -1150
     -1151
     -1152
     -1153
     -1154
     -1155
     -1156
     -1157
     -1158
     -1159
     -1160
     -1161
     -1162
     -1163
     -1164
     -1165
     -1166
     -1167
     -1168
     -1169
     -1170
     -1171
     -1172
     -1173
     -1174
     -1175
     -1176
     -1177
     -1178
     -1179
     -1180
     -1181
     -1182
       286
       287
       288
     -1183
     -1184
     -1185
     -1186
     -1187
     -1188
     -1189
     -1190
     -1191
     -1192
     -1193
     -1194
     -1195
     -1196
     -1197
     -1198
     -1199
     -1200
       289
       290
       291
     -1201
     -1202
       292
     -1203
     -1204
     -1205
     -1206
     -1207
       293
     -1208
     -1209
     -1210
     -1211
     -1212
     -1213
     -1214
     -1215
     -1216
     -1217
     -1218
     -1219
     -1220
     -1221
     -1222
     -1223
     -1224
     -1225
     -1226
     -1227
     -1228
     -1229
     -1230
     -1231
     -1232
     -1233
     -1234
     -1235
     -1236
     -1237
     -1238
     -1239
     -1240
     -1241
     -1242
       294
     -1243
     -1244
     -1245
     -1246
     -1247
     -1248
       295
     -1249
     -1250
     -1251
     -1252
     -1253
     -1254
     -1255
     -1256
     -1257
     -1258
     -1259
     -1260
     -1261
     -1262
     -1263
     -1264
     -1265
     -1266
     -1267
     -1268
     -1269
     -1270
     -1271
     -1272
     -1273
     -1274
       296
     -1275
       297
     -1276
     -1277
       298
     -1278
     -1279
     -1280
     -1281
     -1282
     -1283
     -1284
     -1285
     -1286
     -1287
     -1288
     -1289
     -1290
     -1291
     -1292
     -1293
     -1294
     -1295
     -1296
     -1297
     -1298
     -1299
     -1300
     -1301
     -1302
     -1303
     -1304
       299
     -1305
     -1306
     -1307
     -1308
     -1309
     -1310
     -1311
       300
     -1312
     -1313
     -1314
     -1315
     -1316
     -1317
     -1318
     -1319
     -1320
     -1321
     -1322
     -1323
     -1324
     -1325
     -1326
     -1327
     -1328
     -1329
     -1330
     -1331
     -1332
     -1333
     -1334
     -1335
     -1336
     -1337
     -1338
     -1339
     -1340
     -1341
     -1342
     -1343
     -1344
     -1345
     -1346
     -1347
     -1348
     -1349
     -1350
     -1351
     -1352
     -1353
     -1354
     -1355
     -1356
     -1357
     -1358
     -1359
     -1360
     -1361
     -1362
     -1363
     -1364
     -1365
       301
       302
     -1366
     -1367
     -1368
     -1369
     -1370
     -1371
     -1372
     -1373
     -1374
     -1375
     -1376
     -1377
     -1378
     -1379
     -1380
     -1381
     -1382
     -1383
     -1384
     -1385
     -1386
     -1387
     -1388
     -1389
     -1390
     -1391
     -1392
     -1393
     -1394
     -1395
     -1396
     -1397
     -1398
     -1399
     -1400
     -1401
     -1402
     -1403
     -1404
     -1405
     -1406
     -1407
     -1408
     -1409
     -1410
     -1411
     -1412
     -1413
     -1414
     -1415
     -1416
     -1417
     -1418
     -1419
     -1420
     -1421
     -1422
     -1423
     -1424
     -1425
     -1426
     -1427
     -1428
     -1429
     -1430
     -1431
     -1432
     -1433
     -1434
     -1435
     -1436
     -1437
     -1438
     -1439
     -1440
     -1441
     -1442
     -1443
     -1444
     -1445
     -1446
     -1447
     -1448
     -1449
     -1450
     -1451
     -1452
     -1453
     -1454
     -1455
     -1456
     -1457
     -1458
       303
     -1459
     -1460
     -1461
     -1462
     -1463
     -1464
     -1465
     -1466
     -1467
     -1468
     -1469
     -1470
     -1471
     -1472
     -1473
     -1474
     -1475
     -1476
       304
     -1477
     -1478
     -1479
     -1480
     -1481
       305
     -1482
     -1483
       306
     -1484
       307
     -1485
     -1486
     -1487
     -1488
     -1489
     -1490
     -1491
     -1492
     -1493
     -1494
     -1495
     -1496
     -1497
       308
     -1498
       309
     -1499
     -1500
       310
     -1501
     -1502
     -1503
       311
     -1504
     -1505
     -1506
     -1507
     -1508
     -1509
       312
     -1510
       313
     -1511
       314
     -1512
     -1513
       315
       316
     -1514
     -1515
     -1516
     -1517
     -1518
     -1519
     -1520
     -1521
     -1522
     -1523
       317
     -1524
       318
     -1525
     -1526
     -1527
       319
       320
     -1528
     -1529
     -1530
       321
     -1531
     -1532
     -1533
       322
     -1534
       323
     -1535
     -1536
     -1537
     -1538
       324
     -1539
     -1540
     -1541
     -1542
     -1543
     -1544
       325
       326
     -1545
       327
     -1546
     -1547
     -1548
     -1549
     -1550
     -1551
     -1552
     -1553
     -1554
       328
     -1555
       329
     -1556
     -1557
     -1558
     -1559
     -1560
     -1561
       330
     -1562
       331
     -1563
       332
     -1564
       333
     -1565
     -1566
       334
     -1567
       335
     -1568
     -1569
     -1570
       336
     -1571
     -1572
     -1573
       337
     -1574
     -1575
     -1576
     -1577
     -1578
     -1579
     -1580
       338
       339
     -1581
       340
     -1582
     -1583
     -1584
     -1585
     -1586
     -1587
       341
     -1588
     -1589
     -1590
     -1591
     -1592
     -1593
     -1594
       342
     -1595
       343
     -1596
     -1597
     -1598
     -1599
       344
     -1600
       345
     -1601
     -1602
     -1603
     -1604
     -1605
     -1606
     -1607
     -1608
     -1609
       346
     -1610
     -1611
       347
     -1612
     -1613
       348
     -1614
       349
     -1615
     -1616
       350
       351
     -1617
     -1618
     -1619
     -1620
     -1621
     -1622
     -1623
     -1624
     -1625
     -1626
     -1627
     -1628
     -1629
     -1630
       352
     -1631
     -1632
     -1633
     -1634
     -1635
     -1636
     -1637
     -1638
     -1639
     -1640
     -1641
     -1642
     -1643
     -1644
     -1645
     -1646
     -1647
     -1648
     -1649
     -1650
     -1651
     -1652
     -1653
       353
     -1654
       354
     -1655
     -1656
     -1657
       355
       356
     -1658
     -1659
     -1660
     -1661
     -1662
       357
       358
       359
       360
     -1663
     -1664
     -1665
     -1666
     -1667
       361
     -1668
     -1669
     -1670
     -1671
       362
       363
       364
     -1672
     -1673
     -1674
     -1675
     -1676
     -1677
     -1678
       365
     -1679
     -1680
     -1681
     -1682
     -1683
       366
       367
       368
     -1684
     -1685
       369
     -1686
     -1687
       370
       371
       372
     -1688
     -1689
     -1690
     -1691
     -1692
       373
     -1693
       374
     -1694
     -1695
       375
     -1696
     -1697
     -1698
     -1699
     -1700
     -1701
       376
     -1702
     -1703
     -1704
     -1705
     -1706
     -1707
       377
       378
     -1708
     -1709
     -1710
     -1711
     -1712
       379
       380
       381
     -1713
     -1714
     -1715
     -1716
     -1717
       382
     -1718
     -1719
     -1720
     -1721
     -1722
     -1723
     -1724
       383
       384
       385
       386
       387
     -1725
     -1726
     -1727
     -1728
     -1729
     -1730
     -1731
     -1732
     -1733
     -1734
     -1735
     -1736
     -1737
     -1738
     -1739
       388
       389
     -1740
     -1741
     -1742
     -1743
     -1744
     -1745
     -1746
     -1747
     -1748
     -1749
     -1750
     -1751
     -1752
     -1753
     -1754
     -1755
     -1756
     -1757
     -1758
     -1759
     -1760
     -1761
     -1762
       390
       391
     -1763
     -1764
     -1765
     -1766
       392
     -1767
     -1768
     -1769
     -1770
       393
     -1771
     -1772
     -1773
     -1774
     -1775
       394
     -1776
     -1777
     -1778
     -1779
       395
     -1780
     -1781
     -1782
       396
     -1783
       397
     -1784
     -1785
     -1786
       398
       399
     -1787
     -1788
     -1789
       400
     -1790
     -1791
       401
       402
       403
     -1792
     -1793
     -1794
     -1795
     -1796
       404
     -1797
     -1798
       405
     -1799
       406
       407
     -1800
     -1801
     -1802
     -1803
     -1804
       408
     -1805
     -1806
     -1807
     -1808
     -1809
     -1810
       409
     -1811
     -1812
     -1813
     -1814
     -1815
       410
     -1816
       411
     -1817
       412
     -1818
     -1819
     -1820
       413
     -1821
       414
     -1822
     -1823
     -1824
     -1825
     -1826
     -1827
     -1828
     -1829
     -1830
     -1831
     -1832
     -1833
     -1834
     -1835
     -1836
     -1837
     -1838
     -1839
     -1840
       415
     -1841
       416
     -1842
     -1843
     -1844
     -1845
     -1846
     -1847
       417
     -1848
     -1849
       418
       419
     -1850
       420
     -1851
     -1852
     -1853
       421
     -1854
       422
     -1855
     -1856
     -1857
     -1858
       423
     -1859
     -1860
     -1861
     -1862
     -1863
     -1864
     -1865
     -1866
     -1867
     -1868
     -1869
       424
     -1870
     -1871
     -1872
     -1873
     -1874
     -1875
     -1876
     -1877
     -1878
       425
     -1879
     -1880
     -1881
       426
     -1882
       427
       428
     -1883
     -1884
     -1885
       429
     -1886
     -1887
     -1888
     -1889
     -1890
       430
     -1891
     -1892
     -1893
     -1894
     -1895
     -1896
     -1897
       431
       432
     -1898
       433
     -1899
     -1900
     -1901
     -1902
     -1903
     -1904
     -1905
     -1906
     -1907
     -1908
     -1909
     -1910
       434
     -1911
     -1912
     -1913
       435
       436
     -1914
       437
     -1915
     -1916
     -1917
     -1918
       438
       439
     -1919
     -1920
     -1921
     -1922
     -1923
     -1924
     -1925
     -1926
       440
     -1927
     -1928
       441
       442
     -1929
     -1930
     -1931
       443
     -1932
       444
     -1933
     -1934
     -1935
     -1936
     -1937
     -1938
     -1939
     -1940
     -1941
     -1942
       445
     -1943
     -1944
     -1945
       446
     -1946
     -1947
     -1948
     -1949
     -1950
       447
     -1951
     -1952
     -1953
     -1954
     -1955
       448
     -1956
     -1957
     -1958
     -1959
       449
       450
       451
       452
     -1960
     -1961
     -1962
     -1963
       453
     -1964
     -1965
     -1966
     -1967
     -1968
     -1969
       454
       455
     -1970
       456
     -1971
     -1972
     -1973
     -1974
     -1975
     -1976
     -1977
     -1978
       457
     -1979
     -1980
     -1981
     -1982
     -1983
     -1984
     -1985
       458
     -1986
     -1987
     -1988
     -1989
     -1990
     -1991
     -1992
       459
     -1993
       460
       461
       462
     -1994
     -1995
       463
     -1996
     -1997
       464
     -1998
     -1999
     -2000
       465
     -2001
     -2002
     -2003
     -2004
       466
     -2005
       467
     -2006
     -2007
     -2008
     -2009
     -2010
     -2011
     -2012
     -2013
     -2014
       468
     -2015
     -2016
     -2017
     -2018
       469
     -2019
     -2020
       470
     -2021
     -2022
     -2023
     -2024
     -2025
     -2026
     -2027
     -2028
       471
     -2029
       472
     -2030
     -2031
     -2032
       473
     -2033
     -2034
     -2035
     -2036
     -2037
     -2038
     -2039
     -2040
     -2041
     -2042
     -2043
     -2044
     -2045
       474
     -2046
     -2047
     -2048
     -2049
     -2050
     -2051
       475
     -2052
       476
       477
       478
     -2053
     -2054
     -2055
       479
     -2056
     -2057
     -2058
     -2059
       480
       481
     -2060
       482
     -2061
     -2062
     -2063
     -2064
     -2065
       483
       484
       485
     -2066
     -2067
     -2068
     -2069
     -2070
       486
     -2071
     -2072
     -2073
     -2074
     -2075
     -2076
       487
     -2077
       488
     -2078
     -2079
     -2080
       489
     -2081
     -2082
     -2083
     -2084
     -2085
     -2086
       490
     -2087
       491
     -2088
       492
     -2089
       493
       494
     -2090
     -2091
     -2092
       495
     -2093
     -2094
     -2095
     -2096
     -2097
     -2098
     -2099
     -2100
     -2101
       496
     -2102
     -2103
     -2104
     -2105
     -2106
     -2107
     -2108
     -2109
     -2110
       497
     -2111
     -2112
     -2113
     -2114
       498
     -2115
     -2116
     -2117
     -2118
     -2119
     -2120
       499
     -2121
       500
       501
       502
       503
     -2122
     -2123
     -2124
     -2125
     -2126
     -2127
     -2128
     -2129
     -2130
     -2131
       504
       505
     -2132
       506
     -2133
     -2134
     -2135
     -2136
     -2137
     -2138
     -2139
     -2140
     -2141
     -2142
     -2143
     -2144
     -2145
     -2146
     -2147
     -2148
     -2149
     -2150
     -2151
     -2152
       507
       508
     -2153
       509
       510
       511
     -2154
     -2155
     -2156
     -2157
     -2158
       512
     -2159
       513
     -2160
       514
     -2161
     -2162
     -2163
       515
       516
     -2164
     -2165
     -2166
     -2167
     -2168
     -2169
     -2170
     -2171
     -2172
     -2173
     -2174
     -2175
     -2176
       517
     -2177
     -2178
     -2179
     -2180
       518
     -2181
     -2182
     -2183
       519
     -2184
     -2185
     -2186
       520
     -2187
     -2188
       521
       522
     -2189
     -2190
     -2191
     -2192
     -2193
     -2194
       523
       524
     -2195
       525
     -2196
     -2197
     -2198
       526
     -2199
     -2200
     -2201
     -2202
     -2203
     -2204
       527
     -2205
     -2206
     -2207
     -2208
       528
     -2209
     -2210
     -2211
       529
       530
     -2212
     -2213
     -2214
     -2215
       531
     -2216
     -2217
     -2218
       532
       533
     -2219
     -2220
       534
     -2221
     -2222
     -2223
       535
     -2224
     -2225
     -2226
     -2227
       536
     -2228
       537
     -2229
     -2230
     -2231
     -2232
     -2233
     -2234
     -2235
     -2236
     -2237
     -2238
     -2239
     -2240
     -2241
     -2242
     -2243
     -2244
     -2245
     -2246
     -2247
       538
       539
     -2248
     -2249
     -2250
     -2251
     -2252
     -2253
     -2254
       540
     -2255
     -2256
     -2257
       541
       542
     -2258
     -2259
       543
     -2260
     -2261
     -2262
     -2263
     -2264
       544
     -2265
     -2266
     -2267
       545
     -2268
     -2269
     -2270
     -2271
     -2272
     -2273
     -2274
     -2275
     -2276
     -2277
     -2278
       546
     -2279
     -2280
     -2281
     -2282
       547
     -2283
       548
     -2284
     -2285
       549
       550
     -2286
     -2287
     -2288
     -2289
     -2290
     -2291
     -2292
     -2293
     -2294
     -2295
     -2296
     -2297
       551
     -2298
       552
     -2299
       553
     -2300
       554
     -2301
     -2302
     -2303
     -2304
     -2305
     -2306
     -2307
     -2308
     -2309
     -2310
     -2311
     -2312
     -2313
       555
     -2314
     -2315
     -2316
     -2317
     -2318
     -2319
     -2320
     -2321
     -2322
     -2323
     -2324
       556
       557
     -2325
     -2326
     -2327
       558
     -2328
     -2329
     -2330
     -2331
     -2332
     -2333
       559
       560
     -2334
     -2335
     -2336
     -2337
     -2338
     -2339
     -2340
     -2341
     -2342
     -2343
     -2344
     -2345
     -2346
     -2347
     -2348
       561
     -2349
     -2350
     -2351
     -2352
       562
     -2353
     -2354
     -2355
       563
     -2356
     -2357
     -2358
     -2359
     -2360
       564
     -2361
       565
     -2362
       566
     -2363
     -2364
     -2365
     -2366
       567
     -2367
     -2368
     -2369
     -2370
     -2371
       568
     -2372
       569
     -2373
     -2374
     -2375
     -2376
     -2377
     -2378
     -2379
       570
     -2380
       571
       572
     -2381
     -2382
     -2383
       573
     -2384
     -2385
     -2386
     -2387
     -2388
     -2389
     -2390
     -2391
     -2392
     -2393
     -2394
     -2395
     -2396
     -2397
       574
       575
       576
     -2398
     -2399
     -2400
     -2401
     -2402
     -2403
     -2404
     -2405
       577
     -2406
     -2407
     -2408
     -2409
       578
       579
     -2410
     -2411
     -2412
       580
     -2413
     -2414
       581
     -2415
     -2416
     -2417
     -2418
     -2419
       582
     -2420
     -2421
     -2422
     -2423
       583
     -2424
     -2425
     -2426
     -2427
     -2428
     -2429
     -2430
       584
       585
     -2431
     -2432
     -2433
       586
     -2434
     -2435
     -2436
     -2437
     -2438
     -2439
     -2440
     -2441
       587
     -2442
     -2443
       588
     -2444
     -2445
     -2446
       589
     -2447
     -2448
     -2449
       590
     -2450
     -2451
     -2452
     -2453
       591
     -2454
     -2455
     -2456
     -2457
       592
       593
     -2458
       594
     -2459
     -2460
       595
     -2461
     -2462
     -2463
     -2464
     -2465
     -2466
     -2467
       596
     -2468
     -2469
     -2470
     -2471
       597
       598
     -2472
       599
       600
     -2473
     -2474
     -2475
     -2476
     -2477
     -2478
     -2479
     -2480
       601
       602
     -2481
     -2482
     -2483
     -2484
     -2485
     -2486
       603
     -2487
       604
     -2488
     -2489
     -2490
     -2491
     -2492
     -2493
       605
       606
     -2494
     -2495
     -2496
     -2497
     -2498
       607
     -2499
     -2500
     -2501
     -2502
     -2503
     -2504
     -2505
       608
       609
     -2506
       610
       611
       612
     -2507
     -2508
     -2509
       613
     -2510
     -2511
     -2512
     -2513
     -2514
     -2515
     -2516
       614
     -2517
       615
     -2518
     -2519
     -2520
     -2521
       616
     -2522
     -2523
     -2524
     -2525
     -2526
       617
     -2527
     -2528
     -2529
     -2530
     -2531
     -2532
     -2533
     -2534
       618
     -2535
     -2536
       619
     -2537
     -2538
     -2539
       620
     -2540
     -2541
     -2542
     -2543
     -2544
     -2545
       621
     -2546
     -2547
     -2548
     -2549
     -2550
     -2551
       622
     -2552
     -2553
     -2554
     -2555
     -2556
       623
     -2557
       624
     -2558
       625
     -2559
     -2560
     -2561
     -2562
     -2563
     -2564
     -2565
       626
     -2566
       627
       628
     -2567
     -2568
     -2569
       629
     -2570
       630
     -2571
     -2572
     -2573
     -2574
     -2575
     -2576
     -2577
       631
     -2578
     -2579
       632
     -2580
       633
     -2581
     -2582
     -2583
     -2584
     -2585
       634
     -2586
     -2587
     -2588
     -2589
       635
     -2590
     -2591
     -2592
     -2593
     -2594
     -2595
     -2596
     -2597
       636
     -2598
       637
     -2599
     -2600
       638
     -2601
     -2602
     -2603
     -2604
     -2605
     -2606
     -2607
     -2608
     -2609
       639
     -2610
     -2611
       640
       641
       642
       643
     -2612
     -2613
       644
     -2614
     -2615
     -2616
     -2617
     -2618
     -2619
       645
     -2620
     -2621
     -2622
       646
     -2623
     -2624
     -2625
     -2626
     -2627
     -2628
     -2629
     -2630
     -2631
     -2632
     -2633
       647
       648
     -2634
     -2635
     -2636
     -2637
     -2638
     -2639
     -2640
     -2641
     -2642
     -2643
       649
     -2644
       650
     -2645
     -2646
     -2647
     -2648
     -2649
     -2650
       651
     -2651
       652
       653
     -2652
     -2653
     -2654
       654
     -2655
     -2656
     -2657
       655
     -2658
     -2659
     -2660
     -2661
     -2662
     -2663
     -2664
     -2665
     -2666
       656
       657
       658
       659
       660
     -2667
     -2668
     -2669
     -2670
     -2671
     -2672
       661
     -2673
     -2674
     -2675
     -2676
     -2677
     -2678
     -2679
       662
     -2680
     -2681
     -2682
       663
     -2683
     -2684
     -2685
     -2686
     -2687
       664
     -2688
     -2689
     -2690
     -2691
     -2692
     -2693
     -2694
       665
       666
     -2695
     -2696
     -2697
     -2698
     -2699
     -2700
       667
       668
       669
       670
     -2701
     -2702
     -2703
       671
     -2704
       672
       673
       674
     -2705
       675
     -2706
     -2707
     -2708
       676
     -2709
     -2710
     -2711
     -2712
     -2713
     -2714
     -2715
     -2716
     -2717
     -2718
     -2719
     -2720
     -2721
       677
     -2722
       678
       679
     -2723
     -2724
       680
     -2725
     -2726
     -2727
     -2728
       681
     -2729
       682
     -2730
       683
     -2731
     -2732
     -2733
     -2734
     -2735
     -2736
     -2737
       684
       685
       686
     -2738
     -2739
     -2740
     -2741
     -2742
     -2743
     -2744
     -2745
     -2746
     -2747
     -2748
     -2749
     -2750
     -2751
     -2752
     -2753
     -2754
     -2755
       687
       688
       689
       690
     -2756
     -2757
     -2758
     -2759
       691
     -2760
     -2761
     -2762
     -2763
     -2764
     -2765
     -2766
       692
       693
       694
     -2767
     -2768
     -2769
     -2770
     -2771
     -2772
       695
     -2773
       696
     -2774
     -2775
     -2776
     -2777
     -2778
       697
       698
     -2779
     -2780
     -2781
     -2782
     -2783
       699
     -2784
     -2785
     -2786
       700
     -2787
       701
     -2788
     -2789
     -2790
     -2791
     -2792
     -2793
     -2794
     -2795
     -2796
     -2797
     -2798
     -2799
       702
     -2800
     -2801
     -2802
     -2803
     -2804
     -2805
     -2806
     -2807
       703
     -2808
       704
     -2809
     -2810
     -2811
     -2812
     -2813
       705
       706
       707
     -2814
       708
     -2815
     -2816
     -2817
     -2818
     -2819
     -2820
       709
     -2821
     -2822
     -2823
     -2824
     -2825
     -2826
     -2827
     -2828
     -2829
     -2830
     -2831
     -2832
     -2833
     -2834
     -2835
     -2836
       710
       711
     -2837
     -2838
     -2839
       712
       713
     -2840
     -2841
     -2842
     -2843
     -2844
     -2845
       714
       715
     -2846
     -2847
     -2848
     -2849
     -2850
       716
     -2851
     -2852
     -2853
       717
     -2854
     -2855
     -2856
       718
       719
     -2857
     -2858
     -2859
     -2860
     -2861
       720
       721
     -2862
     -2863
       722
       723
     -2864
       724
     -2865
       725
     -2866
     -2867
     -2868
     -2869
     -2870
     -2871
     -2872
     -2873
     -2874
       726
     -2875
     -2876
     -2877
     -2878
     -2879
     -2880
     -2881
     -2882
     -2883
       727
     -2884
       728
     -2885
       729
       730
     -2886
     -2887
     -2888
     -2889
     -2890
     -2891
       731
     -2892
     -2893
     -2894
     -2895
     -2896
     -2897
     -2898
       732
     -2899
       733
     -2900
     -2901
     -2902
       734
     -2903
     -2904
     -2905
       735
     -2906
     -2907
     -2908
     -2909
     -2910
     -2911
     -2912
     -2913
     -2914
     -2915
     -2916
       736
     -2917
     -2918
     -2919
     -2920
     -2921
       737
       738
       739
     -2922
       740
     -2923
     -2924
     -2925
     -2926
     -2927
       741
     -2928
     -2929
     -2930
       742
     -2931
     -2932
     -2933
     -2934
     -2935
     -2936
     -2937
     -2938
     -2939
     -2940
     -2941
     -2942
     -2943
       743
     -2944
       744
     -2945
     -2946
       745
     -2947
     -2948
     -2949
     -2950
       746
     -2951
     -2952
       747
     -2953
     -2954
       748
     -2955
     -2956
     -2957
       749
       750
     -2958
     -2959
     -2960
     -2961
     -2962
     -2963
     -2964
     -2965
     -2966
       751
       752
       753
     -2967
     -2968
     -2969
       754
     -2970
     -2971
     -2972
     -2973
     -2974
     -2975
     -2976
     -2977
     -2978
       755
     -2979
     -2980
     -2981
     -2982
     -2983
       756
       757
     -2984
     -2985
     -2986
       758
     -2987
     -2988
     -2989
       759
     -2990
     -2991
     -2992
     -2993
     -2994
     -2995
     -2996
     -2997
     -2998
     -2999
     -3000
       760
     -3001
     -3002
     -3003
     -3004
     -3005
     -3006
     -3007
     -3008
     -3009
       761
     -3010
     -3011
     -3012
     -3013
     -3014
     -3015
     -3016
     -3017
     -3018
     -3019
     -3020
     -3021
       762
     -3022
     -3023
       763
       764
     -3024
       765
     -3025
       766
     -3026
     -3027
     -3028
     -3029
     -3030
     -3031
     -3032
     -3033
     -3034
     -3035
     -3036
     -3037
       767
     -3038
     -3039
     -3040
     -3041
       768
     -3042
       769
     -3043
     -3044
     -3045
     -3046
     -3047
     -3048
     -3049
     -3050
     -3051
     -3052
     -3053
     -3054
     -3055
       770
     -3056
       771
     -3057
     -3058
     -3059
     -3060
     -3061
       772
     -3062
     -3063
     -3064
     -3065
     -3066
       773
     -3067
       774
     -3068
       775
     -3069
     -3070
     -3071
     -3072
     -3073
       776
     -3074
     -3075
       777
     -3076
       778
     -3077
       779
     -3078
     -3079
     -3080
     -3081
       780
       781
     -3082
     -3083
     -3084
     -3085
     -3086
     -3087
     -3088
     -3089
     -3090
     -3091
     -3092
     -3093
     -3094
       782
     -3095
     -3096
     -3097
     -3098
       783
     -3099
       784
     -3100
     -3101
     -3102
     -3103
     -3104
     -3105
     -3106
     -3107
     -3108
     -3109
     -3110
     -3111
       785
     -3112
       786
       787
     -3113
     -3114
     -3115
     -3116
     -3117
     -3118
     -3119
     -3120
     -3121
       788
     -3122
     -3123
     -3124
       789
     -3125
       790
     -3126
       791
       792
     -3127
     -3128
     -3129
     -3130
     -3131
     -3132
     -3133
     -3134
     -3135
     -3136
       793
       794
     -3137
     -3138
     -3139
     -3140
     -3141
     -3142
     -3143
     -3144
       795
     -3145
       796
     -3146
     -3147
     -3148
     -3149
     -3150
     -3151
       797
       798
     -3152
     -3153
     -3154
     -3155
       799
       800
     -3156
     -3157
     -3158
     -3159
     -3160
     -3161
       801
       802
     -3162
     -3163
     -3164
     -3165
     -3166
       803
       804
     -3167
     -3168
     -3169
     -3170
     -3171
       805
       806
     -3172
     -3173
     -3174
       807
     -3175
     -3176
     -3177
     -3178
       808
     -3179
       809
     -3180
       810
     -3181
       811
     -3182
       812
     -3183
     -3184
     -3185
     -3186
     -3187
     -3188
     -3189
     -3190
     -3191
     -3192
     -3193
     -3194
     -3195
       813
       814
       815
     -3196
     -3197
     -3198
     -3199
     -3200
     -3201
     -3202
       816
     -3203
     -3204
     -3205
     -3206
     -3207
     -3208
     -3209
     -3210
       817
     -3211
       818
     -3212
     -3213
     -3214
     -3215
       819
       820
     -3216
     -3217
     -3218
     -3219
     -3220
     -3221
     -3222
     -3223
       821
     -3224
     -3225
     -3226
     -3227
       822
       823
     -3228
     -3229
     -3230
       824
       825
     -3231
       826
       827
     -3232
     -3233
     -3234
       828
     -3235
     -3236
     -3237
       829
     -3238
     -3239
     -3240
     -3241
     -3242
     -3243
     -3244
     -3245
     -3246
       830
       831
     -3247
     -3248
     -3249
     -3250
     -3251
     -3252
       832
       833
     -3253
     -3254
     -3255
     -3256
     -3257
     -3258
     -3259
     -3260
     -3261
     -3262
     -3263
     -3264
     -3265
     -3266
       834
     -3267
       835
       836
     -3268
     -3269
     -3270
       837
       838
     -3271
     -3272
     -3273
     -3274
     -3275
     -3276
       839
     -3277
     -3278
     -3279
     -3280
       840
       841
     -3281
     -3282
     -3283
       842
     -3284
     -3285
     -3286
     -3287
       843
     -3288
     -3289
     -3290
     -3291
       844
       845
     -3292
     -3293
     -3294
     -3295
     -3296
     -3297
       846
       847
     -3298
       848
       849
       850
       851
     -3299
     -3300
     -3301
     -3302
       852
     -3303
     -3304
     -3305
     -3306
     -3307
     -3308
     -3309
     -3310
     -3311
     -3312
     -3313
     -3314
     -3315
     -3316
     -3317
     -3318
     -3319
     -3320
       853
     -3321
     -3322
     -3323
     -3324
       854
     -3325
     -3326
       855
     -3327
     -3328
     -3329
     -3330
       856
     -3331
       857
       858
     -3332
     -3333
       859
     -3334
     -3335
     -3336
     -3337
       860
       861
       862
     -3338
     -3339
     -3340
     -3341
     -3342
     -3343
     -3344
       863
     -3345
     -3346
     -3347
       864
     -3348
     -3349
     -3350
     -3351
     -3352
     -3353
     -3354
     -3355
       865
     -3356
     -3357
       866
       867
     -3358
     -3359
     -3360
     -3361
     -3362
       868
       869
     -3363
     -3364
     -3365
     -3366
     -3367
     -3368
     -3369
     -3370
     -3371
     -3372
     -3373
     -3374
       870
     -3375
     -3376
     -3377
     -3378
     -3379
     -3380
     -3381
       871
     -3382
     -3383
     -3384
     -3385
     -3386
     -3387
     -3388
       872
       873
     -3389
     -3390
       874
     -3391
     -3392
       875
       876
       877
     -3393
     -3394
     -3395
     -3396
     -3397
     -3398
     -3399
       878
     -3400
     -3401
       879
     -3402
     -3403
     -3404
     -3405
       880
     -3406
     -3407
     -3408
     -3409
     -3410
     -3411
     -3412
     -3413
     -3414
       881
       882
     -3415
     -3416
     -3417
       883
     -3418
     -3419
     -3420
       884
       885
     -3421
       886
       887
       888
       889
       890
     -3422
       891
     -3423
     -3424
       892
       893
     -3425
     -3426
     -3427
     -3428
     -3429
     -3430
     -3431
     -3432
     -3433
     -3434
     -3435
     -3436
     -3437
     -3438
       894
       895
       896
     -3439
     -3440
     -3441
     -3442
       897
     -3443
       898
       899
     -3444
     -3445
     -3446
     -3447
     -3448
     -3449
       900
     -3450
     -3451
     -3452
     -3453
     -3454
     -3455
       901
     -3456
     -3457
     -3458
       902
     -3459
     -3460
     -3461
     -3462
     -3463
     -3464
     -3465
     -3466
       903
     -3467
       904
     -3468
     -3469
     -3470
     -3471
       905
     -3472
     -3473
       906
       907
     -3474
     -3475
     -3476
     -3477
     -3478
       908
     -3479
     -3480
     -3481
     -3482
     -3483
     -3484
     -3485
     -3486
     -3487
     -3488
     -3489
       909
     -3490
     -3491
     -3492
     -3493
     -3494
     -3495
       910
     -3496
     -3497
     -3498
     -3499
     -3500
       911
     -3501
     -3502
     -3503
     -3504
     -3505
     -3506
     -3507
     -3508
     -3509
     -3510
     -3511
       912
     -3512
     -3513
     -3514
     -3515
     -3516
     -3517
     -3518
     -3519
       913
     -3520
       914
     -3521
     -3522
     -3523
     -3524
     -3525
     -3526
       915
       916
     -3527
     -3528
       917
     -3529
       918
     -3530
     -3531
     -3532
     -3533
       919
     -3534
     -3535
     -3536
     -3537
     -3538
     -3539
     -3540
       920
     -3541
     -3542
       921
     -3543
     -3544
     -3545
       922
       923
     -3546
       924
     -3547
     -3548
     -3549
     -3550
       925
       926
     -3551
       927
     -3552
     -3553
     -3554
     -3555
     -3556
     -3557
     -3558
       928
     -3559
     -3560
     -3561
     -3562
     -3563
     -3564
       929
     -3565
     -3566
     -3567
     -3568
       930
       931
       932
     -3569
     -3570
     -3571
     -3572
       933
       934
     -3573
       935
     -3574
     -3575
     -3576
     -3577
     -3578
     -3579
       936
     -3580
     -3581
     -3582
     -3583
     -3584
     -3585
       937
       938
     -3586
       939
     -3587
       940
     -3588
     -3589
     -3590
     -3591
     -3592
     -3593
     -3594
     -3595
       941
     -3596
       942
     -3597
       943
     -3598
     -3599
       944
       945
     -3600
     -3601
     -3602
     -3603
     -3604
     -3605
     -3606
     -3607
     -3608
     -3609
     -3610
       946
       947
     -3611
     -3612
       948
     -3613
     -3614
     -3615
     -3616
       949
       950
     -3617
     -3618
     -3619
     -3620
     -3621
       951
     -3622
     -3623
     -3624
     -3625
       952
     -3626
     -3627
     -3628
     -3629
     -3630
     -3631
     -3632
     -3633
     -3634
     -3635
       953
       954
       955
     -3636
     -3637
     -3638
     -3639
       956
     -3640
     -3641
     -3642
       957
     -3643
     -3644
     -3645
       958
     -3646
     -3647
     -3648
       959
     -3649
       960
     -3650
     -3651
     -3652
     -3653
     -3654
     -3655
       961
     -3656
     -3657
     -3658
       962
     -3659
     -3660
     -3661
       963
     -3662
     -3663
     -3664
     -3665
     -3666
     -3667
       964
     -3668
       965
       966
     -3669
     -3670
     -3671
       967
       968
       969
     -3672
     -3673
     -3674
     -3675
     -3676
     -3677
     -3678
     -3679
     -3680
     -3681
     -3682
     -3683
       970
       971
       972
     -3684
     -3685
       973
     -3686
     -3687
     -3688
     -3689
     -3690
     -3691
     -3692
     -3693
     -3694
     -3695
       974
     -3696
     -3697
     -3698
     -3699
       975
     -3700
     -3701
     -3702
       976
     -3703
     -3704
     -3705
     -3706
     -3707
       977
       978
     -3708
     -3709
     -3710
     -3711
     -3712
     -3713
     -3714
       979
     -3715
       980
     -3716
     -3717
     -3718
     -3719
     -3720
     -3721
     -3722
     -3723
     -3724
     -3725
     -3726
     -3727
     -3728
     -3729
     -3730
       981
     -3731
     -3732
     -3733
       982
       983
       984
     -3734
     -3735
     -3736
     -3737
     -3738
     -3739
     -3740
     -3741
     -3742
     -3743
     -3744
       985
     -3745
     -3746
     -3747
     -3748
       986
     -3749
     -3750
       987
     -3751
     -3752
     -3753
     -3754
     -3755
     -3756
     -3757
     -3758
     -3759
     -3760
     -3761
     -3762
     -3763
     -3764
       988
     -3765
     -3766
     -3767
     -3768
     -3769
     -3770
     -3771
     -3772
     -3773
     -3774
       989
     -3775
     -3776
     -3777
     -3778
     -3779
     -3780
     -3781
     -3782
       990
       991
       992
     -3783
     -3784
     -3785
     -3786
     -3787
     -3788
     -3789
     -3790
     -3791
     -3792
     -3793
     -3794
     -3795
     -3796
     -3797
     -3798
     -3799
     -3800
     -3801
     -3802
     -3803
     -3804
     -3805
       993
     -3806
     -3807
     -3808
     -3809
     -3810
     -3811
     -3812
       994
     -3813
     -3814
       995
     -3815
       996
     -3816
     -3817
       997
     -3818
     -3819
     -3820
     -3821
     -3822
     -3823
     -3824
     -3825
     -3826
     -3827
     -3828
     -3829
     -3830
       998
     -3831
     -3832
     -3833
     -3834
     -3835
     -3836
     -3837
     -3838
     -3839
     -3840
     -3841
     -3842
     -3843
     -3844
     -3845
     -3846
       999
     -3847
     -3848
      1000
     -3849
     -3850
     -3851
     -3852
     -3853
     -3854
     -3855
     -3856
     -3857
     -3858
      1001
     -3859
      1002
     -3860
     -3861
      1003
      1004
     -3862
     -3863
     -3864
     -3865
     -3866
     -3867
     -3868
      1005
     -3869
     -3870
     -3871
      1006
      1007
      1008
     -3872
     -3873
     -3874
     -3875
     -3876
     -3877
     -3878
     -3879
     -3880
     -3881
     -3882
      1009
      1010
     -3883
     -3884
     -3885
     -3886
     -3887
     -3888
     -3889
     -3890
     -3891
     -3892
     -3893
     -3894
      1011
     -3895
      1012
     -3896
      1013
      1014
     -3897
     -3898
     -3899
     -3900
     -3901
     -3902
     -3903
     -3904
     -3905
     -3906
     -3907
     -3908
      1015
     -3909
      1016
     -3910
      1017
     -3911
     -3912
     -3913
     -3914
     -3915
     -3916
     -3917
     -3918
     -3919
     -3920
     -3921
      1018
      1019
      1020
     -3922
      1021
      1022
     -3923
     -3924
     -3925
     -3926
      1023
     -3927
      1024
     -3928
     -3929
     -3930
      1025
      1026
     -3931
     -3932
     -3933
      1027
     -3934
     -3935
      1028
     -3936
     -3937
     -3938
     -3939
     -3940
     -3941
     -3942
     -3943
     -3944
     -3945
     -3946
      1029
     -3947
     -3948
     -3949
     -3950
      1030
     -3951
     -3952
      1031
      1032
     -3953
     -3954
     -3955
     -3956
     -3957
     -3958
     -3959
      1033
     -3960
     -3961
      1034
     -3962
      1035
     -3963
      1036
     -3964
     -3965
     -3966
      1037
      1038
     -3967
      1039
     -3968
     -3969
     -3970
     -3971
     -3972
     -3973
     -3974
      1040
     -3975
      1041
     -3976
     -3977
     -3978
     -3979
      1042
     -3980
     -3981
     -3982
      1043
      1044
     -3983
     -3984
     -3985
      1045
     -3986
     -3987
     -3988
     -3989
     -3990
     -3991
     -3992
     -3993
     -3994
     -3995
     -3996
     -3997
     -3998
      1046
     -3999
     -4000
     -4001
     -4002
     -4003
     -4004
      1047
      1048
     -4005
     -4006
     -4007
     -4008
     -4009
     -4010
      1049
     -4011
      1050
     -4012
     -4013
     -4014
     -4015
     -4016
     -4017
     -4018
     -4019
     -4020
     -4021
     -4022
     -4023
     -4024
     -4025
     -4026
      1051
      1052
      1053
     -4027
     -4028
     -4029
      1054
     -4030
      1055
     -4031
     -4032
      1056
     -4033
     -4034
     -4035
      1057
     -4036
      1058
     -4037
     -4038
     -4039
     -4040
      1059
     -4041
      1060
      1061
      1062
     -4042
     -4043
     -4044
      1063
      1064
     -4045
     -4046
     -4047
     -4048
     -4049
     -4050
     -4051
     -4052
     -4053
      1065
     -4054
      1066
     -4055
     -4056
     -4057
     -4058
      1067
      1068
     -4059
     -4060
     -4061
      1069
     -4062
     -4063
     -4064
     -4065
     -4066
     -4067
     -4068
      1070
      1071
     -4069
     -4070
     -4071
      1072
      1073
      1074
      1075
     -4072
     -4073
     -4074
      1076
     -4075
     -4076
     -4077
      1077
      1078
     -4078
      1079
     -4079
     -4080
     -4081
     -4082
     -4083
     -4084
     -4085
     -4086
     -4087
     -4088
      1080
     -4089
     -4090
     -4091
     -4092
     -4093
     -4094
     -4095
     -4096
     -4097
      1081
     -4098
     -4099
     -4100
      1082
     -4101
     -4102
      1083
      1084
     -4103
     -4104
     -4105
     -4106
     -4107
     -4108
     -4109
      1085
     -4110
     -4111
     -4112
     -4113
     -4114
     -4115
     -4116
     -4117
     -4118
     -4119
     -4120
     -4121
     -4122
     -4123
      1086
     -4124
      1087
     -4125
      1088
     -4126
     -4127
     -4128
     -4129
     -4130
     -4131
     -4132
     -4133
     -4134
     -4135
     -4136
     -4137
     -4138
     -4139
     -4140
     -4141
     -4142
     -4143
     -4144
     -4145
     -4146
     -4147
      1089
      1090
      1091
     -4148
     -4149
     -4150
     -4151
      1092
     -4152
      1093
     -4153
     -4154
     -4155
     -4156
     -4157
     -4158
      1094
      1095
     -4159
      1096
     -4160
     -4161
     -4162
     -4163
      1097
     -4164
     -4165
     -4166
     -4167
     -4168
     -4169
     -4170
     -4171
      1098
     -4172
     -4173
     -4174
      1099
     -4175
     -4176
      1100
      1101
     -4177
     -4178
     -4179
     -4180
     -4181
     -4182
     -4183
     -4184
     -4185
     -4186
     -4187
     -4188
     -4189
     -4190
     -4191
     -4192
     -4193
     -4194
     -4195
     -4196
     -4197
     -4198
     -4199
     -4200
      1102
     -4201
     -4202
     -4203
     -4204
      1103
     -4205
     -4206
     -4207
      1104
      1105
     -4208
     -4209
     -4210
     -4211
     -4212
     -4213
     -4214
     -4215
     -4216
      1106
      1107
     -4217
     -4218
     -4219
     -4220
     -4221
      1108
     -4222
     -4223
     -4224
     -4225
     -4226
     -4227
     -4228
      1109
     -4229
     -4230
     -4231
      1110
     -4232
     -4233
     -4234
     -4235
     -4236
      1111
     -4237
      1112
     -4238
      1113
     -4239
     -4240
     -4241
     -4242
     -4243
     -4244
     -4245
     -4246
     -4247
     -4248
     -4249
     -4250
     -4251
      1114
     -4252
     -4253
     -4254
     -4255
     -4256
     -4257
     -4258
     -4259
     -4260
     -4261
      1115
     -4262
     -4263
      1116
      1117
     -4264
     -4265
     -4266
     -4267
     -4268
      1118
     -4269
     -4270
     -4271
     -4272
     -4273
      1119
      1120
      1121
     -4274
     -4275
     -4276
     -4277
     -4278
     -4279
     -4280
      1122
     -4281
     -4282
     -4283
     -4284
     -4285
     -4286
     -4287
     -4288
     -4289
     -4290
     -4291
     -4292
     -4293
     -4294
     -4295
     -4296
      1123
     -4297
     -4298
     -4299
      1124
      1125
      1126
     -4300
     -4301
     -4302
     -4303
     -4304
      1127
     -4305
     -4306
     -4307
     -4308
      1128
     -4309
     -4310
     -4311
     -4312
     -4313
     -4314
     -4315
     -4316
     -4317
     -4318
     -4319
     -4320
     -4321
      1129
      1130
     -4322
     -4323
     -4324
     -4325
      1131
      1132
      1133
     -4326
     -4327
     -4328
     -4329
     -4330
     -4331
     -4332
      1134
     -4333
      1135
     -4334
     -4335
     -4336
     -4337
     -4338
     -4339
     -4340
     -4341
     -4342
     -4343
      1136
     -4344
     -4345
     -4346
      1137
     -4347
     -4348
     -4349
     -4350
      1138
      1139
     -4351
     -4352
     -4353
     -4354
     -4355
     -4356
     -4357
     -4358
     -4359
     -4360
     -4361
     -4362
      1140
      1141
      1142
     -4363
     -4364
      1143
     -4365
     -4366
     -4367
     -4368
     -4369
     -4370
     -4371
     -4372
     -4373
     -4374
     -4375
     -4376
     -4377
     -4378
     -4379
      1144
      1145
      1146
     -4380
     -4381
     -4382
      1147
     -4383
      1148
      1149
     -4384
     -4385
     -4386
     -4387
      1150
      1151
     -4388
     -4389
     -4390
     -4391
     -4392
     -4393
     -4394
     -4395
     -4396
      1152
     -4397
     -4398
     -4399
      1153
     -4400
     -4401
     -4402
     -4403
     -4404
      1154
      1155
      1156
     -4405
     -4406
     -4407
     -4408
     -4409
      1157
     -4410
     -4411
     -4412
     -4413
     -4414
     -4415
     -4416
     -4417
     -4418
      1158
     -4419
     -4420
     -4421
     -4422
     -4423
      1159
     -4424
     -4425
     -4426
     -4427
     -4428
     -4429
      1160
     -4430
     -4431
     -4432
     -4433
      1161
      1162
     -4434
     -4435
     -4436
     -4437
     -4438
     -4439
     -4440
     -4441
     -4442
     -4443
     -4444
     -4445
     -4446
     -4447
     -4448
     -4449
     -4450
     -4451
     -4452
     -4453
     -4454
     -4455
      1163
     -4456
     -4457
      1164
     -4458
      1165
     -4459
      1166
     -4460
     -4461
     -4462
      1167
      1168
     -4463
     -4464
     -4465
     -4466
     -4467
     -4468
     -4469
     -4470
     -4471
     -4472
     -4473
     -4474
     -4475
     -4476
     -4477
     -4478
      1169
      1170
      1171
     -4479
     -4480
     -4481
      1172
      1173
     -4482
     -4483
     -4484
     -4485
     -4486
     -4487
     -4488
     -4489
      1174
     -4490
      1175
     -4491
     -4492
     -4493
      1176
      1177
     -4494
     -4495
     -4496
     -4497
     -4498
     -4499
     -4500
     -4501
     -4502
      1178
     -4503
     -4504
     -4505
      1179
      1180
     -4506
     -4507
      1181
     -4508
      1182
     -4509
     -4510
      1183
     -4511
      1184
     -4512
     -4513
     -4514
      1185
      1186
     -4515
     -4516
     -4517
     -4518
     -4519
     -4520
      1187
     -4521
     -4522
     -4523
     -4524
      1188
      1189
     -4525
     -4526
     -4527
     -4528
     -4529
     -4530
     -4531
     -4532
      1190
      1191
     -4533
     -4534
     -4535
     -4536
      1192
     -4537
     -4538
     -4539
     -4540
     -4541
     -4542
     -4543
      1193
      1194
     -4544
      1195
     -4545
     -4546
     -4547
      1196
     -4548
     -4549
     -4550
      1197
     -4551
     -4552
     -4553
     -4554
     -4555
      1198
     -4556
     -4557
      1199
     -4558
     -4559
     -4560
     -4561
     -4562
      1200
     -4563
      1201
     -4564
     -4565
     -4566
     -4567
     -4568
      1202
     -4569
     -4570
     -4571
      1203
     -4572
     -4573
     -4574
      1204
     -4575
     -4576
     -4577
     -4578
     -4579
     -4580
     -4581
     -4582
     -4583
     -4584
      1205
      1206
     -4585
     -4586
     -4587
     -4588
     -4589
      1207
     -4590
      1208
     -4591
     -4592
     -4593
     -4594
     -4595
     -4596
     -4597
     -4598
      1209
     -4599
     -4600
     -4601
     -4602
     -4603
     -4604
      1210
     -4605
     -4606
     -4607
     -4608
     -4609
     -4610
     -4611
     -4612
     -4613
     -4614
     -4615
     -4616
     -4617
     -4618
     -4619
     -4620
     -4621
     -4622
     -4623
     -4624
     -4625
      1211
     -4626
     -4627
     -4628
     -4629
     -4630
     -4631
     -4632
     -4633
     -4634
     -4635
     -4636
     -4637
     -4638
     -4639
     -4640
     -4641
     -4642
     -4643
      1212
     -4644
     -4645
      1213
      1214
      1215
     -4646
     -4647
     -4648
     -4649
     -4650
     -4651
     -4652
      1216
     -4653
     -4654
     -4655
      1217
      1218
     -4656
     -4657
     -4658
     -4659
     -4660
     -4661
     -4662
     -4663
      1219
      1220
      1221
     -4664
     -4665
     -4666
     -4667
     -4668
     -4669
     -4670
     -4671
     -4672
     -4673
     -4674
     -4675
     -4676
     -4677
      1222
      1223
     -4678
     -4679
     -4680
     -4681
     -4682
     -4683
     -4684
     -4685
      1224
      1225
     -4686
     -4687
     -4688
     -4689
     -4690
     -4691
     -4692
     -4693
     -4694
     -4695
     -4696
     -4697
      1226
     -4698
      1227
      1228
     -4699
     -4700
     -4701
     -4702
     -4703
     -4704
     -4705
      1229
     -4706
     -4707
      1230
     -4708
     -4709
      1231
     -4710
      1232
     -4711
      1233
     -4712
     -4713
     -4714
     -4715
     -4716
     -4717
     -4718
      1234
     -4719
      1235
     -4720
     -4721
     -4722
     -4723
      1236
      1237
     -4724
     -4725
     -4726
     -4727
     -4728
     -4729
     -4730
     -4731
     -4732
     -4733
     -4734
     -4735
     -4736
     -4737
     -4738
     -4739
     -4740
      1238
      1239
     -4741
     -4742
      1240
     -4743
     -4744
     -4745
     -4746
     -4747
     -4748
     -4749
     -4750
     -4751
     -4752
     -4753
     -4754
     -4755
     -4756
     -4757
     -4758
      1241
     -4759
      1242
     -4760
      1243
     -4761
     -4762
     -4763
      1244
     -4764
     -4765
     -4766
     -4767
     -4768
      1245
     -4769
     -4770
     -4771
     -4772
     -4773
     -4774
     -4775
      1246
      1247
     -4776
     -4777
     -4778
      1248
     -4779
     -4780
     -4781
     -4782
     -4783
     -4784
     -4785
     -4786
     -4787
     -4788
     -4789
     -4790
     -4791
      1249
     -4792
     -4793
      1250
     -4794
     -4795
     -4796
      1251
     -4797
     -4798
     -4799
      1252
      1253
      1254
     -4800
     -4801
     -4802
     -4803
     -4804
     -4805
     -4806
     -4807
     -4808
     -4809
     -4810
      1255
     -4811
      1256
     -4812
     -4813
     -4814
     -4815
     -4816
     -4817
     -4818
     -4819
      1257
      1258
     -4820
     -4821
      1259
     -4822
     -4823
     -4824
     -4825
     -4826
     -4827
      1260
     -4828
      1261
      1262
     -4829
     -4830
     -4831
     -4832
     -4833
     -4834
      1263
     -4835
     -4836
     -4837
     -4838
      1264
      1265
     -4839
      1266
     -4840
     -4841
     -4842
     -4843
     -4844
     -4845
      1267
     -4846
     -4847
     -4848
     -4849
     -4850
     -4851
     -4852
      1268
     -4853
     -4854
     -4855
      1269
     -4856
     -4857
     -4858
     -4859
     -4860
     -4861
     -4862
     -4863
     -4864
     -4865
     -4866
     -4867
      1270
     -4868
     -4869
     -4870
     -4871
     -4872
      1271
     -4873
     -4874
      1272
     -4875
     -4876
     -4877
     -4878
     -4879
     -4880
      1273
      1274
     -4881
      1275
     -4882
     -4883
      1276
      1277
     -4884
      1278
      1279
     -4885
     -4886
     -4887
      1280
     -4888
     -4889
     -4890
     -4891
     -4892
     -4893
     -4894
     -4895
     -4896
     -4897
     -4898
     -4899
     -4900
     -4901
      1281
     -4902
     -4903
     -4904
     -4905
      1282
     -4906
     -4907
     -4908
     -4909
     -4910
      1283
     -4911
     -4912
      1284
     -4913
     -4914
      1285
     -4915
     -4916
     -4917
     -4918
     -4919
     -4920
      1286
      1287
     -4921
     -4922
     -4923
      1288
      1289
     -4924
      1290
     -4925
     -4926
     -4927
     -4928
     -4929
     -4930
     -4931
     -4932
     -4933
     -4934
     -4935
     -4936
     -4937
     -4938
     -4939
     -4940
     -4941
     -4942
      1291
      1292
     -4943
     -4944
     -4945
      1293
     -4946
     -4947
     -4948
     -4949
     -4950
     -4951
     -4952
     -4953
      1294
     -4954
     -4955
     -4956
     -4957
      1295
     -4958
     -4959
      1296
     -4960
     -4961
     -4962
      1297
     -4963
     -4964
     -4965
     -4966
     -4967
     -4968
     -4969
      1298
      1299
     -4970
     -4971
     -4972
     -4973
     -4974
     -4975
     -4976
      1300
     -4977
     -4978
     -4979
     -4980
     -4981
      1301
     -4982
     -4983
     -4984
     -4985
     -4986
     -4987
     -4988
     -4989
     -4990
     -4991
      1302
      1303
     -4992
      1304
     -4993
     -4994
     -4995
     -4996
      1305
     -4997
     -4998
     -4999
      1306
     -5000
     -5001
      1307
     -5002
     -5003
     -5004
     -5005
     -5006
     -5007
     -5008
     -5009
     -5010
     -5011
     -5012
     -5013
     -5014
     -5015
     -5016
     -5017
     -5018
     -5019
     -5020
     -5021
     -5022
     -5023
     -5024
     -5025
      1308
     -5026
      1309
     -5027
     -5028
      1310
     -5029
     -5030
     -5031
     -5032
     -5033
     -5034
     -5035
      1311
     -5036
     -5037
     -5038
     -5039
     -5040
      1312
     -5041
     -5042
     -5043
     -5044
     -5045
     -5046
      1313
     -5047
     -5048
     -5049
     -5050
      1314
     -5051
     -5052
     -5053
     -5054
     -5055
     -5056
     -5057
     -5058
     -5059
     -5060
     -5061
     -5062
     -5063
     -5064
     -5065
     -5066
     -5067
     -5068
      1315
     -5069
     -5070
     -5071
     -5072
     -5073
     -5074
     -5075
     -5076
     -5077
     -5078
      1316
      1317
     -5079
      1318
     -5080
     -5081
     -5082
      1319
     -5083
     -5084
      1320
      1321
     -5085
     -5086
     -5087
     -5088
     -5089
     -5090
     -5091
     -5092
     -5093
     -5094
     -5095
      1322
     -5096
      1323
     -5097
      1324
     -5098
      1325
     -5099
     -5100
     -5101
     -5102
     -5103
     -5104
     -5105
     -5106
     -5107
     -5108
     -5109
     -5110
     -5111
      1326
     -5112
     -5113
      1327
     -5114
     -5115
     -5116
     -5117
     -5118
     -5119
     -5120
      1328
     -5121
      1329
     -5122
      1330
     -5123
     -5124
     -5125
     -5126
     -5127
     -5128
     -5129
     -5130
     -5131
     -5132
     -5133
     -5134
     -5135
     -5136
     -5137
      1331
     -5138
     -5139
     -5140
     -5141
      1332
     -5142
     -5143
     -5144
     -5145
     -5146
     -5147
     -5148
     -5149
      1333
     -5150
     -5151
     -5152
      1334
     -5153
      1335
     -5154
      1336
     -5155
      1337
      1338
     -5156
     -5157
     -5158
     -5159
     -5160
     -5161
     -5162
     -5163
     -5164
     -5165
      1339
     -5166
      1340
     -5167
     -5168
     -5169
     -5170
     -5171
     -5172
     -5173
     -5174
     -5175
     -5176
      1341
     -5177
     -5178
     -5179
     -5180
     -5181
     -5182
     -5183
     -5184
     -5185
     -5186
      1342
     -5187
     -5188
     -5189
     -5190
      1343
     -5191
     -5192
     -5193
      1344
     -5194
      1345
     -5195
     -5196
     -5197
     -5198
     -5199
     -5200
     -5201
     -5202
     -5203
     -5204
     -5205
     -5206
     -5207
     -5208
     -5209
     -5210
     -5211
     -5212
     -5213
      1346
      1347
      1348
     -5214
     -5215
     -5216
     -5217
     -5218
     -5219
      1349
     -5220
     -5221
     -5222
     -5223
     -5224
     -5225
     -5226
     -5227
     -5228
     -5229
     -5230
      1350
      1351
      1352
     -5231
     -5232
     -5233
     -5234
     -5235
     -5236
      1353
      1354
     -5237
      1355
      1356
     -5238
     -5239
     -5240
     -5241
     -5242
     -5243
      1357
      1358
      1359
     -5244
     -5245
     -5246
      1360
     -5247
     -5248
     -5249
      1361
      1362
     -5250
     -5251
      1363
     -5252
     -5253
     -5254
     -5255
     -5256
     -5257
     -5258
     -5259
     -5260
      1364
     -5261
      1365
     -5262
      1366
     -5263
      1367
      1368
     -5264
     -5265
     -5266
     -5267
     -5268
     -5269
     -5270
     -5271
     -5272
      1369
      1370
      1371
     -5273
      1372
     -5274
      1373
     -5275
     -5276
     -5277
     -5278
     -5279
      1374
     -5280
     -5281
     -5282
     -5283
      1375
      1376
     -5284
     -5285
     -5286
     -5287
     -5288
      1377
     -5289
     -5290
     -5291
     -5292
     -5293
     -5294
     -5295
      1378
     -5296
     -5297
     -5298
     -5299
     -5300
     -5301
     -5302
     -5303
     -5304
     -5305
      1379
     -5306
     -5307
      1380
      1381
     -5308
      1382
      1383
     -5309
     -5310
     -5311
     -5312
     -5313
     -5314
     -5315
     -5316
     -5317
     -5318
     -5319
     -5320
     -5321
      1384
      1385
      1386
     -5322
     -5323
     -5324
     -5325
     -5326
     -5327
     -5328
     -5329
     -5330
     -5331
     -5332
     -5333
     -5334
     -5335
     -5336
     -5337
     -5338
     -5339
      1387
      1388
     -5340
      1389
     -5341
     -5342
     -5343
     -5344
      1390
     -5345
     -5346
     -5347
     -5348
      1391
     -5349
      1392
     -5350
     -5351
     -5352
     -5353
      1393
     -5354
     -5355
     -5356
      1394
     -5357
     -5358
     -5359
     -5360
      1395
      1396
     -5361
     -5362
     -5363
     -5364
     -5365
     -5366
      1397
     -5367
     -5368
     -5369
     -5370
     -5371
      1398
     -5372
     -5373
     -5374
     -5375
     -5376
     -5377
     -5378
     -5379
      1399
     -5380
     -5381
     -5382
     -5383
     -5384
     -5385
     -5386
     -5387
     -5388
      1400
     -5389
     -5390
     -5391
      1401
     -5392
     -5393
     -5394
     -5395
     -5396
      1402
     -5397
     -5398
     -5399
     -5400
     -5401
     -5402
     -5403
      1403
      1404
     -5404
     -5405
      1405
     -5406
     -5407
     -5408
      1406
     -5409
      1407
     -5410
      1408
     -5411
     -5412
     -5413
     -5414
     -5415
     -5416
     -5417
      1409
     -5418
     -5419
     -5420
      1410
     -5421
     -5422
     -5423
     -5424
     -5425
     -5426
     -5427
     -5428
     -5429
     -5430
     -5431
     -5432
      1411
     -5433
     -5434
     -5435
     -5436
      1412
     -5437
     -5438
     -5439
     -5440
     -5441
      1413
      1414
     -5442
     -5443
      1415
      1416
      1417
      1418
     -5444
     -5445
     -5446
     -5447
     -5448
     -5449
     -5450
     -5451
     -5452
     -5453
     -5454
     -5455
      1419
      1420
      1421
     -5456
     -5457
     -5458
      1422
     -5459
     -5460
     -5461
     -5462
     -5463
      1423
     -5464
      1424
     -5465
      1425
     -5466
     -5467
     -5468
     -5469
      1426
     -5470
     -5471
     -5472
     -5473
      1427
     -5474
     -5475
     -5476
     -5477
     -5478
     -5479
     -5480
      1428
      1429
      1430
     -5481
     -5482
     -5483
     -5484
     -5485
     -5486
     -5487
     -5488
     -5489
     -5490
     -5491
     -5492
     -5493
     -5494
     -5495
      1431
      1432
     -5496
     -5497
     -5498
      1433
     -5499
      1434
     -5500
     -5501
     -5502
     -5503
     -5504
      1435
      1436
      1437
     -5505
     -5506
     -5507
     -5508
     -5509
     -5510
     -5511
     -5512
     -5513
     -5514
     -5515
     -5516
     -5517
     -5518
     -5519
     -5520
     -5521
      1438
     -5522
      1439
     -5523
      1440
     -5524
     -5525
     -5526
      1441
     -5527
      1442
     -5528
     -5529
     -5530
     -5531
     -5532
     -5533
     -5534
     -5535
     -5536
     -5537
     -5538
     -5539
     -5540
     -5541
      1443
     -5542
     -5543
      1444
      1445
     -5544
     -5545
     -5546
     -5547
     -5548
     -5549
     -5550
     -5551
     -5552
      1446
      1447
     -5553
     -5554
     -5555
     -5556
     -5557
     -5558
     -5559
     -5560
     -5561
     -5562
     -5563
     -5564
     -5565
     -5566
     -5567
     -5568
     -5569
     -5570
      1448
     -5571
     -5572
      1449
     -5573
     -5574
     -5575
     -5576
     -5577
     -5578
     -5579
     -5580
     -5581
      1450
     -5582
      1451
     -5583
     -5584
     -5585
     -5586
     -5587
     -5588
     -5589
     -5590
     -5591
     -5592
     -5593
      1452
     -5594
     -5595
     -5596
     -5597
     -5598
     -5599
     -5600
     -5601
     -5602
     -5603
     -5604
     -5605
      1453
     -5606
     -5607
     -5608
     -5609
     -5610
     -5611
      1454
     -5612
     -5613
     -5614
     -5615
     -5616
     -5617
     -5618
     -5619
      1455
     -5620
     -5621
     -5622
      1456
     -5623
      1457
     -5624
      1458
     -5625
     -5626
      1459
      1460
     -5627
     -5628
     -5629
     -5630
     -5631
     -5632
     -5633
     -5634
     -5635
     -5636
     -5637
     -5638
     -5639
      1461
     -5640
      1462
     -5641
     -5642
     -5643
     -5644
     -5645
     -5646
     -5647
     -5648
     -5649
     -5650
     -5651
     -5652
     -5653
     -5654
     -5655
     -5656
     -5657
     -5658
     -5659
     -5660
     -5661
     -5662
     -5663
     -5664
     -5665
     -5666
     -5667
     -5668
     -5669
      1463
      1464
      1465
     -5670
     -5671
     -5672
      1466
     -5673
     -5674
     -5675
     -5676
     -5677
     -5678
     -5679
      1467
     -5680
     -5681
     -5682
      1468
     -5683
      1469
     -5684
      1470
      1471
      1472
     -5685
     -5686
     -5687
      1473
     -5688
     -5689
     -5690
     -5691
     -5692
      1474
     -5693
     -5694
     -5695
      1475
     -5696
     -5697
     -5698
     -5699
     -5700
     -5701
     -5702
      1476
     -5703
     -5704
      1477
     -5705
     -5706
     -5707
     -5708
     -5709
     -5710
      1478
     -5711
      1479
     -5712
     -5713
     -5714
      1480
     -5715
     -5716
     -5717
     -5718
      1481
     -5719
      1482
     -5720
     -5721
     -5722
     -5723
     -5724
     -5725
     -5726
     -5727
     -5728
      1483
      1484
     -5729
     -5730
     -5731
     -5732
     -5733
     -5734
     -5735
     -5736
     -5737
      1485
      1486
      1487
     -5738
      1488
      1489
      1490
      1491
     -5739
     -5740
     -5741
     -5742
     -5743
      1492
     -5744
     -5745
     -5746
     -5747
     -5748
     -5749
      1493
      1494
     -5750
     -5751
     -5752
     -5753
     -5754
      1495
     -5755
     -5756
     -5757
     -5758
     -5759
     -5760
     -5761
     -5762
     -5763
     -5764
     -5765
     -5766
      1496
     -5767
      1497
     -5768
     -5769
     -5770
     -5771
      1498
     -5772
     -5773
     -5774
     -5775
     -5776
     -5777
     -5778
      1499
      1500
     -5779
     -5780
     -5781
     -5782
     -5783
     -5784
     -5785
     -5786
     -5787
     -5788
     -5789
      1501
      1502
      1503
     -5790
     -5791
     -5792
     -5793
     -5794
     -5795
      1504
     -5796
     -5797
     -5798
     -5799
     -5800
     -5801
     -5802
     -5803
     -5804
     -5805
     -5806
     -5807
     -5808
     -5809
     -5810
      1505
     -5811
     -5812
     -5813
     -5814
     -5815
     -5816
     -5817
     -5818
     -5819
     -5820
     -5821
     -5822
     -5823
     -5824
     -5825
      1506
     -5826
     -5827
     -5828
      1507
     -5829
     -5830
     -5831
      1508
     -5832
     -5833
     -5834
     -5835
     -5836
     -5837
     -5838
     -5839
     -5840
     -5841
     -5842
     -5843
     -5844
      1509
      1510
      1511
     -5845
      1512
      1513
     -5846
     -5847
     -5848
     -5849
      1514
      1515
      1516
     -5850
      1517
     -5851
     -5852
     -5853
     -5854
      1518
      1519
      1520
     -5855
     -5856
     -5857
     -5858
     -5859
     -5860
     -5861
     -5862
     -5863
     -5864
     -5865
     -5866
     -5867
      1521
      1522
      1523
     -5868
     -5869
     -5870
     -5871
     -5872
     -5873
     -5874
     -5875
     -5876
     -5877
     -5878
     -5879
     -5880
     -5881
     -5882
     -5883
     -5884
      1524
      1525
     -5885
      1526
     -5886
     -5887
      1527
     -5888
     -5889
     -5890
     -5891
     -5892
     -5893
     -5894
      1528
      1529
     -5895
     -5896
     -5897
     -5898
      1530
     -5899
     -5900
     -5901
     -5902
     -5903
     -5904
     -5905
     -5906
     -5907
      1531
     -5908
     -5909
     -5910
     -5911
     -5912
     -5913
     -5914
     -5915
     -5916
      1532
     -5917
     -5918
     -5919
     -5920
     -5921
     -5922
     -5923
      1533
     -5924
      1534
     -5925
     -5926
     -5927
     -5928
      1535
     -5929
      1536
     -5930
     -5931
      1537
     -5932
      1538
     -5933
      1539
     -5934
     -5935
     -5936
     -5937
     -5938
     -5939
     -5940
      1540
     -5941
     -5942
     -5943
     -5944
     -5945
      1541
      1542
     -5946
     -5947
     -5948
     -5949
     -5950
     -5951
     -5952
     -5953
     -5954
     -5955
      1543
     -5956
     -5957
      1544
     -5958
     -5959
     -5960
     -5961
     -5962
     -5963
     -5964
     -5965
     -5966
      1545
     -5967
     -5968
      1546
     -5969
      1547
     -5970
     -5971
     -5972
     -5973
      1548
     -5974
     -5975
     -5976
     -5977
     -5978
     -5979
     -5980
     -5981
     -5982
     -5983
     -5984
     -5985
     -5986
      1549
     -5987
     -5988
     -5989
     -5990
     -5991
     -5992
     -5993
     -5994
      1550
     -5995
     -5996
     -5997
      1551
     -5998
     -5999
     -6000
      1552
      1553
     -6001
     -6002
     -6003
     -6004
     -6005
     -6006
     -6007
     -6008
     -6009
      1554
     -6010
     -6011
     -6012
     -6013
      1555
     -6014
     -6015
     -6016
     -6017
     -6018
     -6019
     -6020
     -6021
     -6022
     -6023
      1556
     -6024
      1557
      1558
     -6025
     -6026
     -6027
      1559
     -6028
     -6029
     -6030
     -6031
     -6032
     -6033
     -6034
     -6035
     -6036
     -6037
      1560
      1561
     -6038
     -6039
     -6040
     -6041
     -6042
     -6043
      1562
      1563
     -6044
      1564
     -6045
     -6046
     -6047
     -6048
     -6049
     -6050
     -6051
     -6052
     -6053
     -6054
      1565
     -6055
     -6056
     -6057
     -6058
     -6059
      1566
      1567
     -6060
     -6061
     -6062
     -6063
     -6064
     -6065
     -6066
     -6067
     -6068
      1568
     -6069
      1569
     -6070
     -6071
     -6072
     -6073
     -6074
     -6075
      1570
     -6076
     -6077
     -6078
     -6079
      1571
     -6080
     -6081
     -6082
      1572
     -6083
     -6084
      1573
     -6085
     -6086
     -6087
     -6088
     -6089
     -6090
      1574
      1575
      1576
      1577
     -6091
     -6092
     -6093
      1578
     -6094
     -6095
     -6096
     -6097
      1579
     -6098
      1580
     -6099
     -6100
     -6101
      1581
      1582
      1583
     -6102
     -6103
     -6104
      1584
     -6105
      1585
     -6106
     -6107
     -6108
     -6109
      1586
     -6110
     -6111
     -6112
     -6113
      1587
     -6114
     -6115
     -6116
      1588
     -6117
     -6118
     -6119
     -6120
      1589
     -6121
      1590
     -6122
     -6123
     -6124
     -6125
     -6126
     -6127
     -6128
     -6129
     -6130
     -6131
     -6132
     -6133
     -6134
     -6135
     -6136
     -6137
     -6138
     -6139
     -6140
      1591
      1592
     -6141
     -6142
     -6143
     -6144
      1593
      1594
      1595
      1596
     -6145
     -6146
     -6147
      1597
      1598
     -6148
     -6149
     -6150
     -6151
      1599
     -6152
     -6153
     -6154
     -6155
     -6156
     -6157
     -6158
     -6159
     -6160
     -6161
     -6162
     -6163
      1600
     -6164
     -6165
     -6166
     -6167
      1601
     -6168
     -6169
     -6170
     -6171
     -6172
     -6173
      1602
     -6174
     -6175
      1603
     -6176
     -6177
     -6178
     -6179
     -6180
     -6181
     -6182
     -6183
     -6184
     -6185
     -6186
      1604
      1605
     -6187
     -6188
     -6189
     -6190
     -6191
      1606
     -6192
     -6193
     -6194
     -6195
     -6196
     -6197
     -6198
     -6199
     -6200
     -6201
      1607
     -6202
     -6203
     -6204
     -6205
     -6206
     -6207
     -6208
     -6209
     -6210
     -6211
     -6212
     -6213
      1608
     -6214
      1609
      1610
     -6215
     -6216
     -6217
      1611
     -6218
     -6219
      1612
      1613
     -6220
      1614
      1615
     -6221
     -6222
     -6223
     -6224
     -6225
     -6226
      1616
     -6227
     -6228
     -6229
      1617
     -6230
     -6231
     -6232
      1618
     -6233
     -6234
     -6235
     -6236
     -6237
     -6238
     -6239
     -6240
     -6241
     -6242
      1619
     -6243
     -6244
     -6245
     -6246
     -6247
      1620
      1621
     -6248
      1622
      1623
     -6249
     -6250
      1624
     -6251
     -6252
      1625
      1626
     -6253
     -6254
     -6255
     -6256
     -6257
     -6258
     -6259
      1627
     -6260
     -6261
     -6262
     -6263
     -6264
     -6265
     -6266
     -6267
     -6268
     -6269
     -6270
     -6271
     -6272
      1628
     -6273
      1629
     -6274
     -6275
     -6276
     -6277
     -6278
     -6279
     -6280
     -6281
     -6282
      1630
     -6283
     -6284
     -6285
     -6286
     -6287
     -6288
      1631
     -6289
     -6290
     -6291
     -6292
      1632
     -6293
     -6294
     -6295
     -6296
      1633
     -6297
     -6298
     -6299
     -6300
     -6301
     -6302
     -6303
      1634
     -6304
     -6305
     -6306
     -6307
     -6308
     -6309
     -6310
     -6311
      1635
     -6312
     -6313
     -6314
     -6315
      1636
      1637
      1638
     -6316
     -6317
     -6318
     -6319
      1639
     -6320
     -6321
     -6322
     -6323
     -6324
     -6325
     -6326
     -6327
     -6328
      1640
     -6329
     -6330
     -6331
     -6332
      1641
     -6333
     -6334
     -6335
      1642
     -6336
     -6337
     -6338
     -6339
     -6340
     -6341
      1643
     -6342
     -6343
     -6344
     -6345
     -6346
      1644
     -6347
     -6348
     -6349
     -6350
     -6351
     -6352
     -6353
     -6354
     -6355
      1645
      1646
      1647
     -6356
     -6357
     -6358
      1648
     -6359
     -6360
     -6361
     -6362
     -6363
     -6364
     -6365
      1649
     -6366
     -6367
      1650
     -6368
      1651
     -6369
     -6370
      1652
      1653
     -6371
      1654
     -6372
     -6373
     -6374
     -6375
     -6376
     -6377
     -6378
     -6379
     -6380
     -6381
     -6382
     -6383
     -6384
     -6385
     -6386
     -6387
     -6388
     -6389
      1655
     -6390
     -6391
     -6392
     -6393
      1656
     -6394
     -6395
     -6396
     -6397
     -6398
      1657
     -6399
     -6400
     -6401
      1658
      1659
     -6402
     -6403
     -6404
     -6405
     -6406
      1660
     -6407
     -6408
     -6409
     -6410
     -6411
     -6412
     -6413
     -6414
     -6415
      1661
      1662
     -6416
     -6417
     -6418
     -6419
     -6420
     -6421
     -6422
      1663
      1664
      1665
     -6423
      1666
     -6424
      1667
     -6425
     -6426
     -6427
      1668
     -6428
     -6429
     -6430
     -6431
     -6432
     -6433
     -6434
     -6435
     -6436
      1669
     -6437
     -6438
     -6439
     -6440
      1670
      1671
     -6441
     -6442
      1672
     -6443
     -6444
     -6445
     -6446
     -6447
     -6448
     -6449
     -6450
     -6451
     -6452
     -6453
     -6454
     -6455
     -6456
     -6457
     -6458
     -6459
     -6460
     -6461
     -6462
     -6463
     -6464
      1673
     -6465
     -6466
      1674
      1675
     -6467
     -6468
     -6469
     -6470
     -6471
      1676
      1677
     -6472
     -6473
     -6474
     -6475
     -6476
     -6477
     -6478
     -6479
     -6480
     -6481
     -6482
     -6483
     -6484
     -6485
     -6486
     -6487
     -6488
      1678
     -6489
     -6490
      1679
      1680
      1681
      1682
     -6491
     -6492
     -6493
     -6494
     -6495
     -6496
     -6497
     -6498
     -6499
     -6500
     -6501
     -6502
     -6503
     -6504
     -6505
     -6506
      1683
     -6507
     -6508
     -6509
     -6510
     -6511
     -6512
     -6513
      1684
      1685
     -6514
     -6515
     -6516
     -6517
     -6518
     -6519
     -6520
      1686
     -6521
     -6522
     -6523
     -6524
     -6525
     -6526
     -6527
      1687
     -6528
     -6529
     -6530
      1688
     -6531
     -6532
     -6533
     -6534
     -6535
     -6536
      1689
     -6537
     -6538
     -6539
     -6540
     -6541
     -6542
     -6543
     -6544
      1690
     -6545
     -6546
     -6547
     -6548
     -6549
     -6550
     -6551
      1691
     -6552
     -6553
      1692
     -6554
      1693
     -6555
     -6556
     -6557
     -6558
     -6559
     -6560
     -6561
      1694
      1695
     -6562
     -6563
     -6564
     -6565
     -6566
      1696
     -6567
     -6568
      1697
      1698
     -6569
     -6570
     -6571
     -6572
     -6573
     -6574
     -6575
     -6576
     -6577
     -6578
     -6579
     -6580
     -6581
     -6582
     -6583
     -6584
     -6585
     -6586
      1699
      1700
     -6587
     -6588
     -6589
     -6590
     -6591
      1701
     -6592
      1702
     -6593
     -6594
     -6595
     -6596
      1703
      1704
     -6597
     -6598
      1705
     -6599
     -6600
      1706
     -6601
     -6602
     -6603
     -6604
      1707
     -6605
     -6606
     -6607
     -6608
     -6609
     -6610
     -6611
     -6612
      1708
      1709
      1710
     -6613
     -6614
      1711
     -6615
     -6616
     -6617
     -6618
      1712
     -6619
     -6620
      1713
      1714
      1715
     -6621
     -6622
     -6623
     -6624
     -6625
     -6626
     -6627
      1716
     -6628
     -6629
     -6630
     -6631
     -6632
     -6633
     -6634
     -6635
      1717
      1718
     -6636
     -6637
     -6638
     -6639
     -6640
     -6641
      1719
     -6642
     -6643
     -6644
      1720
     -6645
     -6646
     -6647
     -6648
     -6649
     -6650
     -6651
      1721
      1722
     -6652
     -6653
     -6654
     -6655
     -6656
      1723
     -6657
     -6658
     -6659
     -6660
     -6661
     -6662
     -6663
     -6664
     -6665
     -6666
     -6667
     -6668
     -6669
     -6670
     -6671
      1724
      1725
     -6672
     -6673
     -6674
     -6675
     -6676
      1726
     -6677
     -6678
     -6679
     -6680
     -6681
     -6682
     -6683
     -6684
     -6685
     -6686
     -6687
      1727
     -6688
     -6689
     -6690
     -6691
     -6692
      1728
     -6693
     -6694
     -6695
     -6696
     -6697
     -6698
     -6699
     -6700
      1729
     -6701
     -6702
     -6703
      1730
     -6704
     -6705
     -6706
      1731
     -6707
     -6708
     -6709
     -6710
     -6711
     -6712
     -6713
      1732
     -6714
     -6715
      1733
     -6716
     -6717
     -6718
     -6719
     -6720
     -6721
     -6722
     -6723
      1734
     -6724
      1735
     -6725
     -6726
     -6727
     -6728
     -6729
     -6730
      1736
     -6731
     -6732
     -6733
     -6734
     -6735
     -6736
     -6737
     -6738
     -6739
     -6740
     -6741
      1737
      1738
     -6742
     -6743
     -6744
     -6745
     -6746
     -6747
     -6748
     -6749
      1739
     -6750
     -6751
      1740
      1741
     -6752
     -6753
     -6754
      1742
     -6755
     -6756
     -6757
     -6758
     -6759
      1743
     -6760
      1744
     -6761
     -6762
     -6763
     -6764
     -6765
      1745
      1746
     -6766
     -6767
     -6768
      1747
     -6769
     -6770
     -6771
      1748
      1749
     -6772
     -6773
     -6774
     -6775
      1750
     -6776
     -6777
     -6778
     -6779
     -6780
     -6781
     -6782
     -6783
     -6784
     -6785
     -6786
      1751
      1752
     -6787
     -6788
     -6789
     -6790
     -6791
     -6792
     -6793
      1753
     -6794
      1754
     -6795
     -6796
     -6797
     -6798
     -6799
     -6800
     -6801
     -6802
     -6803
     -6804
      1755
     -6805
     -6806
     -6807
     -6808
     -6809
      1756
     -6810
     -6811
     -6812
     -6813
     -6814
     -6815
     -6816
     -6817
     -6818
     -6819
     -6820
      1757
     -6821
     -6822
     -6823
     -6824
     -6825
     -6826
     -6827
     -6828
      1758
     -6829
     -6830
     -6831
      1759
      1760
     -6832
     -6833
     -6834
     -6835
     -6836
     -6837
     -6838
     -6839
     -6840
     -6841
     -6842
     -6843
     -6844
     -6845
      1761
     -6846
     -6847
     -6848
     -6849
     -6850
     -6851
     -6852
      1762
      1763
      1764
      1765
     -6853
     -6854
     -6855
     -6856
      1766
     -6857
     -6858
      1767
     -6859
     -6860
     -6861
      1768
      1769
     -6862
     -6863
      1770
     -6864
     -6865
     -6866
     -6867
      1771
     -6868
     -6869
     -6870
     -6871
     -6872
      1772
     -6873
     -6874
      1773
     -6875
     -6876
     -6877
     -6878
     -6879
     -6880
     -6881
     -6882
      1774
     -6883
     -6884
     -6885
     -6886
     -6887
     -6888
     -6889
     -6890
     -6891
     -6892
     -6893
     -6894
     -6895
     -6896
     -6897
     -6898
     -6899
     -6900
     -6901
     -6902
     -6903
      1775
     -6904
      1776
     -6905
     -6906
     -6907
      1777
     -6908
     -6909
     -6910
      1778
     -6911
     -6912
      1779
      1780
     -6913
     -6914
     -6915
     -6916
      1781
     -6917
     -6918
      1782
     -6919
      1783
     -6920
     -6921
     -6922
     -6923
     -6924
     -6925
     -6926
     -6927
      1784
      1785
     -6928
     -6929
     -6930
     -6931
     -6932
     -6933
     -6934
     -6935
     -6936
     -6937
     -6938
     -6939
     -6940
      1786
     -6941
      1787
     -6942
     -6943
     -6944
      1788
     -6945
      1789
     -6946
     -6947
     -6948
     -6949
     -6950
     -6951
      1790
     -6952
     -6953
     -6954
     -6955
     -6956
      1791
      1792
     -6957
     -6958
     -6959
      1793
     -6960
     -6961
     -6962
     -6963
     -6964
     -6965
     -6966
     -6967
     -6968
     -6969
     -6970
      1794
      1795
      1796
     -6971
     -6972
     -6973
     -6974
     -6975
     -6976
      1797
     -6977
     -6978
     -6979
     -6980
      1798
     -6981
     -6982
     -6983
      1799
     -6984
      1800
     -6985
     -6986
     -6987
     -6988
     -6989
     -6990
     -6991
     -6992
     -6993
     -6994
     -6995
     -6996
     -6997
     -6998
     -6999
     -7000
      1801
      1802
      1803
     -7001
     -7002
     -7003
     -7004
     -7005
     -7006
      1804
     -7007
      1805
     -7008
     -7009
     -7010
     -7011
     -7012
     -7013
     -7014
      1806
     -7015
      1807
      1808
     -7016
     -7017
     -7018
      1809
      1810
     -7019
     -7020
     -7021
     -7022
     -7023
     -7024
      1811
     -7025
     -7026
     -7027
     -7028
      1812
     -7029
     -7030
     -7031
     -7032
     -7033
     -7034
      1813
      1814
      1815
      1816
      1817
     -7035
     -7036
     -7037
     -7038
     -7039
     -7040
     -7041
     -7042
     -7043
     -7044
     -7045
      1818
     -7046
     -7047
     -7048
     -7049
      1819
     -7050
     -7051
     -7052
     -7053
     -7054
     -7055
     -7056
     -7057
     -7058
     -7059
     -7060
      1820
     -7061
      1821
      1822
     -7062
     -7063
     -7064
     -7065
     -7066
     -7067
     -7068
     -7069
     -7070
     -7071
      1823
      1824
     -7072
     -7073
     -7074
     -7075
     -7076
     -7077
      1825
      1826
     -7078
     -7079
     -7080
      1827
      1828
      1829
      1830
     -7081
     -7082
     -7083
     -7084
     -7085
     -7086
     -7087
     -7088
     -7089
     -7090
     -7091
     -7092
     -7093
     -7094
     -7095
     -7096
     -7097
      1831
     -7098
     -7099
     -7100
     -7101
     -7102
     -7103
     -7104
     -7105
     -7106
     -7107
     -7108
     -7109
     -7110
     -7111
      1832
     -7112
     -7113
     -7114
     -7115
      1833
     -7116
     -7117
     -7118
      1834
     -7119
     -7120
     -7121
     -7122
     -7123
     -7124
     -7125
     -7126
     -7127
     -7128
     -7129
     -7130
     -7131
     -7132
     -7133
     -7134
     -7135
     -7136
     -7137
     -7138
     -7139
     -7140
     -7141
     -7142
     -7143
     -7144
     -7145
     -7146
     -7147
     -7148
     -7149
     -7150
      1835
     -7151
     -7152
     -7153
     -7154
     -7155
     -7156
     -7157
     -7158
     -7159
     -7160
     -7161
     -7162
     -7163
     -7164
     -7165
     -7166
      1836
     -7167
     -7168
     -7169
     -7170
     -7171
     -7172
     -7173
      1837
     -7174
     -7175
     -7176
      1838
      1839
     -7177
     -7178
      1840
     -7179
     -7180
     -7181
     -7182
     -7183
     -7184
      1841
     -7185
     -7186
     -7187
     -7188
     -7189
     -7190
     -7191
     -7192
      1842
      1843
      1844
      1845
     -7193
      1846
     -7194
     -7195
     -7196
     -7197
     -7198
      1847
      1848
     -7199
     -7200
      1849
      1850
      1851
     -7201
     -7202
     -7203
     -7204
     -7205
      1852
     -7206
      1853
     -7207
      1854
     -7208
     -7209
      1855
     -7210
     -7211
     -7212
      1856
      1857
     -7213
      1858
     -7214
      1859
     -7215
     -7216
     -7217
     -7218
     -7219
     -7220
     -7221
      1860
     -7222
     -7223
     -7224
     -7225
      1861
      1862
     -7226
     -7227
     -7228
     -7229
     -7230
     -7231
     -7232
     -7233
      1863
     -7234
      1864
     -7235
     -7236
      1865
     -7237
     -7238
     -7239
      1866
     -7240
     -7241
     -7242
     -7243
     -7244
     -7245
     -7246
     -7247
     -7248
     -7249
      1867
      1868
     -7250
     -7251
     -7252
     -7253
     -7254
     -7255
     -7256
     -7257
      1869
     -7258
     -7259
      1870
      1871
     -7260
      1872
     -7261
     -7262
     -7263
     -7264
     -7265
     -7266
     -7267
     -7268
     -7269
     -7270
     -7271
     -7272
      1873
     -7273
      1874
     -7274
     -7275
     -7276
     -7277
      1875
     -7278
     -7279
     -7280
     -7281
     -7282
      1876
     -7283
      1877
     -7284
     -7285
     -7286
      1878
     -7287
     -7288
      1879
     -7289
     -7290
     -7291
     -7292
     -7293
     -7294
     -7295
     -7296
     -7297
     -7298
     -7299
      1880
     -7300
     -7301
     -7302
     -7303
     -7304
     -7305
     -7306
     -7307
     -7308
     -7309
      1881
     -7310
     -7311
     -7312
     -7313
     -7314
      1882
      1883
     -7315
      1884
     -7316
     -7317
      1885
     -7318
      1886
     -7319
     -7320
     -7321
     -7322
     -7323
     -7324
      1887
      1888
     -7325
     -7326
     -7327
     -7328
     -7329
     -7330
      1889
     -7331
      1890
     -7332
     -7333
      1891
     -7334
      1892
     -7335
      1893
     -7336
     -7337
     -7338
     -7339
     -7340
     -7341
      1894
     -7342
     -7343
     -7344
     -7345
     -7346
     -7347
      1895
     -7348
      1896
     -7349
     -7350
     -7351
     -7352
     -7353
     -7354
     -7355
     -7356
      1897
      1898
     -7357
     -7358
     -7359
     -7360
     -7361
     -7362
     -7363
     -7364
     -7365
     -7366
     -7367
     -7368
     -7369
     -7370
     -7371
     -7372
     -7373
     -7374
      1899
     -7375
     -7376
     -7377
     -7378
     -7379
     -7380
     -7381
     -7382
     -7383
     -7384
     -7385
     -7386
     -7387
     -7388
     -7389
     -7390
     -7391
     -7392
     -7393
      1900
     -7394
     -7395
     -7396
     -7397
     -7398
     -7399
     -7400
     -7401
     -7402
     -7403
      1901
     -7404
      1902
      1903
     -7405
     -7406
     -7407
     -7408
     -7409
     -7410
     -7411
      1904
      1905
     -7412
      1906
     -7413
     -7414
     -7415
     -7416
     -7417
     -7418
     -7419
     -7420
     -7421
     -7422
     -7423
     -7424
     -7425
     -7426
     -7427
     -7428
     -7429
     -7430
      1907
     -7431
     -7432
     -7433
     -7434
     -7435
     -7436
     -7437
     -7438
     -7439
     -7440
     -7441
     -7442
     -7443
     -7444
     -7445
     -7446
     -7447
     -7448
     -7449
     -7450
     -7451
     -7452
     -7453
     -7454
      1908
      1909
     -7455
     -7456
     -7457
      1910
     -7458
     -7459
     -7460
     -7461
     -7462
     -7463
     -7464
      1911
     -7465
     -7466
      1912
     -7467
     -7468
     -7469
      1913
      1914
     -7470
     -7471
     -7472
     -7473
     -7474
     -7475
     -7476
      1915
      1916
     -7477
     -7478
     -7479
     -7480
     -7481
      1917
     -7482
     -7483
     -7484
     -7485
      1918
     -7486
     -7487
     -7488
     -7489
     -7490
     -7491
     -7492
     -7493
     -7494
     -7495
      1919
      1920
     -7496
     -7497
     -7498
      1921
     -7499
     -7500
      1922
     -7501
     -7502
     -7503
     -7504
     -7505
     -7506
      1923
     -7507
      1924
     -7508
     -7509
     -7510
      1925
     -7511
     -7512
      1926
     -7513
     -7514
     -7515
     -7516
     -7517
     -7518
     -7519
     -7520
     -7521
     -7522
     -7523
      1927
     -7524
     -7525
     -7526
     -7527
      1928
     -7528
     -7529
     -7530
     -7531
     -7532
     -7533
     -7534
     -7535
     -7536
     -7537
      1929
      1930
     -7538
      1931
      1932
     -7539
     -7540
     -7541
     -7542
     -7543
     -7544
     -7545
     -7546
     -7547
     -7548
     -7549
     -7550
      1933
     -7551
     -7552
     -7553
     -7554
      1934
     -7555
     -7556
     -7557
     -7558
     -7559
      1935
     -7560
     -7561
     -7562
     -7563
     -7564
     -7565
      1936
     -7566
     -7567
     -7568
     -7569
     -7570
     -7571
     -7572
     -7573
     -7574
      1937
     -7575
     -7576
     -7577
      1938
     -7578
     -7579
     -7580
     -7581
      1939
     -7582
     -7583
     -7584
     -7585
     -7586
     -7587
     -7588
      1940
     -7589
     -7590
     -7591
     -7592
      1941
      1942
     -7593
      1943
     -7594
      1944
     -7595
     -7596
     -7597
     -7598
     -7599
     -7600
     -7601
     -7602
     -7603
     -7604
     -7605
     -7606
      1945
     -7607
     -7608
     -7609
     -7610
     -7611
     -7612
     -7613
      1946
     -7614
     -7615
     -7616
     -7617
      1947
     -7618
     -7619
     -7620
     -7621
     -7622
     -7623
      1948
      1949
     -7624
     -7625
     -7626
     -7627
     -7628
     -7629
     -7630
     -7631
     -7632
     -7633
     -7634
      1950
     -7635
     -7636
      1951
      1952
     -7637
     -7638
     -7639
      1953
     -7640
     -7641
     -7642
     -7643
     -7644
     -7645
     -7646
     -7647
     -7648
     -7649
      1954
     -7650
     -7651
     -7652
     -7653
     -7654
     -7655
     -7656
     -7657
      1955
     -7658
     -7659
     -7660
      1956
     -7661
     -7662
     -7663
     -7664
     -7665
     -7666
      1957
      1958
     -7667
     -7668
     -7669
     -7670
     -7671
     -7672
     -7673
     -7674
     -7675
      1959
     -7676
      1960
     -7677
     -7678
     -7679
     -7680
     -7681
     -7682
     -7683
     -7684
     -7685
     -7686
     -7687
     -7688
     -7689
     -7690
     -7691
      1961
     -7692
     -7693
     -7694
      1962
     -7695
      1963
     -7696
      1964
     -7697
     -7698
      1965
     -7699
     -7700
     -7701
     -7702
     -7703
     -7704
     -7705
     -7706
      1966
     -7707
      1967
     -7708
     -7709
     -7710
     -7711
      1968
      1969
     -7712
     -7713
     -7714
     -7715
     -7716
     -7717
     -7718
     -7719
     -7720
      1970
     -7721
      1971
     -7722
      1972
     -7723
      1973
     -7724
     -7725
     -7726
     -7727
     -7728
     -7729
     -7730
     -7731
     -7732
      1974
     -7733
     -7734
     -7735
     -7736
     -7737
     -7738
     -7739
     -7740
     -7741
      1975
     -7742
     -7743
     -7744
     -7745
     -7746
      1976
     -7747
     -7748
     -7749
     -7750
     -7751
     -7752
     -7753
     -7754
     -7755
     -7756
     -7757
     -7758
     -7759
     -7760
     -7761
      1977
     -7762
     -7763
      1978
      1979
      1980
     -7764
     -7765
     -7766
     -7767
     -7768
      1981
     -7769
      1982
     -7770
      1983
     -7771
     -7772
     -7773
      1984
     -7774
     -7775
     -7776
      1985
     -7777
     -7778
     -7779
     -7780
     -7781
     -7782
      1986
      1987
      1988
     -7783
     -7784
     -7785
     -7786
      1989
      1990
     -7787
     -7788
     -7789
     -7790
     -7791
     -7792
     -7793
     -7794
      1991
     -7795
     -7796
     -7797
     -7798
     -7799
      1992
     -7800
     -7801
     -7802
     -7803
     -7804
     -7805
     -7806
      1993
     -7807
     -7808
     -7809
     -7810
     -7811
     -7812
     -7813
      1994
     -7814
     -7815
     -7816
      1995
     -7817
     -7818
     -7819
     -7820
     -7821
     -7822
     -7823
     -7824
      1996
     -7825
     -7826
      1997
      1998
     -7827
     -7828
     -7829
      1999
     -7830
     -7831
     -7832
     -7833
     -7834
     -7835
     -7836
      2000
      2001
      2002
     -7837
     -7838
     -7839
     -7840
      2003
     -7841
     -7842
     -7843
      2004
     -7844
      2005
     -7845
     -7846
     -7847
     -7848
     -7849
     -7850
     -7851
     -7852
     -7853
      2006
     -7854
      2007
     -7855
     -7856
     -7857
     -7858
     -7859
     -7860
     -7861
     -7862
     -7863
     -7864
     -7865
     -7866
     -7867
     -7868
     -7869
     -7870
      2008
     -7871
      2009
     -7872
     -7873
     -7874
     -7875
      2010
     -7876
     -7877
     -7878
     -7879
     -7880
     -7881
      2011
     -7882
     -7883
      2012
     -7884
     -7885
     -7886
      2013
     -7887
      2014
     -7888
     -7889
      2015
      2016
     -7890
     -7891
     -7892
     -7893
     -7894
     -7895
     -7896
      2017
     -7897
     -7898
     -7899
     -7900
     -7901
     -7902
     -7903
     -7904
     -7905
     -7906
     -7907
     -7908
     -7909
      2018
     -7910
     -7911
     -7912
      2019
     -7913
     -7914
      2020
     -7915
     -7916
     -7917
     -7918
     -7919
     -7920
     -7921
     -7922
     -7923
     -7924
      2021
      2022
      2023
     -7925
     -7926
      2024
     -7927
      2025
     -7928
     -7929
     -7930
     -7931
     -7932
     -7933
     -7934
      2026
     -7935
     -7936
     -7937
     -7938
      2027
     -7939
     -7940
     -7941
      2028
      2029
     -7942
     -7943
     -7944
     -7945
      2030
     -7946
     -7947
     -7948
     -7949
     -7950
      2031
     -7951
     -7952
      2032
     -7953
     -7954
     -7955
     -7956
     -7957
     -7958
     -7959
     -7960
     -7961
     -7962
     -7963
     -7964
     -7965
     -7966
      2033
     -7967
     -7968
     -7969
     -7970
      2034
     -7971
     -7972
     -7973
     -7974
     -7975
     -7976
      2035
     -7977
     -7978
     -7979
     -7980
     -7981
     -7982
     -7983
      2036
      2037
     -7984
     -7985
      2038
      2039
     -7986
     -7987
      2040
     -7988
     -7989
     -7990
     -7991
     -7992
     -7993
     -7994
     -7995
     -7996
     -7997
     -7998
     -7999
     -8000
     -8001
     -8002
     -8003
     -8004
     -8005
     -8006
     -8007
     -8008
     -8009
     -8010
      2041
      2042
      2043
      2044
      2045
      2046
     -8011
     -8012
     -8013
     -8014
      2047
     -8015
     -8016
     -8017
     -8018
     -8019
     -8020
     -8021
     -8022
     -8023
      2048
     -8024
     -8025
      2049
     -8026
      2050
     -8027
     -8028
     -8029
      2051
     -8030
     -8031
     -8032
     -8033
      2052
      2053
     -8034
     -8035
     -8036
     -8037
     -8038
     -8039
      2054
     -8040
     -8041
     -8042
     -8043
     -8044
     -8045
     -8046
     -8047
     -8048
      2055
     -8049
      2056
      2057
     -8050
     -8051
     -8052
      2058
     -8053
     -8054
      2059
     -8055
     -8056
      2060
     -8057
     -8058
     -8059
      2061
      2062
     -8060
      2063
     -8061
     -8062
      2064
     -8063
     -8064
     -8065
     -8066
     -8067
     -8068
     -8069
     -8070
     -8071
     -8072
     -8073
     -8074
      2065
     -8075
     -8076
     -8077
     -8078
      2066
     -8079
     -8080
     -8081
     -8082
     -8083
     -8084
     -8085
      2067
      2068
     -8086
     -8087
     -8088
      2069
     -8089
     -8090
     -8091
     -8092
     -8093
      2070
      2071
     -8094
     -8095
     -8096
     -8097
      2072
     -8098
      2073
     -8099
     -8100
     -8101
      2074
     -8102
     -8103
     -8104
      2075
     -8105
     -8106
     -8107
      2076
     -8108
     -8109
     -8110
     -8111
     -8112
     -8113
     -8114
     -8115
     -8116
     -8117
     -8118
     -8119
     -8120
      2077
      2078
     -8121
     -8122
     -8123
     -8124
     -8125
      2079
      2080
     -8126
     -8127
     -8128
     -8129
     -8130
     -8131
     -8132
     -8133
     -8134
     -8135
     -8136
     -8137
      2081
      2082
     -8138
     -8139
      2083
      2084
     -8140
     -8141
     -8142
     -8143
     -8144
     -8145
     -8146
     -8147
     -8148
     -8149
     -8150
     -8151
     -8152
     -8153
      2085
     -8154
     -8155
     -8156
      2086
     -8157
     -8158
     -8159
     -8160
     -8161
     -8162
     -8163
     -8164
     -8165
     -8166
     -8167
      2087
     -8168
     -8169
      2088
     -8170
     -8171
     -8172
     -8173
     -8174
     -8175
      2089
      2090
     -8176
     -8177
     -8178
     -8179
     -8180
     -8181
     -8182
     -8183
     -8184
      2091
     -8185
     -8186
     -8187
     -8188
     -8189
      2092
     -8190
     -8191
     -8192
      2093
      2094
     -8193
      2095
      2096
      2097
     -8194
     -8195
     -8196
     -8197
     -8198
     -8199
     -8200
     -8201
     -8202
      2098
      2099
     -8203
     -8204
     -8205
     -8206
     -8207
     -8208
     -8209
      2100
     -8210
     -8211
     -8212
     -8213
     -8214
     -8215
     -8216
     -8217
     -8218
     -8219
     -8220
     -8221
      2101
     -8222
      2102
     -8223
      2103
     -8224
     -8225
     -8226
     -8227
      2104
      2105
     -8228
      2106
     -8229
      2107
     -8230
     -8231
     -8232
     -8233
     -8234
     -8235
      2108
      2109
     -8236
     -8237
     -8238
     -8239
      2110
      2111
     -8240
      2112
     -8241
      2113
     -8242
     -8243
     -8244
     -8245
     -8246
     -8247
     -8248
      2114
     -8249
     -8250
     -8251
      2115
      2116
      2117
     -8252
     -8253
     -8254
     -8255
     -8256
     -8257
     -8258
      2118
      2119
     -8259
     -8260
     -8261
     -8262
     -8263
     -8264
     -8265
     -8266
      2120
      2121
     -8267
     -8268
     -8269
     -8270
     -8271
     -8272
      2122
     -8273
     -8274
      2123
     -8275
     -8276
     -8277
     -8278
     -8279
      2124
      2125
     -8280
     -8281
     -8282
     -8283
     -8284
     -8285
     -8286
     -8287
     -8288
     -8289
     -8290
     -8291
      2126
     -8292
     -8293
     -8294
     -8295
     -8296
     -8297
     -8298
     -8299
     -8300
     -8301
     -8302
     -8303
     -8304
     -8305
     -8306
     -8307
     -8308
     -8309
     -8310
     -8311
     -8312
     -8313
     -8314
     -8315
      2127
     -8316
      2128
     -8317
     -8318
     -8319
     -8320
     -8321
     -8322
     -8323
     -8324
      2129
     -8325
     -8326
     -8327
     -8328
     -8329
     -8330
     -8331
     -8332
     -8333
     -8334
     -8335
     -8336
     -8337
     -8338
      2130
      2131
     -8339
     -8340
     -8341
     -8342
     -8343
     -8344
     -8345
      2132
     -8346
      2133
     -8347
     -8348
      2134
      2135
     -8349
     -8350
      2136
     -8351
     -8352
     -8353
     -8354
     -8355
     -8356
     -8357
     -8358
     -8359
     -8360
      2137
      2138
     -8361
     -8362
     -8363
     -8364
     -8365
     -8366
     -8367
     -8368
     -8369
     -8370
     -8371
     -8372
     -8373
     -8374
      2139
     -8375
     -8376
     -8377
     -8378
     -8379
     -8380
     -8381
     -8382
     -8383
     -8384
     -8385
      2140
     -8386
     -8387
      2141
     -8388
      2142
     -8389
     -8390
     -8391
     -8392
     -8393
      2143
      2144
     -8394
      2145
     -8395
     -8396
     -8397
     -8398
     -8399
     -8400
     -8401
     -8402
     -8403
      2146
     -8404
      2147
      2148
     -8405
     -8406
     -8407
      2149
     -8408
     -8409
     -8410
     -8411
     -8412
     -8413
     -8414
     -8415
     -8416
     -8417
      2150
     -8418
     -8419
     -8420
     -8421
     -8422
     -8423
     -8424
     -8425
     -8426
     -8427
      2151
     -8428
     -8429
     -8430
     -8431
     -8432
     -8433
      2152
     -8434
      2153
     -8435
     -8436
     -8437
     -8438
      2154
     -8439
     -8440
     -8441
     -8442
     -8443
      2155
     -8444
     -8445
     -8446
     -8447
      2156
     -8448
     -8449
     -8450
     -8451
      2157
     -8452
     -8453
     -8454
     -8455
     -8456
     -8457
     -8458
     -8459
      2158
     -8460
     -8461
     -8462
      2159
     -8463
      2160
     -8464
     -8465
     -8466
     -8467
     -8468
     -8469
     -8470
     -8471
      2161
     -8472
     -8473
     -8474
     -8475
     -8476
     -8477
     -8478
     -8479
     -8480
     -8481
     -8482
      2162
     -8483
      2163
     -8484
     -8485
     -8486
     -8487
     -8488
     -8489
     -8490
     -8491
     -8492
      2164
     -8493
     -8494
     -8495
     -8496
     -8497
     -8498
     -8499
     -8500
     -8501
     -8502
     -8503
     -8504
     -8505
     -8506
      2165
     -8507
     -8508
     -8509
      2166
     -8510
      2167
     -8511
     -8512
     -8513
     -8514
     -8515
     -8516
      2168
     -8517
     -8518
     -8519
     -8520
     -8521
     -8522
     -8523
     -8524
     -8525
      2169
     -8526
     -8527
     -8528
     -8529
     -8530
     -8531
     -8532
     -8533
     -8534
     -8535
     -8536
      2170
      2171
     -8537
     -8538
     -8539
     -8540
     -8541
     -8542
      2172
     -8543
     -8544
     -8545
     -8546
     -8547
     -8548
     -8549
     -8550
     -8551
     -8552
     -8553
     -8554
     -8555
     -8556
      2173
     -8557
     -8558
     -8559
     -8560
      2174
     -8561
     -8562
     -8563
     -8564
      2175
     -8565
     -8566
     -8567
     -8568
      2176
      2177
     -8569
     -8570
     -8571
     -8572
     -8573
     -8574
     -8575
     -8576
     -8577
     -8578
     -8579
     -8580
     -8581
     -8582
     -8583
     -8584
     -8585
     -8586
      2178
     -8587
      2179
     -8588
     -8589
     -8590
     -8591
     -8592
     -8593
     -8594
     -8595
     -8596
     -8597
     -8598
     -8599
     -8600
     -8601
     -8602
     -8603
      2180
     -8604
      2181
     -8605
     -8606
     -8607
     -8608
      2182
     -8609
     -8610
     -8611
     -8612
      2183
      2184
     -8613
     -8614
     -8615
      2185
     -8616
      2186
     -8617
     -8618
     -8619
     -8620
     -8621
     -8622
     -8623
     -8624
     -8625
     -8626
     -8627
     -8628
     -8629
     -8630
     -8631
      2187
      2188
     -8632
      2189
     -8633
      2190
     -8634
     -8635
     -8636
     -8637
     -8638
     -8639
     -8640
      2191
      2192
      2193
     -8641
     -8642
     -8643
     -8644
     -8645
     -8646
     -8647
     -8648
     -8649
     -8650
      2194
     -8651
     -8652
     -8653
     -8654
     -8655
     -8656
     -8657
     -8658
     -8659
     -8660
      2195
     -8661
     -8662
     -8663
     -8664
      2196
     -8665
     -8666
     -8667
     -8668
     -8669
     -8670
     -8671
     -8672
     -8673
     -8674
     -8675
     -8676
      2197
     -8677
      2198
     -8678
      2199
     -8679
     -8680
     -8681
     -8682
     -8683
     -8684
     -8685
     -8686
     -8687
     -8688
     -8689
     -8690
     -8691
     -8692
     -8693
     -8694
     -8695
     -8696
     -8697
     -8698
     -8699
     -8700
     -8701
     -8702
     -8703
     -8704
     -8705
     -8706
     -8707
      2200
     -8708
      2201
      2202
      2203
     -8709
      2204
      2205
     -8710
     -8711
     -8712
      2206
      2207
      2208
     -8713
      2209
     -8714
     -8715
     -8716
     -8717
     -8718
     -8719
     -8720
      2210
     -8721
     -8722
     -8723
     -8724
     -8725
     -8726
     -8727
     -8728
     -8729
      2211
     -8730
     -8731
     -8732
     -8733
     -8734
     -8735
     -8736
     -8737
     -8738
     -8739
     -8740
     -8741
      2212
     -8742
     -8743
     -8744
     -8745
      2213
      2214
     -8746
     -8747
     -8748
     -8749
      2215
     -8750
     -8751
     -8752
      2216
      2217
     -8753
     -8754
     -8755
      2218
      2219
     -8756
     -8757
     -8758
     -8759
      2220
      2221
      2222
     -8760
     -8761
      2223
     -8762
     -8763
     -8764
     -8765
     -8766
     -8767
     -8768
     -8769
      2224
     -8770
     -8771
     -8772
     -8773
     -8774
     -8775
     -8776
     -8777
      2225
     -8778
      2226
      2227
     -8779
     -8780
     -8781
     -8782
     -8783
     -8784
     -8785
     -8786
     -8787
     -8788
     -8789
     -8790
     -8791
     -8792
     -8793
     -8794
     -8795
     -8796
     -8797
     -8798
      2228
      2229
      2230
     -8799
     -8800
     -8801
     -8802
     -8803
     -8804
     -8805
      2231
     -8806
     -8807
     -8808
     -8809
     -8810
      2232
     -8811
     -8812
     -8813
     -8814
      2233
     -8815
      2234
     -8816
     -8817
     -8818
     -8819
     -8820
     -8821
      2235
      2236
     -8822
     -8823
     -8824
      2237
     -8825
     -8826
     -8827
     -8828
      2238
      2239
     -8829
     -8830
     -8831
     -8832
     -8833
     -8834
     -8835
     -8836
     -8837
     -8838
      2240
     -8839
     -8840
     -8841
     -8842
      2241
      2242
      2243
     -8843
     -8844
     -8845
     -8846
      2244
      2245
     -8847
     -8848
     -8849
     -8850
     -8851
     -8852
      2246
     -8853
     -8854
     -8855
     -8856
     -8857
      2247
     -8858
     -8859
      2248
     -8860
     -8861
     -8862
      2249
     -8863
     -8864
     -8865
     -8866
     -8867
      2250
      2251
      2252
     -8868
     -8869
     -8870
     -8871
     -8872
     -8873
     -8874
     -8875
     -8876
     -8877
     -8878
      2253
     -8879
     -8880
     -8881
     -8882
     -8883
     -8884
     -8885
     -8886
      2254
     -8887
      2255
      2256
     -8888
     -8889
     -8890
      2257
     -8891
     -8892
     -8893
      2258
     -8894
     -8895
     -8896
     -8897
     -8898
     -8899
     -8900
     -8901
     -8902
     -8903
      2259
     -8904
     -8905
     -8906
     -8907
     -8908
     -8909
     -8910
     -8911
     -8912
     -8913
     -8914
      2260
      2261
     -8915
     -8916
     -8917
     -8918
     -8919
     -8920
     -8921
     -8922
     -8923
      2262
     -8924
      2263
     -8925
     -8926
     -8927
     -8928
      2264
      2265
      2266
     -8929
     -8930
      2267
     -8931
     -8932
     -8933
     -8934
     -8935
     -8936
      2268
     -8937
     -8938
     -8939
     -8940
     -8941
     -8942
     -8943
     -8944
     -8945
     -8946
      2269
     -8947
     -8948
     -8949
     -8950
      2270
     -8951
     -8952
     -8953
      2271
     -8954
     -8955
     -8956
     -8957
     -8958
     -8959
     -8960
     -8961
     -8962
     -8963
     -8964
     -8965
     -8966
      2272
     -8967
      2273
     -8968
     -8969
     -8970
     -8971
      2274
      2275
     -8972
     -8973
      2276
      2277
     -8974
     -8975
     -8976
     -8977
     -8978
     -8979
     -8980
     -8981
     -8982
     -8983
     -8984
     -8985
      2278
     -8986
     -8987
     -8988
     -8989
     -8990
     -8991
     -8992
     -8993
     -8994
      2279
     -8995
      2280
      2281
      2282
     -8996
     -8997
      2283
     -8998
     -8999
     -9000
     -9001
     -9002
      2284
      2285
     -9003
     -9004
     -9005
     -9006
     -9007
     -9008
     -9009
     -9010
      2286
      2287
      2288
     -9011
     -9012
     -9013
     -9014
     -9015
     -9016
     -9017
     -9018
      2289
     -9019
     -9020
     -9021
     -9022
     -9023
     -9024
     -9025
     -9026
     -9027
     -9028
     -9029
     -9030
     -9031
     -9032
     -9033
     -9034
      2290
     -9035
     -9036
     -9037
     -9038
     -9039
     -9040
      2291
      2292
      2293
     -9041
     -9042
     -9043
     -9044
     -9045
      2294
     -9046
      2295
     -9047
      2296
     -9048
     -9049
     -9050
     -9051
     -9052
      2297
     -9053
     -9054
      2298
     -9055
     -9056
      2299
     -9057
     -9058
     -9059
     -9060
     -9061
     -9062
     -9063
      2300
     -9064
     -9065
     -9066
      2301
     -9067
     -9068
     -9069
     -9070
     -9071
     -9072
      2302
     -9073
      2303
      2304
     -9074
     -9075
     -9076
     -9077
     -9078
      2305
     -9079
     -9080
     -9081
     -9082
     -9083
     -9084
     -9085
     -9086
     -9087
     -9088
     -9089
     -9090
     -9091
      2306
     -9092
     -9093
      2307
     -9094
     -9095
     -9096
     -9097
     -9098
      2308
     -9099
     -9100
     -9101
      2309
      2310
     -9102
      2311
     -9103
     -9104
     -9105
     -9106
     -9107
      2312
     -9108
     -9109
     -9110
     -9111
     -9112
     -9113
      2313
      2314
     -9114
     -9115
     -9116
     -9117
     -9118
     -9119
     -9120
     -9121
      2315
     -9122
     -9123
     -9124
     -9125
      2316
     -9126
      2317
     -9127
     -9128
     -9129
     -9130
      2318
     -9131
     -9132
     -9133
      2319
     -9134
     -9135
     -9136
     -9137
     -9138
     -9139
     -9140
     -9141
      2320
      2321
     -9142
     -9143
     -9144
      2322
      2323
     -9145
     -9146
     -9147
     -9148
     -9149
     -9150
     -9151
     -9152
     -9153
     -9154
     -9155
     -9156
     -9157
     -9158
     -9159
     -9160
     -9161
      2324
     -9162
     -9163
      2325
     -9164
     -9165
     -9166
      2326
     -9167
      2327
      2328
      2329
     -9168
     -9169
     -9170
     -9171
     -9172
      2330
     -9173
      2331
      2332
     -9174
     -9175
     -9176
     -9177
     -9178
     -9179
     -9180
      2333
     -9181
      2334
     -9182
      2335
     -9183
     -9184
     -9185
     -9186
     -9187
     -9188
     -9189
     -9190
     -9191
     -9192
     -9193
     -9194
     -9195
     -9196
     -9197
     -9198
     -9199
     -9200
     -9201
     -9202
     -9203
     -9204
     -9205
     -9206
     -9207
     -9208
     -9209
     -9210
     -9211
     -9212
     -9213
      2336
      2337
     -9214
     -9215
     -9216
     -9217
     -9218
     -9219
     -9220
     -9221
      2338
      2339
     -9222
     -9223
     -9224
     -9225
     -9226
      2340
      2341
     -9227
     -9228
     -9229
     -9230
     -9231
     -9232
     -9233
     -9234
     -9235
     -9236
     -9237
     -9238
     -9239
      2342
     -9240
     -9241
     -9242
     -9243
     -9244
      2343
     -9245
     -9246
     -9247
     -9248
     -9249
     -9250
     -9251
     -9252
      2344
     -9253
     -9254
     -9255
     -9256
     -9257
     -9258
     -9259
      2345
     -9260
     -9261
      2346
     -9262
     -9263
     -9264
     -9265
      2347
      2348
      2349
     -9266
     -9267
     -9268
     -9269
      2350
      2351
     -9270
     -9271
     -9272
     -9273
     -9274
      2352
     -9275
     -9276
      2353
     -9277
     -9278
     -9279
     -9280
     -9281
     -9282
      2354
      2355
     -9283
     -9284
     -9285
     -9286
     -9287
     -9288
     -9289
     -9290
      2356
     -9291
     -9292
     -9293
     -9294
     -9295
     -9296
      2357
     -9297
     -9298
     -9299
     -9300
     -9301
     -9302
     -9303
      2358
     -9304
     -9305
     -9306
     -9307
     -9308
      2359
     -9309
      2360
     -9310
     -9311
     -9312
      2361
     -9313
     -9314
     -9315
     -9316
     -9317
     -9318
     -9319
     -9320
     -9321
     -9322
     -9323
     -9324
     -9325
     -9326
     -9327
     -9328
      2362
     -9329
     -9330
     -9331
      2363
     -9332
     -9333
     -9334
     -9335
     -9336
     -9337
     -9338
      2364
     -9339
      2365
     -9340
     -9341
     -9342
     -9343
     -9344
     -9345
      2366
      2367
     -9346
     -9347
     -9348
     -9349
     -9350
     -9351
     -9352
     -9353
     -9354
     -9355
     -9356
     -9357
     -9358
     -9359
     -9360
     -9361
     -9362
     -9363
      2368
     -9364
     -9365
     -9366
     -9367
     -9368
     -9369
      2369
      2370
     -9370
     -9371
     -9372
     -9373
     -9374
     -9375
     -9376
     -9377
     -9378
     -9379
     -9380
     -9381
     -9382
     -9383
     -9384
     -9385
     -9386
      2371
     -9387
     -9388
     -9389
      2372
     -9390
     -9391
     -9392
     -9393
      2373
     -9394
     -9395
     -9396
     -9397
     -9398
     -9399
     -9400
     -9401
     -9402
     -9403
     -9404
     -9405
      2374
     -9406
     -9407
     -9408
     -9409
     -9410
     -9411
     -9412
     -9413
     -9414
     -9415
     -9416
     -9417
     -9418
     -9419
     -9420
      2375
     -9421
     -9422
     -9423
     -9424
     -9425
     -9426
     -9427
     -9428
      2376
     -9429
     -9430
     -9431
     -9432
     -9433
     -9434
     -9435
      2377
      2378
     -9436
     -9437
     -9438
     -9439
      2379
     -9440
      2380
     -9441
     -9442
     -9443
     -9444
     -9445
     -9446
     -9447
      2381
     -9448
     -9449
     -9450
     -9451
     -9452
     -9453
     -9454
     -9455
     -9456
     -9457
     -9458
     -9459
     -9460
     -9461
     -9462
      2382
      2383
      2384
     -9463
     -9464
     -9465
     -9466
     -9467
     -9468
     -9469
     -9470
      2385
      2386
     -9471
     -9472
     -9473
     -9474
     -9475
     -9476
     -9477
     -9478
     -9479
      2387
     -9480
     -9481
     -9482
     -9483
     -9484
     -9485
     -9486
     -9487
     -9488
      2388
      2389
     -9489
     -9490
     -9491
     -9492
      2390
      2391
     -9493
     -9494
     -9495
     -9496
      2392
     -9497
     -9498
     -9499
     -9500
      2393
      2394
     -9501
     -9502
      2395
      2396
     -9503
      2397
     -9504
     -9505
     -9506
     -9507
     -9508
     -9509
     -9510
     -9511
     -9512
     -9513
     -9514
     -9515
     -9516
     -9517
      2398
      2399
     -9518
     -9519
     -9520
      2400
      2401
      2402
     -9521
     -9522
     -9523
      2403
     -9524
     -9525
     -9526
      2404
     -9527
     -9528
     -9529
     -9530
     -9531
     -9532
     -9533
     -9534
     -9535
     -9536
     -9537
      2405
     -9538
     -9539
     -9540
     -9541
     -9542
      2406
     -9543
      2407
     -9544
      2408
     -9545
     -9546
     -9547
     -9548
     -9549
      2409
     -9550
     -9551
     -9552
     -9553
     -9554
      2410
     -9555
     -9556
     -9557
     -9558
     -9559
     -9560
     -9561
     -9562
     -9563
     -9564
     -9565
      2411
     -9566
     -9567
     -9568
     -9569
      2412
     -9570
     -9571
     -9572
      2413
      2414
     -9573
     -9574
      2415
     -9575
     -9576
      2416
      2417
     -9577
     -9578
     -9579
     -9580
     -9581
     -9582
      2418
     -9583
     -9584
     -9585
     -9586
      2419
     -9587
      2420
     -9588
     -9589
     -9590
     -9591
     -9592
     -9593
     -9594
     -9595
     -9596
     -9597
     -9598
     -9599
     -9600
      2421
      2422
      2423
     -9601
      2424
      2425
     -9602
     -9603
     -9604
     -9605
     -9606
     -9607
     -9608
      2426
     -9609
      2427
     -9610
     -9611
      2428
     -9612
     -9613
     -9614
     -9615
     -9616
     -9617
     -9618
     -9619
     -9620
     -9621
     -9622
     -9623
     -9624
     -9625
     -9626
     -9627
     -9628
     -9629
     -9630
      2429
     -9631
     -9632
     -9633
      2430
     -9634
      2431
     -9635
      2432
     -9636
      2433
     -9637
      2434
     -9638
     -9639
     -9640
     -9641
     -9642
     -9643
     -9644
     -9645
     -9646
     -9647
      2435
     -9648
     -9649
      2436
      2437
     -9650
     -9651
     -9652
     -9653
     -9654
     -9655
     -9656
     -9657
     -9658
     -9659
      2438
     -9660
     -9661
     -9662
     -9663
     -9664
     -9665
     -9666
     -9667
      2439
     -9668
     -9669
     -9670
     -9671
     -9672
     -9673
     -9674
     -9675
      2440
     -9676
      2441
     -9677
     -9678
     -9679
     -9680
     -9681
     -9682
     -9683
     -9684
     -9685
      2442
     -9686
     -9687
     -9688
     -9689
     -9690
     -9691
     -9692
      2443
     -9693
     -9694
     -9695
     -9696
     -9697
     -9698
      2444
     -9699
     -9700
     -9701
     -9702
     -9703
      2445
      2446
     -9704
     -9705
     -9706
     -9707
     -9708
     -9709
     -9710
     -9711
      2447
     -9712
     -9713
      2448
     -9714
     -9715
     -9716
      2449
     -9717
     -9718
     -9719
     -9720
     -9721
     -9722
      2450
     -9723
     -9724
     -9725
     -9726
     -9727
     -9728
      2451
     -9729
     -9730
     -9731
     -9732
     -9733
     -9734
     -9735
     -9736
     -9737
     -9738
     -9739
      2452
     -9740
      2453
     -9741
     -9742
     -9743
     -9744
     -9745
     -9746
     -9747
     -9748
      2454
      2455
      2456
     -9749
     -9750
     -9751
     -9752
     -9753
     -9754
     -9755
     -9756
     -9757
      2457
     -9758
     -9759
     -9760
      2458
      2459
     -9761
     -9762
      2460
     -9763
     -9764
      2461
      2462
      2463
     -9765
      2464
     -9766
     -9767
     -9768
     -9769
     -9770
     -9771
     -9772
      2465
     -9773
     -9774
     -9775
     -9776
     -9777
     -9778
     -9779
     -9780
     -9781
     -9782
      2466
     -9783
     -9784
     -9785
      2467
     -9786
     -9787
     -9788
      2468
     -9789
     -9790
      2469
     -9791
     -9792
      2470
     -9793
     -9794
      2471
     -9795
     -9796
     -9797
     -9798
     -9799
     -9800
     -9801
     -9802
     -9803
      2472
     -9804
     -9805
     -9806
     -9807
     -9808
     -9809
     -9810
     -9811
     -9812
     -9813
     -9814
     -9815
     -9816
     -9817
      2473
     -9818
     -9819
     -9820
     -9821
     -9822
     -9823
     -9824
     -9825
     -9826
     -9827
     -9828
      2474
     -9829
     -9830
     -9831
      2475
     -9832
     -9833
     -9834
     -9835
     -9836
     -9837
     -9838
     -9839
     -9840
     -9841
     -9842
      2476
     -9843
     -9844
     -9845
     -9846
     -9847
     -9848
      2477
      2478
     -9849
     -9850
     -9851
     -9852
     -9853
     -9854
     -9855
     -9856
     -9857
     -9858
      2479
     -9859
     -9860
     -9861
     -9862
     -9863
     -9864
     -9865
     -9866
     -9867
     -9868
     -9869
      2480
     -9870
     -9871
     -9872
     -9873
     -9874
     -9875
      2481
     -9876
     -9877
     -9878
     -9879
     -9880
     -9881
     -9882
      2482
     -9883
     -9884
     -9885
     -9886
     -9887
      2483
     -9888
      2484
      2485
     -9889
     -9890
     -9891
     -9892
     -9893
     -9894
     -9895
      2486
     -9896
      2487
     -9897
     -9898
     -9899
     -9900
     -9901
     -9902
     -9903
     -9904
     -9905
      2488
     -9906
     -9907
     -9908
     -9909
     -9910
      2489
     -9911
      2490
     -9912
     -9913
     -9914
     -9915
      2491
     -9916
     -9917
     -9918
     -9919
     -9920
     -9921
     -9922
     -9923
     -9924
     -9925
     -9926
     -9927
     -9928
     -9929
      2492
     -9930
     -9931
     -9932
     -9933
     -9934
     -9935
     -9936
      2493
     -9937
     -9938
     -9939
     -9940
     -9941
     -9942
     -9943
     -9944
     -9945
     -9946
     -9947
     -9948
     -9949
     -9950
     -9951
     -9952
     -9953
     -9954
     -9955
     -9956
     -9957
     -9958
     -9959
     -9960
     -9961
     -9962
     -9963
      2494
     -9964
     -9965
     -9966
      2495
     -9967
     -9968
      2496
      2497
     -9969
     -9970
      2498
     -9971
     -9972
     -9973
     -9974
      2499
      2500
     -9975
     -9976
     -9977
     -9978
     -9979
     -9980
     -9981
     -9982
     -9983
     -9984
     -9985
      2501
     -9986
      2502
     -9987
      2503
     -9988
     -9989
     -9990
     -9991
      2504
     -9992
     -9993
     -9994
     -9995
      2505
     -9996
     -9997
      2506
     -9998
     -9999
    -10000
    -10001
    -10002
    -10003
    -10004
    -10005
    -10006
    -10007
    -10008
    -10009
      2507
    -10010
    -10011
    -10012
      2508
    -10013
    -10014
    -10015
    -10016
    -10017
    -10018
    -10019
      2509
    -10020
    -10021
    -10022
      2510
      2511
    -10023
    -10024
    -10025
      2512
      2513
    -10026
    -10027
    -10028
    -10029
    -10030
    -10031
    -10032
    -10033
    -10034
    -10035
    -10036
    -10037
      2514
      2515
    -10038
    -10039
    -10040
    -10041
    -10042
    -10043
    -10044
    -10045
    -10046
    -10047
    -10048
    -10049
    -10050
    -10051
      2516
    -10052
    -10053
    -10054
    -10055
    -10056
    -10057
    -10058
    -10059
    -10060
      2517
      2518
    -10061
    -10062
      2519
    -10063
    -10064
    -10065
    -10066
    -10067
    -10068
    -10069
      2520
    -10070
    -10071
    -10072
    -10073
      2521
      2522
    -10074
    -10075
    -10076
      2523
    -10077
    -10078
    -10079
    -10080
    -10081
    -10082
    -10083
    -10084
    -10085
    -10086
    -10087
    -10088
    -10089
    -10090
    -10091
      2524
    -10092
    -10093
    -10094
    -10095
    -10096
    -10097
    -10098
    -10099
    -10100
    -10101
    -10102
    -10103
    -10104
    -10105
    -10106
    -10107
      2525
    -10108
    -10109
    -10110
    -10111
      2526
    -10112
    -10113
    -10114
    -10115
    -10116
      2527
    -10117
    -10118
    -10119
    -10120
    -10121
    -10122
    -10123
    -10124
      2528
      2529
    -10125
    -10126
    -10127
      2530
      2531
    -10128
      2532
    -10129
    -10130
    -10131
    -10132
    -10133
    -10134
    -10135
    -10136
    -10137
    -10138
      2533
    -10139
    -10140
      2534
    -10141
    -10142
    -10143
    -10144
    -10145
    -10146
    -10147
    -10148
    -10149
    -10150
    -10151
    -10152
    -10153
    -10154
      2535
    -10155
    -10156
    -10157
    -10158
    -10159
    -10160
    -10161
    -10162
    -10163
    -10164
      2536
    -10165
    -10166
    -10167
      2537
    -10168
    -10169
    -10170
    -10171
    -10172
    -10173
      2538
    -10174
    -10175
    -10176
    -10177
    -10178
      2539
    -10179
    -10180
    -10181
      2540
    -10182
      2541
    -10183
    -10184
    -10185
    -10186
    -10187
    -10188
    -10189
    -10190
    -10191
    -10192
    -10193
    -10194
    -10195
    -10196
    -10197
    -10198
      2542
    -10199
    -10200
      2543
    -10201
      2544
      2545
      2546
    -10202
    -10203
    -10204
    -10205
    -10206
    -10207
    -10208
    -10209
    -10210
    -10211
      2547
      2548
    -10212
    -10213
    -10214
    -10215
    -10216
    -10217
      2549
      2550
    -10218
    -10219
    -10220
    -10221
    -10222
    -10223
      2551
    -10224
    -10225
    -10226
    -10227
    -10228
      2552
    -10229
    -10230
    -10231
    -10232
    -10233
    -10234
    -10235
    -10236
    -10237
    -10238
      2553
    -10239
    -10240
    -10241
    -10242
      2554
      2555
      2556
    -10243
    -10244
    -10245
    -10246
    -10247
    -10248
    -10249
    -10250
    -10251
    -10252
      2557
    -10253
      2558
    -10254
    -10255
    -10256
    -10257
    -10258
    -10259
    -10260
    -10261
    -10262
    -10263
    -10264
    -10265
    -10266
      2559
    -10267
    -10268
      2560
    -10269
    -10270
    -10271
    -10272
    -10273
    -10274
    -10275
    -10276
      2561
    -10277
    -10278
    -10279
    -10280
      2562
      2563
    -10281
    -10282
      2564
      2565
    -10283
    -10284
    -10285
    -10286
    -10287
    -10288
    -10289
    -10290
    -10291
    -10292
      2566
    -10293
    -10294
    -10295
    -10296
    -10297
    -10298
      2567
    -10299
    -10300
    -10301
    -10302
    -10303
    -10304
    -10305
    -10306
    -10307
    -10308
    -10309
      2568
      2569
    -10310
    -10311
    -10312
    -10313
      2570
    -10314
      2571
    -10315
    -10316
      2572
    -10317
      2573
    -10318
    -10319
    -10320
    -10321
    -10322
    -10323
    -10324
      2574
    -10325
    -10326
    -10327
    -10328
    -10329
    -10330
    -10331
      2575
    -10332
    -10333
    -10334
    -10335
    -10336
      2576
      2577
    -10337
    -10338
      2578
    -10339
    -10340
    -10341
      2579
    -10342
    -10343
    -10344
    -10345
    -10346
    -10347
    -10348
    -10349
    -10350
      2580
    -10351
      2581
      2582
    -10352
    -10353
    -10354
    -10355
    -10356
    -10357
    -10358
    -10359
    -10360
    -10361
    -10362
    -10363
    -10364
    -10365
    -10366
    -10367
    -10368
    -10369
    -10370
    -10371
    -10372
    -10373
    -10374
    -10375
    -10376
    -10377
    -10378
    -10379
    -10380
      2583
    -10381
    -10382
      2584
    -10383
    -10384
    -10385
      2585
      2586
    -10386
      2587
    -10387
    -10388
    -10389
    -10390
    -10391
    -10392
      2588
      2589
    -10393
    -10394
    -10395
    -10396
    -10397
    -10398
    -10399
    -10400
      2590
    -10401
    -10402
    -10403
    -10404
    -10405
    -10406
    -10407
    -10408
    -10409
      2591
    -10410
      2592
      2593
    -10411
    -10412
    -10413
    -10414
    -10415
    -10416
      2594
    -10417
    -10418
    -10419
    -10420
    -10421
    -10422
    -10423
    -10424
    -10425
    -10426
      2595
    -10427
      2596
    -10428
      2597
    -10429
    -10430
    -10431
    -10432
    -10433
    -10434
    -10435
    -10436
    -10437
    -10438
    -10439
    -10440
    -10441
    -10442
      2598
    -10443
    -10444
    -10445
    -10446
    -10447
      2599
      2600
    -10448
    -10449
    -10450
    -10451
    -10452
    -10453
    -10454
    -10455
    -10456
      2601
      2602
    -10457
    -10458
    -10459
    -10460
      2603
    -10461
    -10462
    -10463
    -10464
    -10465
    -10466
    -10467
    -10468
    -10469
    -10470
    -10471
    -10472
    -10473
    -10474
    -10475
    -10476
    -10477
    -10478
      2604
      2605
    -10479
    -10480
    -10481
    -10482
    -10483
      2606
    -10484
    -10485
    -10486
    -10487
      2607
    -10488
    -10489
    -10490
    -10491
    -10492
    -10493
    -10494
    -10495
    -10496
      2608
      2609
    -10497
      2610
    -10498
    -10499
    -10500
    -10501
    -10502
    -10503
    -10504
    -10505
    -10506
    -10507
    -10508
      2611
    -10509
      2612
    -10510
    -10511
    -10512
    -10513
      2613
    -10514
    -10515
    -10516
    -10517
    -10518
    -10519
    -10520
    -10521
      2614
    -10522
    -10523
    -10524
    -10525
    -10526
    -10527
    -10528
    -10529
    -10530
    -10531
    -10532
    -10533
    -10534
    -10535
    -10536
      2615
      2616
    -10537
    -10538
    -10539
    -10540
    -10541
    -10542
    -10543
    -10544
    -10545
    -10546
    -10547
    -10548
    -10549
    -10550
    -10551
    -10552
    -10553
    -10554
    -10555
    -10556
    -10557
    -10558
    -10559
    -10560
    -10561
    -10562
    -10563
    -10564
    -10565
    -10566
    -10567
    -10568
    -10569
    -10570
    -10571
    -10572
    -10573
    -10574
    -10575
      2617
    -10576
      2618
    -10577
    -10578
    -10579
    -10580
    -10581
    -10582
      2619
    -10583
    -10584
    -10585
    -10586
    -10587
    -10588
      2620
    -10589
    -10590
    -10591
    -10592
    -10593
    -10594
      2621
    -10595
      2622
    -10596
      2623
    -10597
    -10598
    -10599
    -10600
      2624
    -10601
      2625
      2626
    -10602
    -10603
    -10604
      2627
    -10605
    -10606
    -10607
    -10608
      2628
      2629
    -10609
    -10610
    -10611
    -10612
    -10613
    -10614
    -10615
    -10616
    -10617
    -10618
    -10619
    -10620
    -10621
    -10622
    -10623
      2630
    -10624
    -10625
      2631
    -10626
    -10627
    -10628
    -10629
    -10630
    -10631
      2632
      2633
    -10632
    -10633
    -10634
    -10635
    -10636
    -10637
    -10638
    -10639
    -10640
    -10641
    -10642
    -10643
    -10644
    -10645
    -10646
      2634
    -10647
      2635
      2636
    -10648
    -10649
    -10650
    -10651
    -10652
    -10653
      2637
    -10654
    -10655
    -10656
    -10657
    -10658
    -10659
    -10660
      2638
    -10661
    -10662
    -10663
    -10664
    -10665
    -10666
      2639
      2640
    -10667
    -10668
    -10669
    -10670
    -10671
    -10672
    -10673
    -10674
    -10675
    -10676
    -10677
    -10678
    -10679
    -10680
    -10681
    -10682
    -10683
    -10684
    -10685
    -10686
    -10687
    -10688
      2641
    -10689
    -10690
    -10691
      2642
    -10692
    -10693
    -10694
    -10695
      2643
    -10696
      2644
    -10697
    -10698
    -10699
    -10700
      2645
    -10701
    -10702
      2646
      2647
    -10703
    -10704
    -10705
    -10706
    -10707
    -10708
    -10709
    -10710
    -10711
    -10712
    -10713
      2648
    -10714
    -10715
      2649
    -10716
    -10717
    -10718
    -10719
    -10720
    -10721
    -10722
    -10723
    -10724
    -10725
    -10726
    -10727
    -10728
    -10729
    -10730
    -10731
    -10732
    -10733
    -10734
    -10735
    -10736
    -10737
      2650
    -10738
    -10739
    -10740
    -10741
      2651
    -10742
    -10743
    -10744
    -10745
    -10746
    -10747
      2652
      2653
    -10748
      2654
    -10749
    -10750
    -10751
    -10752
    -10753
    -10754
    -10755
    -10756
    -10757
    -10758
    -10759
    -10760
    -10761
    -10762
    -10763
    -10764
    -10765
    -10766
    -10767
    -10768
    -10769
    -10770
    -10771
    -10772
    -10773
    -10774
    -10775
    -10776
    -10777
    -10778
    -10779
    -10780
    -10781
    -10782
    -10783
    -10784
    -10785
    -10786
    -10787
      2655
    -10788
      2656
      2657
    -10789
    -10790
    -10791
    -10792
      2658
    -10793
    -10794
    -10795
    -10796
      2659
    -10797
    -10798
      2660
    -10799
    -10800
      2661
    -10801
    -10802
    -10803
    -10804
    -10805
    -10806
    -10807
    -10808
    -10809
      2662
    -10810
    -10811
    -10812
    -10813
    -10814
    -10815
      2663
      2664
      2665
    -10816
    -10817
      2666
    -10818
    -10819
    -10820
    -10821
      2667
    -10822
    -10823
    -10824
    -10825
    -10826
    -10827
    -10828
    -10829
    -10830
    -10831
    -10832
    -10833
    -10834
    -10835
    -10836
      2668
    -10837
    -10838
    -10839
    -10840
    -10841
    -10842
      2669
      2670
    -10843
    -10844
    -10845
    -10846
    -10847
      2671
    -10848
    -10849
    -10850
      2672
      2673
    -10851
    -10852
    -10853
      2674
    -10854
    -10855
    -10856
      2675
    -10857
    -10858
    -10859
    -10860
    -10861
    -10862
    -10863
    -10864
    -10865
    -10866
    -10867
    -10868
    -10869
    -10870
    -10871
    -10872
    -10873
    -10874
    -10875
    -10876
      2676
      2677
      2678
    -10877
    -10878
    -10879
      2679
    -10880
    -10881
    -10882
    -10883
      2680
    -10884
    -10885
    -10886
    -10887
    -10888
    -10889
    -10890
    -10891
    -10892
      2681
    -10893
      2682
    -10894
    -10895
    -10896
    -10897
      2683
    -10898
      2684
    -10899
    -10900
    -10901
    -10902
      2685
    -10903
      2686
    -10904
    -10905
    -10906
    -10907
    -10908
    -10909
    -10910
    -10911
    -10912
    -10913
    -10914
    -10915
    -10916
      2687
      2688
      2689
    -10917
    -10918
    -10919
    -10920
      2690
      2691
    -10921
    -10922
    -10923
    -10924
    -10925
    -10926
    -10927
    -10928
    -10929
    -10930
    -10931
    -10932
      2692
    -10933
    -10934
    -10935
    -10936
      2693
    -10937
    -10938
      2694
    -10939
    -10940
    -10941
    -10942
    -10943
    -10944
    -10945
    -10946
    -10947
    -10948
      2695
      2696
      2697
    -10949
    -10950
      2698
    -10951
    -10952
    -10953
    -10954
    -10955
    -10956
    -10957
    -10958
    -10959
    -10960
    -10961
    -10962
      2699
    -10963
    -10964
    -10965
    -10966
    -10967
      2700
    -10968
      2701
    -10969
    -10970
    -10971
    -10972
    -10973
    -10974
    -10975
    -10976
    -10977
    -10978
    -10979
    -10980
    -10981
    -10982
      2702
    -10983
    -10984
    -10985
    -10986
    -10987
    -10988
    -10989
    -10990
    -10991
      2703
    -10992
    -10993
    -10994
    -10995
      2704
    -10996
    -10997
    -10998
      2705
    -10999
    -11000
    -11001
      2706
    -11002
    -11003
    -11004
    -11005
    -11006
    -11007
    -11008
    -11009
    -11010
      2707
      2708
    -11011
    -11012
    -11013
    -11014
      2709
      2710
    -11015
    -11016
    -11017
      2711
    -11018
    -11019
    -11020
    -11021
    -11022
    -11023
    -11024
    -11025
    -11026
      2712
    -11027
      2713
    -11028
      2714
    -11029
    -11030
    -11031
    -11032
    -11033
    -11034
    -11035
    -11036
    -11037
    -11038
    -11039
    -11040
    -11041
    -11042
    -11043
    -11044
    -11045
    -11046
    -11047
    -11048
    -11049
    -11050
    -11051
    -11052
    -11053
    -11054
    -11055
      2715
      2716
    -11056
    -11057
    -11058
    -11059
    -11060
    -11061
      2717
    -11062
    -11063
      2718
      2719
    -11064
    -11065
    -11066
    -11067
    -11068
    -11069
    -11070
    -11071
      2720
    -11072
    -11073
    -11074
    -11075
    -11076
    -11077
    -11078
      2721
    -11079
    -11080
    -11081
    -11082
    -11083
    -11084
    -11085
    -11086
    -11087
    -11088
    -11089
    -11090
    -11091
    -11092
    -11093
    -11094
    -11095
      2722
      2723
    -11096
    -11097
    -11098
    -11099
    -11100
    -11101
    -11102
      2724
      2725
      2726
    -11103
    -11104
    -11105
    -11106
    -11107
    -11108
    -11109
    -11110
    -11111
    -11112
    -11113
    -11114
    -11115
    -11116
    -11117
      2727
    -11118
    -11119
    -11120
    -11121
    -11122
    -11123
      2728
    -11124
    -11125
    -11126
    -11127
    -11128
    -11129
    -11130
      2729
    -11131
    -11132
    -11133
      2730
    -11134
      2731
    -11135
    -11136
      2732
      2733
      2734
    -11137
    -11138
    -11139
    -11140
    -11141
      2735
    -11142
    -11143
    -11144
    -11145
    -11146
    -11147
    -11148
    -11149
    -11150
    -11151
    -11152
    -11153
    -11154
    -11155
    -11156
    -11157
      2736
      2737
    -11158
    -11159
      2738
    -11160
    -11161
    -11162
    -11163
    -11164
    -11165
    -11166
    -11167
    -11168
    -11169
    -11170
    -11171
      2739
      2740
    -11172
    -11173
    -11174
    -11175
    -11176
    -11177
    -11178
    -11179
    -11180
    -11181
    -11182
    -11183
    -11184
    -11185
    -11186
    -11187
    -11188
    -11189
    -11190
    -11191
    -11192
    -11193
    -11194
    -11195
      2741
    -11196
    -11197
    -11198
    -11199
    -11200
    -11201
    -11202
    -11203
    -11204
    -11205
      2742
    -11206
    -11207
      2743
    -11208
    -11209
    -11210
    -11211
    -11212
    -11213
    -11214
    -11215
    -11216
    -11217
    -11218
    -11219
    -11220
    -11221
    -11222
    -11223
    -11224
    -11225
    -11226
    -11227
    -11228
      2744
    -11229
    -11230
      2745
    -11231
    -11232
    -11233
    -11234
    -11235
    -11236
    -11237
    -11238
      2746
    -11239
    -11240
    -11241
    -11242
    -11243
    -11244
    -11245
    -11246
      2747
    -11247
    -11248
    -11249
    -11250
    -11251
    -11252
      2748
    -11253
    -11254
    -11255
    -11256
    -11257
    -11258
    -11259
    -11260
    -11261
    -11262
    -11263
    -11264
    -11265
    -11266
    -11267
    -11268
      2749
      2750
      2751
    -11269
    -11270
    -11271
    -11272
    -11273
    -11274
    -11275
    -11276
    -11277
    -11278
    -11279
    -11280
      2752
    -11281
    -11282
    -11283
    -11284
    -11285
    -11286
    -11287
    -11288
    -11289
    -11290
    -11291
    -11292
      2753
    -11293
    -11294
    -11295
    -11296
    -11297
    -11298
      2754
    -11299
    -11300
    -11301
    -11302
      2755
    -11303
    -11304
    -11305
      2756
    -11306
    -11307
      2757
    -11308
    -11309
    -11310
    -11311
    -11312
    -11313
    -11314
    -11315
    -11316
    -11317
    -11318
    -11319
    -11320
    -11321
      2758
    -11322
    -11323
    -11324
    -11325
    -11326
    -11327
    -11328
      2759
    -11329
    -11330
    -11331
    -11332
      2760
    -11333
      2761
    -11334
    -11335
    -11336
      2762
    -11337
    -11338
    -11339
    -11340
    -11341
    -11342
    -11343
    -11344
    -11345
    -11346
    -11347
    -11348
      2763
    -11349
    -11350
    -11351
      2764
      2765
      2766
    -11352
    -11353
    -11354
    -11355
    -11356
    -11357
    -11358
    -11359
    -11360
    -11361
    -11362
    -11363
    -11364
    -11365
    -11366
    -11367
    -11368
      2767
    -11369
      2768
    -11370
    -11371
    -11372
    -11373
      2769
      2770
    -11374
      2771
    -11375
      2772
    -11376
    -11377
    -11378
    -11379
    -11380
    -11381
    -11382
    -11383
    -11384
    -11385
    -11386
    -11387
    -11388
    -11389
    -11390
    -11391
    -11392
    -11393
      2773
    -11394
    -11395
      2774
    -11396
    -11397
    -11398
    -11399
    -11400
      2775
    -11401
    -11402
    -11403
      2776
    -11404
    -11405
    -11406
    -11407
    -11408
    -11409
    -11410
      2777
    -11411
    -11412
    -11413
      2778
    -11414
    -11415
    -11416
    -11417
    -11418
      2779
    -11419
    -11420
    -11421
    -11422
    -11423
    -11424
      2780
      2781
    -11425
    -11426
    -11427
      2782
    -11428
    -11429
    -11430
    -11431
    -11432
    -11433
      2783
    -11434
    -11435
    -11436
      2784
    -11437
    -11438
    -11439
    -11440
    -11441
    -11442
    -11443
    -11444
      2785
    -11445
      2786
      2787
    -11446
    -11447
      2788
      2789
      2790
    -11448
    -11449
    -11450
    -11451
    -11452
    -11453
    -11454
    -11455
    -11456
    -11457
    -11458
    -11459
      2791
    -11460
    -11461
    -11462
    -11463
    -11464
    -11465
    -11466
    -11467
      2792
      2793
    -11468
    -11469
    -11470
    -11471
    -11472
    -11473
    -11474
    -11475
    -11476
    -11477
    -11478
    -11479
    -11480
    -11481
    -11482
    -11483
    -11484
    -11485
    -11486
      2794
      2795
    -11487
    -11488
    -11489
    -11490
    -11491
    -11492
    -11493
    -11494
    -11495
      2796
      2797
    -11496
    -11497
    -11498
    -11499
    -11500
    -11501
    -11502
    -11503
    -11504
    -11505
    -11506
    -11507
    -11508
    -11509
      2798
    -11510
    -11511
      2799
    -11512
    -11513
    -11514
    -11515
    -11516
    -11517
    -11518
    -11519
    -11520
    -11521
    -11522
    -11523
    -11524
    -11525
    -11526
    -11527
    -11528
      2800
    -11529
    -11530
    -11531
    -11532
    -11533
    -11534
    -11535
      2801
    -11536
    -11537
    -11538
    -11539
    -11540
    -11541
    -11542
    -11543
    -11544
    -11545
    -11546
    -11547
    -11548
      2802
    -11549
    -11550
    -11551
    -11552
    -11553
    -11554
      2803
    -11555
    -11556
    -11557
    -11558
    -11559
    -11560
    -11561
    -11562
    -11563
    -11564
    -11565
      2804
      2805
    -11566
    -11567
    -11568
    -11569
    -11570
    -11571
    -11572
    -11573
    -11574
      2806
    -11575
    -11576
    -11577
    -11578
    -11579
    -11580
    -11581
    -11582
    -11583
    -11584
    -11585
    -11586
    -11587
    -11588
    -11589
    -11590
    -11591
    -11592
    -11593
      2807
      2808
    -11594
    -11595
    -11596
    -11597
    -11598
      2809
    -11599
      2810
    -11600
      2811
    -11601
      2812
      2813
    -11602
    -11603
    -11604
    -11605
    -11606
    -11607
    -11608
    -11609
    -11610
    -11611
    -11612
    -11613
    -11614
      2814
    -11615
    -11616
    -11617
    -11618
    -11619
    -11620
    -11621
    -11622
    -11623
    -11624
    -11625
    -11626
    -11627
    -11628
    -11629
    -11630
    -11631
    -11632
    -11633
    -11634
    -11635
    -11636
    -11637
    -11638
    -11639
    -11640
    -11641
    -11642
      2815
      2816
    -11643
    -11644
