      2816          6
    0.000000000000000e+00    3.273853022358263e-02    3.492696919506498e-18   -3.437117160090901e-02    8.680548542410772e-05    3.415432452911697e-02
    0.000000000000000e+00    0.000000000000000e+00   -3.247849012308161e-02   -3.521965737827491e-02   -3.494193114376098e-02    5.174262996137588e-04
    0.000000000000000e+00    3.273853022358256e-02    8.406042923196770e-17   -3.437117160090899e-02    8.680548542416471e-05   -3.535017802408863e-02
    0.000000000000000e+00    3.273853022358256e-02    3.612628033543265e-18   -3.437117160090912e-02    8.680548542411787e-05    3.415432452911688e-02
    0.000000000000000e+00    0.000000000000000e+00   -3.247849012308150e-02   -3.755070850001057e-04   -4.961814834782780e-04    6.777739084142093e-06
    3.270349700838643e-02   -2.356171688057635e-18    1.567503306523144e-34   -1.905069978718373e-18    3.458956048636309e-02   -3.596504497003368e-02
    0.000000000000000e+00    0.000000000000000e+00   -3.247849012308150e-02   -3.521965737827466e-02   -4.081814753459399e-04    1.652015970306762e-04
    3.270349700838643e-02   -2.356171688057635e-18    1.567503306523144e-34   -1.905069978718373e-18    5.581081776844513e-05    3.389168228575681e-02
    0.000000000000000e+00    3.273853022358256e-02    3.612628033543265e-18    4.729786925257620e-04   -1.194522708642837e-06   -3.550860188203595e-02
    0.000000000000000e+00    3.273853022358256e-02    3.612628033543265e-18    3.531712898597452e-02   -8.919453084144605e-05   -9.147744635681270e-04
    0.000000000000000e+00    3.273853022358256e-02    3.612628033543265e-18   -3.437117160090906e-02    8.680548542412481e-05    1.677819889081548e-02
    3.270349700838643e-02   -2.356171688057635e-18    1.567503306523144e-34   -1.905069978718373e-18    5.581081776844513e-05   -3.561282026744879e-02
    0.000000000000000e+00    3.273853022358256e-02    3.612628033543265e-18    4.729786925257620e-04   -1.194522708642837e-06    3.399590067116963e-02
    0.000000000000000e+00    0.000000000000000e+00   -3.247849012308150e-02   -3.521965737827466e-02    3.412556819344208e-02   -1.870231055562122e-04
    0.000000000000000e+00    3.273853022358256e-02    3.612628033543265e-18    1.789505383925363e-02   -4.519452677505344e-05   -3.558781381100963e-02
    0.000000000000000e+00    0.000000000000000e+00   -3.247849012308150e-02   -1.779758223155375e-02    3.408156818937568e-02   -2.662350345298491e-04
    0.000000000000000e+00    0.000000000000000e+00   -3.247849012308150e-02   -1.779758223155375e-02    3.408156818937568e-02   -2.662350345298491e-04
    3.270349700838643e-02   -2.356171688057635e-18    1.567503306523144e-34   -1.905069978718373e-18    5.581081776844513e-05    3.389168228575681e-02
    3.270349700838643e-02   -2.356171688057635e-18    1.567503306523144e-34   -1.905069978718373e-18    1.732268565206231e-02    1.633944429616298e-02
    0.000000000000000e+00    3.273853022358256e-02    3.612628033543265e-18   -3.437117160090906e-02    8.680548542412481e-05   -1.797405238578731e-02
    0.000000000000000e+00    3.273853022358256e-02    3.612628033543265e-18    9.184016265893177e-03   -2.319452474185725e-05   -9.484019389070711e-03
    0.000000000000000e+00    3.273853022358256e-02    3.612628033543265e-18   -1.694909645418817e-02    4.280548135773221e-05   -1.805326431476096e-02
    0.000000000000000e+00    0.000000000000000e+00   -3.247849012308150e-02   -1.779758223155375e-02   -3.498593114782740e-02    4.382143706401240e-04
    0.000000000000000e+00    3.273853022358256e-02    3.612628033543265e-18    3.531712898597452e-02   -8.919453084144605e-05   -9.147744635681270e-04
    0.000000000000000e+00    3.273853022358256e-02    3.612628033543265e-18   -3.437117160090906e-02    8.680548542412481e-05    8.090136071664781e-03
    0.000000000000000e+00    3.273853022358256e-02    3.612628033543265e-18   -1.694909645418817e-02    4.280548135773221e-05   -3.542938995306234e-02
    0.000000000000000e+00    0.000000000000000e+00   -3.247849012308150e-02   -3.521965737827466e-02   -1.983341566374783e-02    3.633279922328290e-04
    0.000000000000000e+00    3.273853022358256e-02    3.612628033543265e-18   -3.437117160090906e-02    8.680548542412481e-05   -9.285989566636618e-03
    3.270349700838643e-02   -2.356171688057635e-18    1.567503306523144e-34   -1.905069978718373e-18    1.732268565206231e-02   -9.724744161289123e-03
    0.000000000000000e+00    3.273853022358256e-02    3.612628033543265e-18   -1.694909645418817e-02    4.280548135773221e-05   -3.542938995306234e-02
    0.000000000000000e+00    0.000000000000000e+00   -3.247849012308150e-02    1.704656806188804e-02    3.399356818124292e-02   -4.246588924771228e-04
    0.000000000000000e+00    0.000000000000000e+00   -3.247849012308150e-02   -1.779758223155375e-02   -4.521814794123325e-04    8.598966805703922e-05
    0.000000000000000e+00    3.273853022358256e-02    3.612628033543265e-18    1.858361011831723e-02   -4.693349752472532e-05   -2.758962187026483e-02
    3.270349700838643e-02   -2.356171688057635e-18    1.567503306523144e-34   -1.905069978718373e-18    3.458956048636309e-02    3.353945758317190e-02
    0.000000000000000e+00    3.273853022358256e-02    3.612628033543265e-18    3.531712898597452e-02   -8.919453084144605e-05   -3.566702573998325e-02
    0.000000000000000e+00    0.000000000000000e+00   -3.247849012308150e-02    1.704656806188804e-02   -3.507393115596018e-02    2.797905126928504e-04
    3.270349700838643e-02   -2.356171688057635e-18    1.567503306523144e-34   -1.905069978718373e-18   -3.447793885084001e-02   -2.657253274571303e-02
    0.000000000000000e+00    0.000000000000000e+00   -3.247849012308150e-02   -3.521965737827466e-02    3.412556819344208e-02   -1.870231055562122e-04
    0.000000000000000e+00    3.273853022358256e-02    3.612628033543265e-18    1.789505383925363e-02   -4.519452677505344e-05    3.391668874219596e-02
    0.000000000000000e+00    0.000000000000000e+00   -3.247849012308150e-02    3.446864320860894e-02    3.394956817717652e-02   -5.038708214507602e-04
    0.000000000000000e+00    0.000000000000000e+00   -3.247849012308150e-02   -2.215310101823397e-02   -3.497493114681079e-02    4.580173528835334e-04
    3.270349700838643e-02   -2.356171688057635e-18    1.567503306523144e-34   -1.905069978718373e-18   -3.447793885084001e-02   -9.196407107411641e-03
    0.000000000000000e+00    3.273853022358256e-02    3.612628033543265e-18    3.531712898597452e-02   -8.919453084144605e-05    1.646135117492093e-02
    0.000000000000000e+00    3.273853022358256e-02    3.612628033543265e-18    3.531712898597452e-02   -8.919453084144605e-05   -1.829090010168187e-02
    0.000000000000000e+00    3.273853022358256e-02    3.612628033543265e-18   -9.326938577497777e-03    2.355547957868551e-05   -3.546404517198831e-02
    0.000000000000000e+00    3.273853022358256e-02    3.612628033543265e-18   -3.437117160090906e-02    8.680548542412481e-05   -3.535017802408873e-02
    3.270349700838643e-02   -2.356171688057635e-18    1.567503306523144e-34   -1.905069978718373e-18   -8.577626599388847e-03   -2.683670127265178e-02
    0.000000000000000e+00    3.273853022358256e-02    3.612628033543265e-18    9.184016265893177e-03   -2.319452474185725e-05    3.395629470668278e-02
    0.000000000000000e+00    3.273853022358256e-02    3.612628033543265e-18    9.184016265893177e-03   -2.319452474185725e-05   -3.554820784652281e-02
    3.270349700838643e-02   -2.356171688057635e-18    1.567503306523144e-34   -1.905069978718373e-18   -2.563894339968483e-02   -3.535074831612330e-02
    0.000000000000000e+00    0.000000000000000e+00   -3.247849012308150e-02   -2.650861980491420e-02   -4.301814773791362e-04    1.255956325438578e-04
    0.000000000000000e+00    3.273853022358256e-02    3.612628033543265e-18    2.660609141261407e-02   -6.719452880824964e-05    2.518901995855843e-02
    3.270349700838643e-02   -2.356171688057635e-18    1.567503306523144e-34   -1.905069978718373e-18   -1.721106401653923e-02   -9.372519458704135e-03
    0.000000000000000e+00    3.273853022358256e-02    3.612628033543265e-18   -3.437117160090906e-02    8.680548542412481e-05    8.090136071664781e-03
    0.000000000000000e+00    0.000000000000000e+00   -3.247849012308150e-02    8.335530488527596e-03   -3.505193115392698e-02    3.193964771796690e-04
    3.270349700838643e-02   -2.356171688057635e-18    1.567503306523144e-34   -1.905069978718373e-18    3.458956048636309e-02   -1.858891933173231e-02
    0.000000000000000e+00    0.000000000000000e+00   -3.247849012308150e-02    8.335530488527596e-03   -3.505193115392698e-02    3.193964771796690e-04
    0.000000000000000e+00    3.273853022358256e-02    3.612628033543265e-18   -2.052684402866254e-02    5.184119647775477e-05   -4.229183455965644e-03
    3.270349700838643e-02   -2.356171688057635e-18    1.567503306523144e-34   -1.905069978718373e-18    3.458956048636309e-02   -1.858891933173231e-02
    0.000000000000000e+00    3.273853022358256e-02    3.612628033543265e-18   -3.437117160090906e-02    8.680548542412481e-05    8.090136071664781e-03
    0.000000000000000e+00    0.000000000000000e+00   -3.247849012308150e-02   -1.779758223155375e-02    8.181255937924535e-03   -2.066507591109134e-06
    3.270349700838643e-02   -2.356171688057635e-18    1.567503306523144e-34   -1.905069978718373e-18    3.458956048636309e-02   -9.900856512581616e-03
    3.270349700838643e-02   -2.356171688057635e-18    1.567503306523144e-34   -1.905069978718373e-18   -2.584450143368962e-02    1.677972517439421e-02
    0.000000000000000e+00    0.000000000000000e+00   -3.247849012308150e-02    1.704656806188804e-02   -3.507393115596018e-02    2.797905126928504e-04
    3.270349700838643e-02   -2.356171688057635e-18    1.567503306523144e-34   -1.905069978718373e-18    8.233166347481802e-03   -3.569622466595822e-02
    0.000000000000000e+00    0.000000000000000e+00   -3.247849012308150e-02   -3.755070850001057e-04   -3.502993115189336e-02    3.590024416672470e-04
    3.270349700838643e-02   -2.356171688057635e-18    1.567503306523144e-34   -1.905069978718373e-18    3.458956048636309e-02    7.475269125719779e-03
    3.270349700838643e-02   -2.356171688057635e-18    1.567503306523144e-34   -1.905069978718373e-18   -1.690671530005232e-02   -3.543981210082125e-02
    3.270349700838643e-02   -2.356171688057635e-18    1.567503306523144e-34   -1.905069978718373e-18    3.458956048636309e-02    3.131237716005422e-03
    0.000000000000000e+00    3.273853022358256e-02    3.612628033543265e-18   -3.437117160090906e-02    8.680548542412481e-05   -2.231808379536266e-02
    3.270349700838643e-02   -2.356171688057635e-18    1.567503306523144e-34   -1.905069978718373e-18    1.084760758919952e-02   -3.572289048700653e-02
    3.270349700838643e-02   -2.356171688057635e-18    1.567503306523144e-34   -1.905069978718373e-18    3.458956048636309e-02    2.485139476402119e-02
    0.000000000000000e+00    0.000000000000000e+00   -3.247849012308150e-02    1.704656806188804e-02   -3.507393115596018e-02    2.797905126928504e-04
    0.000000000000000e+00    3.273853022358256e-02    3.612628033543265e-18    9.184016265893177e-03   -2.319452474185725e-05   -3.554820784652281e-02
    3.270349700838643e-02   -2.356171688057635e-18    1.567503306523144e-34   -1.905069978718373e-18    3.458956048636309e-02   -1.212793693597728e-03
    0.000000000000000e+00    3.273853022358256e-02    3.612628033543265e-18   -3.437117160090906e-02    8.680548542412481e-05   -9.285989566636618e-03
    3.270349700838643e-02   -2.356171688057635e-18    1.567503306523144e-34   -1.905069978718373e-18    1.315918353651165e-02   -3.574646725345552e-02
    0.000000000000000e+00    0.000000000000000e+00   -3.247849012308150e-02   -3.521965737827466e-02   -1.642481609802440e-03    1.777907598621551e-04
    3.270349700838643e-02   -2.356171688057635e-18    1.567503306523144e-34   -1.905069978718373e-18    3.458956048636309e-02   -2.727698215088301e-02
    0.000000000000000e+00    3.273853022358256e-02    3.612628033543265e-18   -3.437117160090906e-02    8.680548542412481e-05   -3.535017802408873e-02
    0.000000000000000e+00    0.000000000000000e+00   -3.247849012308150e-02   -2.650861980491420e-02   -3.496393114579420e-02    4.778203351269422e-04
    0.000000000000000e+00    0.000000000000000e+00   -3.247849012308150e-02    8.335530488527596e-03    3.401556818327611e-02   -3.850529279903046e-04
    0.000000000000000e+00    3.273853022358256e-02    3.612628033543265e-18    3.531712898597452e-02   -8.919453084144605e-05   -9.602837282531166e-03
    3.270349700838643e-02   -2.356171688057635e-18    1.567503306523144e-34   -1.905069978718373e-18    2.595612306921270e-02   -2.718892597523676e-02
    0.000000000000000e+00    0.000000000000000e+00   -3.247849012308150e-02   -2.650861980491420e-02    3.410356819140890e-02   -2.266290700430307e-04
    0.000000000000000e+00    0.000000000000000e+00   -3.247849012308150e-02   -2.215310101823397e-02    3.409256819039230e-02   -2.464320522864398e-04
    0.000000000000000e+00    0.000000000000000e+00   -3.247849012308150e-02   -3.521965737827466e-02    1.888215525378593e-02   -3.154892043080814e-05
    0.000000000000000e+00    3.273853022358256e-02    3.612628033543265e-18   -2.566013402754862e-02    6.480548339092862e-05    3.411471856463007e-02
    0.000000000000000e+00    0.000000000000000e+00   -3.247849012308150e-02   -9.086544658193300e-03   -3.500793114986060e-02    3.986084061533054e-04
    3.270349700838643e-02   -2.356171688057635e-18    1.567503306523144e-34   -1.905069978718373e-18    3.458956048636309e-02   -3.596504497003370e-02
    0.000000000000000e+00    0.000000000000000e+00   -3.247849012308150e-02   -3.521965737827466e-02    2.549213077629170e-02   -9.896692990996569e-05
    0.000000000000000e+00    3.273853022358256e-02    3.612628033543265e-18   -1.694909645418817e-02    4.280548135773221e-05    3.407511260014325e-02
    0.000000000000000e+00    0.000000000000000e+00   -3.247849012308150e-02    3.446864320860894e-02    3.394956817717652e-02   -5.038708214507602e-04
    3.270349700838643e-02   -2.356171688057635e-18    1.567503306523144e-34   -1.905069978718373e-18    3.458956048636309e-02    2.485139476402119e-02
    3.270349700838643e-02   -2.356171688057635e-18    1.567503306523144e-34   -1.905069978718373e-18   -3.447793885084001e-02    8.179718530889751e-03
    0.000000000000000e+00    3.273853022358256e-02    3.612628033543265e-18    3.531712898597452e-02   -8.919453084144605e-05   -2.697896292083257e-02
    0.000000000000000e+00    0.000000000000000e+00   -3.247849012308150e-02   -3.755070850001057e-04    3.403756818530972e-02   -3.454469635027254e-04
    0.000000000000000e+00    0.000000000000000e+00   -3.247849012308150e-02   -3.521965737827466e-02   -9.970856155078266e-03    2.627354668626022e-04
    0.000000000000000e+00    0.000000000000000e+00   -3.247849012308150e-02   -2.650861980491420e-02    3.410356819140890e-02   -2.266290700430307e-04
    3.270349700838643e-02   -2.356171688057635e-18    1.567503306523144e-34   -1.905069978718373e-18   -8.577626599388847e-03    3.397973846140313e-02
    0.000000000000000e+00    3.273853022358256e-02    3.612628033543265e-18    9.184016265893177e-03   -2.319452474185725e-05   -3.554820784652281e-02
    3.270349700838643e-02   -2.356171688057635e-18    1.567503306523144e-34   -1.905069978718373e-18   -3.447793885084001e-02   -2.657253274571303e-02
    3.270349700838643e-02   -2.356171688057635e-18    1.567503306523144e-34   -1.905069978718373e-18   -2.584450143368962e-02   -1.797252610220859e-02
    0.000000000000000e+00    3.273853022358256e-02    3.612628033543265e-18    2.660609141261407e-02   -6.719452880824964e-05   -3.562741977549643e-02
    3.270349700838643e-02   -2.356171688057635e-18    1.567503306523144e-34   -1.905069978718373e-18    8.689248234911927e-03    1.642750047180923e-02
    0.000000000000000e+00    3.273853022358256e-02    3.612628033543265e-18   -3.437117160090906e-02    8.680548542412481e-05    8.090136071664781e-03
    0.000000000000000e+00    0.000000000000000e+00   -3.247849012308150e-02    3.446864320860894e-02    8.049255925725357e-03   -2.397022945120200e-04
    3.270349700838643e-02   -2.356171688057635e-18    1.567503306523144e-34   -1.905069978718373e-18    3.458956048636309e-02   -3.596504497003370e-02
    0.000000000000000e+00    0.000000000000000e+00   -3.247849012308150e-02   -3.521965737827466e-02    8.225255941990927e-03    7.714542138252742e-05
    0.000000000000000e+00    3.273853022358256e-02    3.612628033543265e-18   -3.437117160090906e-02    8.680548542412481e-05   -2.666211520493801e-02
    3.270349700838643e-02   -2.356171688057635e-18    1.567503306523144e-34   -1.905069978718373e-18    2.163940436063751e-02    3.367154184664126e-02
    0.000000000000000e+00    3.273853022358256e-02    3.612628033543265e-18   -2.130461524086839e-02    5.380548237433019e-05   -2.237749274209290e-02
    0.000000000000000e+00    3.273853022358256e-02    3.612628033543265e-18   -8.238058880827719e-03    2.080547932453579e-05    3.403550663565641e-02
    0.000000000000000e+00    3.273853022358256e-02    3.612628033543265e-18   -3.437117160090906e-02    8.680548542412481e-05   -9.285989566636618e-03
    3.270349700838643e-02   -2.356171688057635e-18    1.567503306523144e-34   -1.905069978718373e-18    5.581081776844513e-05    3.389168228575681e-02
    0.000000000000000e+00    3.273853022358256e-02    3.612628033543265e-18    4.729786925257620e-04   -1.194522708642837e-06    1.661977503286824e-02
    0.000000000000000e+00    0.000000000000000e+00   -3.247849012308150e-02    3.446864320860894e-02    1.668269334287574e-02   -3.277584701582662e-04
    0.000000000000000e+00    3.273853022358256e-02    3.612628033543265e-18    3.531712898597452e-02   -8.919453084144605e-05   -2.697896292083257e-02
    3.270349700838643e-02   -2.356171688057635e-18    1.567503306523144e-34   -1.905069978718373e-18   -3.447793885084001e-02    1.686778135004046e-02
    3.270349700838643e-02   -2.356171688057635e-18    1.567503306523144e-34   -1.905069978718373e-18   -1.721106401653923e-02    3.406779463704937e-02
    3.270349700838643e-02   -2.356171688057635e-18    1.567503306523144e-34   -1.905069978718373e-18    3.458956048636309e-02    3.353945758317190e-02
    0.000000000000000e+00    3.273853022358256e-02    3.612628033543265e-18   -3.437117160090906e-02    8.680548542412481e-05    2.546626170996618e-02
    0.000000000000000e+00    0.000000000000000e+00   -3.247849012308150e-02    3.446864320860894e-02    2.531613076002612e-02   -4.158146458045131e-04
    0.000000000000000e+00    0.000000000000000e+00   -3.247849012308150e-02    1.051328988186771e-02    3.401006818276781e-02   -3.949544191120091e-04
    3.270349700838643e-02   -2.356171688057635e-18    1.567503306523144e-34   -1.905069978718373e-18    2.595612306921270e-02   -3.587698879438746e-02
    0.000000000000000e+00    3.273853022358256e-02    3.612628033543265e-18   -2.566013402754862e-02    6.480548339092862e-05    3.411471856463007e-02
    0.000000000000000e+00    3.273853022358256e-02    3.612628033543265e-18    9.184016265893177e-03   -2.319452474185725e-05    3.395629470668278e-02
    0.000000000000000e+00    0.000000000000000e+00   -3.247849012308150e-02   -3.521965737827466e-02    3.412556819344208e-02   -1.870231055562122e-04
    3.270349700838643e-02   -2.356171688057635e-18    1.567503306523144e-34   -1.905069978718373e-18   -1.721106401653923e-02   -2.674864509700553e-02
    0.000000000000000e+00    0.000000000000000e+00   -3.247849012308150e-02   -9.086544658193300e-03   -4.741814814455287e-04    4.638370357022083e-05
    3.270349700838643e-02   -2.356171688057635e-18    1.567503306523144e-34   -1.905069978718373e-18   -3.447793885084001e-02   -4.852375697975302e-03
    0.000000000000000e+00    0.000000000000000e+00   -3.247849012308150e-02   -4.731025871652455e-03    2.541513076917586e-02   -2.375878056131963e-04
    0.000000000000000e+00    3.273853022358256e-02    3.612628033543265e-18   -2.317126614974429e-02    5.851976852505534e-05   -1.269424617786182e-03
    0.000000000000000e+00    0.000000000000000e+00   -3.247849012308150e-02    3.446864320860894e-02   -1.200855592955927e-03   -1.453563920307784e-04
    3.270349700838643e-02   -2.356171688057635e-18    1.567503306523144e-34   -1.905069978718373e-18   -8.577626599388847e-03    3.397973846140313e-02
    0.000000000000000e+00    0.000000000000000e+00   -3.247849012308150e-02    3.446864320860894e-02    3.394956817717652e-02   -5.038708214507602e-04
    3.270349700838643e-02   -2.356171688057635e-18    1.567503306523144e-34   -1.905069978718373e-18   -3.447793885084001e-02    2.555584416919116e-02
    0.000000000000000e+00    3.273853022358256e-02    3.612628033543265e-18    3.531712898597452e-02   -8.919453084144605e-05   -3.566702573998325e-02
    3.270349700838643e-02   -2.356171688057635e-18    1.567503306523144e-34   -1.905069978718373e-18    5.581081776844513e-05    7.827493828304695e-03
    0.000000000000000e+00    0.000000000000000e+00   -3.247849012308150e-02    8.335530488527596e-03   -3.505193115392698e-02    3.193964771796690e-04
    0.000000000000000e+00    0.000000000000000e+00   -3.247849012308150e-02    3.446864320860894e-02    8.049255925725357e-03   -2.397022945120200e-04
    0.000000000000000e+00    3.273853022358256e-02    3.612628033543265e-18    3.531712898597452e-02   -8.919453084144605e-05    7.773288355770231e-03
    0.000000000000000e+00    0.000000000000000e+00   -3.247849012308150e-02    8.335530488527596e-03   -3.505193115392698e-02    3.193964771796690e-04
    3.270349700838643e-02   -2.356171688057635e-18    1.567503306523144e-34   -1.905069978718373e-18    1.948104500634991e-02   -2.929489954828975e-02
    0.000000000000000e+00    0.000000000000000e+00   -3.247849012308150e-02   -2.868637919825431e-02   -3.495843114528589e-02    4.877218262486470e-04
    0.000000000000000e+00    3.273853022358256e-02    3.612628033543265e-18    3.531712898597452e-02   -8.919453084144605e-05    3.383747681322233e-02
    3.270349700838643e-02   -2.356171688057635e-18    1.567503306523144e-34   -1.905069978718373e-18    2.241988251970442e-02   -3.584092114208291e-02
    0.000000000000000e+00    0.000000000000000e+00   -3.247849012308150e-02   -3.521965737827466e-02    7.618217373597541e-03    8.333687123265441e-05
    0.000000000000000e+00    0.000000000000000e+00   -3.247849012308150e-02   -1.779758223155375e-02   -3.498593114782740e-02    4.382143706401240e-04
    0.000000000000000e+00    0.000000000000000e+00   -3.247849012308150e-02   -1.344206344487352e-02   -3.499693114884399e-02    4.184113883967148e-04
    3.270349700838643e-02   -2.356171688057635e-18    1.567503306523144e-34   -1.905069978718373e-18   -5.725508881025759e-03   -3.225727472261501e-03
    0.000000000000000e+00    3.273853022358256e-02    3.612628033543265e-18   -1.643058231294989e-02    4.149595742726884e-05    9.408964938543708e-04
    0.000000000000000e+00    0.000000000000000e+00   -3.247849012308150e-02    3.446864320860894e-02    1.026023105769708e-03   -1.680692944777617e-04
    0.000000000000000e+00    3.273853022358256e-02    3.612628033543265e-18   -3.437117160090906e-02    8.680548542412481e-05   -1.797405238578731e-02
    0.000000000000000e+00    0.000000000000000e+00   -3.247849012308150e-02    2.575760563524849e-02   -1.782905632369261e-02    6.407219691353828e-05
    3.270349700838643e-02   -2.356171688057635e-18    1.567503306523144e-34   -1.905069978718373e-18    1.595504221070959e-02   -3.577498342964373e-02
    0.000000000000000e+00    3.273853022358256e-02    3.612628033543265e-18   -6.159010041373247e-04    1.555477545489097e-06    3.400085141673046e-02
    0.000000000000000e+00    0.000000000000000e+00   -3.247849012308150e-02    1.269104927520782e-02    1.242097463938354e-02   -1.847154711180969e-04
    0.000000000000000e+00    0.000000000000000e+00   -3.247849012308150e-02   -3.521965737827466e-02   -3.494193114376102e-02    5.174262996137608e-04
    0.000000000000000e+00    0.000000000000000e+00   -3.247849012308150e-02    3.446864320860894e-02   -9.217618908575417e-03   -6.358994321952720e-05
    3.270349700838643e-02   -2.356171688057635e-18    1.567503306523144e-34   -1.905069978718373e-18   -3.447793885084001e-02    8.179718530889751e-03
    0.000000000000000e+00    3.273853022358256e-02    3.612628033543265e-18    3.531712898597452e-02   -8.919453084144605e-05   -9.147744635681270e-04
    0.000000000000000e+00    0.000000000000000e+00   -3.247849012308150e-02    8.335530488527596e-03   -5.181814855119218e-04   -3.282822540341593e-05
    3.270349700838643e-02   -2.356171688057635e-18    1.567503306523144e-34   -1.905069978718373e-18   -3.447793885084001e-02   -5.083442884277546e-04
    0.000000000000000e+00    3.273853022358256e-02    3.612628033543265e-18    2.240563460778113e-02   -5.658614175120388e-05    3.389618074871886e-02
    0.000000000000000e+00    3.273853022358256e-02    3.612628033543265e-18   -1.948981574618600e-02    4.922214861682781e-05   -2.672977539427072e-02
    0.000000000000000e+00    0.000000000000000e+00   -3.247849012308150e-02   -3.521965737827466e-02   -2.630849372661062e-02    4.293701239675141e-04
    3.270349700838643e-02   -2.356171688057635e-18    1.567503306523144e-34   -1.905069978718373e-18    2.595612306921270e-02    3.362751375881814e-02
    3.270349700838643e-02   -2.356171688057635e-18    1.567503306523144e-34   -1.905069978718373e-18   -2.584450143368962e-02    3.415585081269561e-02
    3.270349700838643e-02   -2.356171688057635e-18    1.567503306523144e-34   -1.905069978718373e-18    2.595612306921270e-02   -3.587698879438746e-02
    0.000000000000000e+00    0.000000000000000e+00   -3.247849012308150e-02   -3.521965737827466e-02    9.421467791266478e-04    1.514290130400027e-04
    3.270349700838643e-02   -2.356171688057635e-18    1.567503306523144e-34   -1.905069978718373e-18    1.052887725490949e-03   -3.562298988762172e-02
    0.000000000000000e+00    0.000000000000000e+00   -3.247849012308150e-02    1.704656806188804e-02    3.399356818124292e-02   -4.246588924771228e-04
    0.000000000000000e+00    3.273853022358256e-02    3.612628033543265e-18   -6.159010041373247e-04    1.555477545489097e-06    7.936662959278362e-03
    0.000000000000000e+00    3.273853022358256e-02    3.612628033543265e-18    2.660609141261407e-02   -6.719452880824964e-05    3.387708277770915e-02
    0.000000000000000e+00    0.000000000000000e+00   -3.247849012308150e-02    3.446864320860894e-02    3.394956817717652e-02   -5.038708214507602e-04
    0.000000000000000e+00    3.273853022358256e-02    3.612628033543265e-18    2.101970003415875e-02   -5.308591997156015e-05   -2.161603460617243e-02
    3.270349700838643e-02   -2.356171688057635e-18    1.567503306523144e-34   -1.905069978718373e-18   -3.447793885084001e-02    1.686778135004046e-02
    0.000000000000000e+00    0.000000000000000e+00   -3.247849012308150e-02    1.704656806188804e-02    2.536013076409252e-02   -3.366027168308763e-04
    3.270349700838643e-02   -2.356171688057635e-18    1.567503306523144e-34   -1.905069978718373e-18    3.458956048636309e-02    7.475269125719779e-03
    0.000000000000000e+00    0.000000000000000e+00   -3.247849012308150e-02    8.335530488527596e-03   -3.505193115392698e-02    3.193964771796690e-04
    0.000000000000000e+00    0.000000000000000e+00   -3.247849012308150e-02    1.269104927520782e-02   -3.506293115494360e-02    2.995934949362594e-04
    3.270349700838643e-02   -2.356171688057635e-18    1.567503306523144e-34   -1.905069978718373e-18   -3.447793885084001e-02    2.555584416919116e-02
    3.270349700838643e-02   -2.356171688057635e-18    1.567503306523144e-34   -1.905069978718373e-18    3.458956048636309e-02    3.353945758317190e-02
    0.000000000000000e+00    3.273853022358256e-02    3.612628033543265e-18   -3.437117160090906e-02    8.680548542412481e-05   -2.666211520493801e-02
    3.270349700838643e-02   -2.356171688057635e-18    1.567503306523144e-34   -1.905069978718373e-18   -2.407021760533899e-02   -6.357532979515523e-03
    0.000000000000000e+00    0.000000000000000e+00   -3.247849012308150e-02   -3.521965737827466e-02   -2.630849372661062e-02    4.293701239675141e-04
    0.000000000000000e+00    3.273853022358256e-02    3.612628033543265e-18   -1.694909645418817e-02    4.280548135773221e-05    3.407511260014325e-02
    0.000000000000000e+00    0.000000000000000e+00   -3.247849012308150e-02    8.335530488527596e-03    3.401556818327611e-02   -3.850529279903046e-04
    0.000000000000000e+00    3.273853022358256e-02    3.612628033543265e-18    2.950977060396652e-02   -7.452786281990217e-05    3.386388078954581e-02
    0.000000000000000e+00    0.000000000000000e+00   -3.247849012308150e-02    3.446864320860894e-02    2.099941205145093e-02   -3.717865579813895e-04
    3.270349700838643e-02   -2.356171688057635e-18    1.567503306523144e-34   -1.905069978718373e-18   -1.289434530796404e-02    2.225045414909530e-02
    0.000000000000000e+00    3.273853022358256e-02    3.612628033543265e-18   -3.437117160090906e-02    8.680548542412481e-05   -3.535017802408873e-02
    3.270349700838643e-02   -2.356171688057635e-18    1.567503306523144e-34   -1.905069978718373e-18    3.458956048636309e-02   -1.207287221736929e-02
    0.000000000000000e+00    3.273853022358256e-02    3.612628033543265e-18   -3.437117160090906e-02    8.680548542412481e-05   -2.014606809057499e-02
    3.270349700838643e-02   -2.356171688057635e-18    1.567503306523144e-34   -1.905069978718373e-18    1.732268565206231e-02    3.371556993446440e-02
    0.000000000000000e+00    0.000000000000000e+00   -3.247849012308150e-02    3.446864320860894e-02   -1.353433761715061e-02   -1.956185539640322e-05
    3.270349700838643e-02   -2.356171688057635e-18    1.567503306523144e-34   -1.905069978718373e-18    8.689248234911927e-03   -3.570087644309497e-02
    0.000000000000000e+00    3.273853022358256e-02    3.612628033543265e-18   -8.238058880827719e-03    2.080547932453579e-05    3.403550663565641e-02
    0.000000000000000e+00    0.000000000000000e+00   -3.247849012308150e-02   -3.521965737827466e-02    3.412556819344208e-02   -1.870231055562122e-04
    3.270349700838643e-02   -2.356171688057635e-18    1.567503306523144e-34   -1.905069978718373e-18    1.624350597491852e-02    3.372657695642016e-02
    0.000000000000000e+00    3.273853022358256e-02    3.612628033543265e-18   -1.586021675751811e-02    4.005548110358271e-05    2.646810688782553e-02
    0.000000000000000e+00    0.000000000000000e+00   -3.247849012308150e-02    3.446864320860894e-02    2.639531043716993e-02   -4.268216677602938e-04
    3.270349700838643e-02   -2.356171688057635e-18    1.567503306523144e-34   -1.905069978718373e-18    5.581081776844513e-05    3.389168228575681e-02
    0.000000000000000e+00    0.000000000000000e+00   -3.247849012308150e-02    3.446864320860894e-02    3.394956817717652e-02   -5.038708214507602e-04
    0.000000000000000e+00    0.000000000000000e+00   -3.247849012308150e-02    1.169824719879119e-02    3.400707553543252e-02   -4.003419951633387e-04
    0.000000000000000e+00    0.000000000000000e+00   -3.247849012308150e-02    1.269104927520782e-02    5.226443457987459e-03   -1.113353247417634e-04
    3.270349700838643e-02   -2.356171688057635e-18    1.567503306523144e-34   -1.905069978718373e-18   -1.181516563082024e-02   -5.813643303035934e-03
    3.270349700838643e-02   -2.356171688057635e-18    1.567503306523144e-34   -1.905069978718373e-18    2.878254603332519e-02    3.359868584417036e-02
    3.270349700838643e-02   -2.356171688057635e-18    1.567503306523144e-34   -1.905069978718373e-18    3.545032912878916e-03    1.330637016993968e-02
    0.000000000000000e+00    3.273853022358256e-02    3.612628033543265e-18   -3.047605670769372e-03    7.696824906179962e-06    3.401190750595725e-02
    0.000000000000000e+00    0.000000000000000e+00   -3.247849012308150e-02    1.386457739654082e-02    3.400160439972064e-02   -4.101915218306533e-04
    0.000000000000000e+00    0.000000000000000e+00   -3.247849012308150e-02    3.446864320860894e-02   -3.511793116002657e-02    2.005785837192128e-04
    3.270349700838643e-02   -2.356171688057635e-18    1.567503306523144e-34   -1.905069978718373e-18    2.883393554182638e-02    3.359816170026703e-02
    3.270349700838643e-02   -2.356171688057635e-18    1.567503306523144e-34   -1.905069978718373e-18    2.214170172049135e-03   -7.398630149259526e-03
    0.000000000000000e+00    0.000000000000000e+00   -3.247849012308150e-02   -6.908785264992566e-03   -3.501343115036853e-02    3.887069150322342e-04
    0.000000000000000e+00    3.273853022358256e-02    3.612628033543265e-18   -8.238058880827719e-03    2.080547932453579e-05    3.403550663565641e-02
    0.000000000000000e+00    0.000000000000000e+00   -3.247849012308150e-02    6.157771095048106e-03    5.962396577838800e-03   -8.896886601555142e-05
    0.000000000000000e+00    3.273853022358256e-02    3.612628033543265e-18   -7.782012291789203e-03    1.965371918097245e-05    1.328096886669008e-02
    0.000000000000000e+00    0.000000000000000e+00   -3.247849012308150e-02   -3.521965737827466e-02    1.350358312989988e-02    2.330947128302713e-05
    0.000000000000000e+00    3.273853022358256e-02    3.612628033543265e-18   -6.159010041373247e-04    1.555477545489097e-06   -1.649851371958299e-02
    3.270349700838643e-02   -2.356171688057635e-18    1.567503306523144e-34   -1.905069978718373e-18   -8.618905449962345e-03    3.398015948231761e-02
    0.000000000000000e+00    3.273853022358256e-02    3.612628033543265e-18    2.403863090290705e-02   -6.071032575459267e-05    3.388875610007889e-02
    0.000000000000000e+00    3.273853022358256e-02    3.612628033543265e-18   -1.928241009010882e-02    4.869833904569839e-05   -7.105005060778140e-03
    0.000000000000000e+00    3.273853022358256e-02    3.612628033543265e-18    4.828497479212954e-03   -1.219452372525882e-05    2.534817600028751e-02
    3.270349700838643e-02   -2.356171688057635e-18    1.567503306523144e-34   -1.905069978718373e-18   -2.491949028204941e-02    3.414641622244982e-02
    3.270349700838643e-02   -2.356171688057635e-18    1.567503306523144e-34   -1.905069978718373e-18    1.300596694348712e-02    2.507153520313680e-02
    0.000000000000000e+00    3.273853022358256e-02    3.612628033543265e-18   -1.259357766750795e-02    3.180548034113400e-05    3.405530961789983e-02
    0.000000000000000e+00    3.273853022358256e-02    3.612628033543265e-18    5.323442796071221e-03   -1.344452384126147e-05   -2.718814033711845e-02
    0.000000000000000e+00    0.000000000000000e+00   -3.247849012308150e-02    1.886563767304162e-02    2.715840151797829e-02   -3.632615755022826e-04
    3.270349700838643e-02   -2.356171688057635e-18    1.567503306523144e-34   -1.905069978718373e-18    2.595612306921270e-02    2.493945093966743e-02
    0.000000000000000e+00    3.273853022358256e-02    3.612628033543265e-18    6.422352655278266e-03   -1.621985558943207e-05    5.613519111179682e-03
    0.000000000000000e+00    0.000000000000000e+00   -3.247849012308150e-02   -3.521965737827466e-02    5.948517864915983e-03    1.003668612712507e-04
    3.270349700838643e-02   -2.356171688057635e-18    1.567503306523144e-34   -1.905069978718373e-18    1.009541398423222e-02    1.631431545047872e-02
    0.000000000000000e+00    0.000000000000000e+00   -3.247849012308150e-02    3.446864320860894e-02   -2.936230621548988e-02    1.418744666240640e-04
    3.270349700838643e-02   -2.356171688057635e-18    1.567503306523144e-34   -1.905069978718373e-18   -4.199208763711442e-03   -3.556942147580403e-02
    3.270349700838643e-02   -2.356171688057635e-18    1.567503306523144e-34   -1.905069978718373e-18    2.039942035916562e-02   -3.582031357150603e-02
    0.000000000000000e+00    0.000000000000000e+00   -3.247849012308150e-02   -3.521965737827466e-02    2.677797726668495e-02   -1.120818363998478e-04
    3.270349700838643e-02   -2.356171688057635e-18    1.567503306523144e-34   -1.905069978718373e-18    2.636574387351820e-02    3.362333585843506e-02
    3.270349700838643e-02   -2.356171688057635e-18    1.567503306523144e-34   -1.905069978718373e-18    9.228838073483825e-03    3.379812259913273e-02
    3.270349700838643e-02   -2.356171688057635e-18    1.567503306523144e-34   -1.905069978718373e-18   -1.593209542451321e-02   -3.544975267197524e-02
    0.000000000000000e+00    0.000000000000000e+00   -3.247849012308150e-02   -3.521965737827466e-02    8.624460587624316e-03    7.307375992299572e-05
    3.270349700838643e-02   -2.356171688057635e-18    1.567503306523144e-34   -1.905069978718373e-18   -1.589392071324022e-02   -3.545014203242562e-02
    0.000000000000000e+00    3.273853022358256e-02    3.612628033543265e-18    1.656607162160932e-02   -4.183813997910299e-05    1.568292346096563e-02
    0.000000000000000e+00    0.000000000000000e+00   -3.247849012308150e-02   -3.521965737827466e-02    1.600044163262842e-02   -2.157072372380263e-06
    3.270349700838643e-02   -2.356171688057635e-18    1.567503306523144e-34   -1.905069978718373e-18    3.458956048636309e-02    4.579248185632191e-03
    0.000000000000000e+00    3.273853022358256e-02    3.612628033543265e-18   -3.437117160090906e-02    8.680548542412481e-05    1.243416748124013e-02
    0.000000000000000e+00    0.000000000000000e+00   -3.247849012308150e-02    5.431851297035775e-03    1.243930797441214e-02   -1.517105007107250e-04
    3.270349700838643e-02   -2.356171688057635e-18    1.567503306523144e-34   -1.905069978718373e-18   -3.447793885084001e-02    8.103795326618692e-04
    0.000000000000000e+00    3.273853022358256e-02    3.612628033543265e-18    2.585176048053650e-02   -6.528944208354543e-05   -3.512870675520476e-04
    3.270349700838643e-02   -2.356171688057635e-18    1.567503306523144e-34   -1.905069978718373e-18    1.646424727270447e-02    3.372432552010910e-02
    0.000000000000000e+00    3.273853022358256e-02    3.612628033543265e-18    7.006256872553066e-03   -1.769452423355782e-05    3.396619619780449e-02
    0.000000000000000e+00    3.273853022358256e-02    3.612628033543265e-18   -1.041581827416783e-02    2.630547983283479e-05    3.404540812677812e-02
    0.000000000000000e+00    0.000000000000000e+00   -3.247849012308150e-02    7.959226475461840e-03    3.401651855101161e-02   -3.833420085674210e-04
    0.000000000000000e+00    3.273853022358256e-02    3.612628033543265e-18   -1.196180285198418e-02    3.020991298087490e-05    2.688389068075180e-02
    3.270349700838643e-02   -2.356171688057635e-18    1.567503306523144e-34   -1.905069978718373e-18   -1.829024369368303e-02    3.407880165900515e-02
    0.000000000000000e+00    0.000000000000000e+00   -3.247849012308150e-02   -3.521965737827466e-02    2.800582983195218e-02   -1.246052376745342e-04
    3.270349700838643e-02   -2.356171688057635e-18    1.567503306523144e-34   -1.905069978718373e-18    3.458956048636309e-02    5.660997183828296e-03
    0.000000000000000e+00    0.000000000000000e+00   -3.247849012308150e-02    1.386368894875923e-02    6.441017965384036e-03   -1.290850755032370e-04
    3.270349700838643e-02   -2.356171688057635e-18    1.567503306523144e-34   -1.905069978718373e-18   -2.915013214084046e-02   -3.531493617808611e-02
    0.000000000000000e+00    3.273853022358256e-02    3.612628033543265e-18    2.994143420857187e-02   -7.561804296193413e-05    1.214176112203274e-02
    3.270349700838643e-02   -2.356171688057635e-18    1.567503306523144e-34   -1.905069978718373e-18    1.793405673444419e-03   -3.563054275160202e-02
    0.000000000000000e+00    3.273853022358256e-02    3.612628033543265e-18    1.098055026256138e-02   -2.773172840405632e-05    2.763844501127015e-02
    0.000000000000000e+00    0.000000000000000e+00   -3.247849012308150e-02    3.446864320860894e-02    1.925161018315338e-02   -3.539599680759698e-04
    0.000000000000000e+00    0.000000000000000e+00   -3.247849012308150e-02    3.446864320860894e-02   -2.789546125813941e-02    1.269134782055134e-04
    3.270349700838643e-02   -2.356171688057635e-18    1.567503306523144e-34   -1.905069978718373e-18   -1.016961711438505e-02    1.513473422103254e-02
    3.270349700838643e-02   -2.356171688057635e-18    1.567503306523144e-34   -1.905069978718373e-18   -1.191869973654724e-02    4.385838768696045e-03
    3.270349700838643e-02   -2.356171688057635e-18    1.567503306523144e-34   -1.905069978718373e-18    1.589350554417932e-02   -1.702770058366824e-02
    0.000000000000000e+00    3.273853022358256e-02    3.612628033543265e-18   -1.550707040855578e-02    3.916359878419671e-05   -2.572934841625588e-03
    0.000000000000000e+00    0.000000000000000e+00   -3.247849012308150e-02   -1.642342842821079e-02   -2.333013315329857e-03    9.888990688643248e-05
    3.270349700838643e-02   -2.356171688057635e-18    1.567503306523144e-34   -1.905069978718373e-18   -4.942621838898928e-03    3.069011666233797e-03
    0.000000000000000e+00    0.000000000000000e+00   -3.247849012308150e-02   -2.215310101823397e-02    2.338725317073724e-02   -1.372438976533239e-04
    3.270349700838643e-02   -2.356171688057635e-18    1.567503306523144e-34   -1.905069978718373e-18    2.163940436063751e-02    8.541085464465248e-03
    0.000000000000000e+00    3.273853022358256e-02    3.612628033543265e-18   -4.526000928949659e-03    1.143055908100410e-05   -7.350591757317284e-03
    0.000000000000000e+00    0.000000000000000e+00   -3.247849012308150e-02    1.781273637344536e-02    3.501272671936893e-03   -1.171579634228147e-04
    0.000000000000000e+00    0.000000000000000e+00   -3.247849012308150e-02    2.472042186132841e-04    1.094072058644966e-02   -1.127194748675878e-04
    0.000000000000000e+00    0.000000000000000e+00   -3.247849012308150e-02   -1.882129459202426e-02   -2.473129092150496e-02    3.383036666942702e-04
    3.270349700838643e-02   -2.356171688057635e-18    1.567503306523144e-34   -1.905069978718373e-18    9.659955725315738e-03   -6.323059378256231e-03
    3.270349700838643e-02   -2.356171688057635e-18    1.567503306523144e-34   -1.905069978718373e-18    1.967822514508767e-02    2.075495176594428e-02
    3.270349700838643e-02   -2.356171688057635e-18    1.567503306523144e-34   -1.905069978718373e-18    5.975183715130404e-03   -1.665974746208280e-03
    3.270349700838643e-02   -2.356171688057635e-18    1.567503306523144e-34   -1.905069978718373e-18    1.355138340747221e-02    8.212198523239013e-03
    0.000000000000000e+00    3.273853022358256e-02    3.612628033543265e-18   -1.314389651286904e-02    3.319532806190071e-05    2.114525139912960e-04
    3.270349700838643e-02   -2.356171688057635e-18    1.567503306523144e-34   -1.905069978718373e-18    2.291043260483953e-02   -1.412576742745257e-02
    0.000000000000000e+00    3.273853022358256e-02    3.612628033543265e-18   -2.258706790219789e-02    5.704435729814092e-05    7.394656775624002e-03
    0.000000000000000e+00    0.000000000000000e+00   -3.247849012308150e-02   -1.344206344487352e-02    7.532390630390626e-03   -1.536362470161598e-05
    3.270349700838643e-02   -2.356171688057635e-18    1.567503306523144e-34   -1.905069978718373e-18   -1.469363434620686e-02   -2.501806126677138e-02
    0.000000000000000e+00    3.273853022358256e-02    3.612628033543265e-18    1.535499668855317e-02   -3.877953177483261e-05    9.997790870930178e-03
    0.000000000000000e+00    0.000000000000000e+00   -3.247849012308150e-02   -2.474771535404964e-02    1.031913486973357e-02    7.907128982092062e-06
    3.270349700838643e-02   -2.356171688057635e-18    1.567503306523144e-34   -1.905069978718373e-18    2.343125054701675e-02    7.850507974896056e-03
    0.000000000000000e+00    3.273853022358256e-02    3.612628033543265e-18   -2.311256712620031e-02    5.837152227695449e-05    9.879673124660440e-03
    0.000000000000000e+00    0.000000000000000e+00   -3.247849012308150e-02    8.597652219045321e-03    9.943746429786352e-03   -1.407324948312844e-04
    0.000000000000000e+00    0.000000000000000e+00   -3.247849012308150e-02    1.380785704272423e-03   -8.672712935225240e-03    8.214325853752212e-05
    0.000000000000000e+00    0.000000000000000e+00   -3.247849012308150e-02    1.168356575126035e-02   -5.141226171626545e-03   -9.843438890727103e-07
    0.000000000000000e+00    0.000000000000000e+00   -3.247849012308150e-02   -6.520263637050752e-03   -2.456977195847686e-04    3.231923403018741e-05
    3.270349700838643e-02   -2.356171688057635e-18    1.567503306523144e-34   -1.905069978718373e-18    4.582188382335269e-03    1.025480261079675e-02
    3.270349700838643e-02   -2.356171688057635e-18    1.567503306523144e-34   -1.905069978718373e-18   -1.301082133075477e-02   -4.880003753960843e-03
    0.000000000000000e+00    0.000000000000000e+00   -3.247849012308150e-02   -4.539195538909434e-03    6.891338966945285e-03   -4.953273768592942e-05
    0.000000000000000e+00    0.000000000000000e+00   -3.247849012308150e-02    5.224523764331086e-03    2.198131717540324e-03   -4.630831428092216e-05
    3.270349700838643e-02   -2.356171688057635e-18    1.567503306523144e-34   -1.905069978718373e-18    1.811312701547125e-02   -6.836380190597099e-03
    0.000000000000000e+00    0.000000000000000e+00   -3.247849012308150e-02   -9.407728684125191e-03    6.446170077872094e-03   -2.273138384780144e-05
    3.270349700838643e-02   -2.356171688057635e-18    1.567503306523144e-34   -1.905069978718373e-18   -1.874594298722598e-02   -7.241112428642620e-04
    0.000000000000000e+00    3.273853022358256e-02    3.612628033543265e-18    1.944372880360243e-02   -4.910575457972147e-05   -8.184628663613063e-03
    0.000000000000000e+00    0.000000000000000e+00   -3.247849012308150e-02    2.611617067049879e-02    4.060352578369161e-03   -1.608268887185072e-04
    3.270349700838643e-02   -2.356171688057635e-18    1.567503306523144e-34   -1.905069978718373e-18   -3.447793885084001e-02   -3.526059556486373e-02
    3.270349700838643e-02   -2.356171688057635e-18    1.567503306523144e-34   -1.905069978718373e-18   -3.016122014226481e-02   -3.530462365268686e-02
    3.270349700838643e-02   -2.356171688057635e-18    1.567503306523144e-34   -1.905069978718373e-18   -3.016122014226481e-02   -3.530462365268686e-02
    0.000000000000000e+00    0.000000000000000e+00   -3.247849012308150e-02   -3.521965737827466e-02   -3.062521243518581e-02    4.733982117906376e-04
    0.000000000000000e+00    3.273853022358256e-02    3.612628033543265e-18    3.531712898597452e-02   -8.919453084144605e-05   -3.132299433040792e-02
    3.270349700838643e-02   -2.356171688057635e-18    1.567503306523144e-34   -1.905069978718373e-18   -3.447793885084001e-02    2.989987557876651e-02
    3.270349700838643e-02   -2.356171688057635e-18    1.567503306523144e-34   -1.905069978718373e-18   -3.447793885084001e-02    3.424390698834186e-02
    0.000000000000000e+00    3.273853022358256e-02    3.612628033543265e-18    3.096161019929430e-02   -7.819452982484784e-05   -3.564722275773984e-02
    0.000000000000000e+00    0.000000000000000e+00   -3.247849012308150e-02    3.446864320860894e-02    2.963284946860132e-02   -4.598427336276366e-04
    0.000000000000000e+00    3.273853022358256e-02    3.612628033543265e-18    3.096161019929430e-02   -7.819452982484784e-05    3.385727979546574e-02
    3.270349700838643e-02   -2.356171688057635e-18    1.567503306523144e-34   -1.905069978718373e-18   -3.016122014226481e-02    3.419987890051874e-02
    3.270349700838643e-02   -2.356171688057635e-18    1.567503306523144e-34   -1.905069978718373e-18   -3.447793885084001e-02    3.424390698834186e-02
    0.000000000000000e+00    3.273853022358256e-02    3.612628033543265e-18    3.531712898597452e-02   -8.919453084144605e-05    2.949344540364698e-02
    3.270349700838643e-02   -2.356171688057635e-18    1.567503306523144e-34   -1.905069978718373e-18    3.458956048636309e-02   -3.162101356045836e-02
    0.000000000000000e+00    0.000000000000000e+00   -3.247849012308150e-02   -3.086413859159442e-02    3.411456819242550e-02   -2.068260877996216e-04
    3.270349700838643e-02   -2.356171688057635e-18    1.567503306523144e-34   -1.905069978718373e-18    3.027284177778790e-02   -3.592101688221058e-02
    0.000000000000000e+00    3.273853022358256e-02    3.612628033543265e-18   -3.001565281422884e-02    7.580548440752661e-05    3.413452154687346e-02
    0.000000000000000e+00    0.000000000000000e+00   -3.247849012308150e-02   -3.521965737827466e-02    3.097840913594752e-02   -1.549238642733714e-04
    3.270349700838643e-02   -2.356171688057635e-18    1.567503306523144e-34   -1.905069978718373e-18    3.458956048636309e-02   -3.162101356045836e-02
    0.000000000000000e+00    0.000000000000000e+00   -3.247849012308150e-02   -3.086413859159442e-02   -3.495293114477759e-02    4.976233173703518e-04
    0.000000000000000e+00    3.273853022358256e-02    3.612628033543265e-18   -3.437117160090906e-02    8.680548542412481e-05   -3.100614661451336e-02
    0.000000000000000e+00    0.000000000000000e+00   -3.247849012308150e-02   -3.521965737827466e-02   -3.173560258602648e-02    4.847235629148667e-04
    3.270349700838643e-02   -2.356171688057635e-18    1.567503306523144e-34   -1.905069978718373e-18    3.027284177778790e-02    2.923945426141967e-02
    0.000000000000000e+00    0.000000000000000e+00   -3.247849012308150e-02    3.011312442192871e-02   -3.510693115900998e-02    2.203815659626231e-04
    3.270349700838643e-02   -2.356171688057635e-18    1.567503306523144e-34   -1.905069978718373e-18    3.458956048636309e-02    2.919542617359654e-02
    0.000000000000000e+00    0.000000000000000e+00   -3.247849012308150e-02    3.011312442192871e-02   -3.510693115900998e-02    2.203815659626231e-04
    3.270349700838643e-02   -2.356171688057635e-18    1.567503306523144e-34   -1.905069978718373e-18    3.458956048636309e-02    2.919542617359654e-02
    0.000000000000000e+00    0.000000000000000e+00   -3.247849012308150e-02    3.011312442192871e-02    3.396056817819311e-02   -4.840678392073501e-04
    0.000000000000000e+00    3.273853022358256e-02    3.612628033543265e-18   -3.001565281422884e-02    7.580548440752661e-05    3.413452154687346e-02
    3.270349700838643e-02   -2.356171688057635e-18    1.567503306523144e-34   -1.905069978718373e-18    3.027284177778790e-02    2.923945426141967e-02
    3.270349700838643e-02   -2.356171688057635e-18    1.567503306523144e-34   -1.905069978718373e-18    3.081243161635979e-02    3.357798216001712e-02
    0.000000000000000e+00    0.000000000000000e+00   -3.247849012308150e-02    3.446864320860894e-02    3.017243930717322e-02   -4.653462446055269e-04
    3.270349700838643e-02   -2.356171688057635e-18    1.567503306523144e-34   -1.905069978718373e-18   -3.447793885084001e-02    3.835687121175397e-03
    0.000000000000000e+00    3.273853022358256e-02    3.612628033543265e-18    3.531712898597452e-02   -8.919453084144605e-05    3.429256945986369e-03
    3.270349700838643e-02   -2.356171688057635e-18    1.567503306523144e-34   -1.905069978718373e-18   -3.447793885084001e-02    2.749679268781559e-03
    0.000000000000000e+00    3.273853022358256e-02    3.612628033543265e-18    3.531712898597452e-02   -8.919453084144605e-05    2.343249093592534e-03
    3.270349700838643e-02   -2.356171688057635e-18    1.567503306523144e-34   -1.905069978718373e-18   -3.447793885084001e-02   -1.594352140793790e-03
    0.000000000000000e+00    3.273853022358256e-02    3.612628033543265e-18    2.815500352276536e-02   -7.110635553217300e-05   -7.639850199440214e-04
    3.270349700838643e-02   -2.356171688057635e-18    1.567503306523144e-34   -1.905069978718373e-18   -2.996863509602900e-02   -4.972370069204464e-03
    0.000000000000000e+00    0.000000000000000e+00   -3.247849012308150e-02   -4.805223587881502e-03    3.140281219924245e-03   -1.005768477152807e-05
    0.000000000000000e+00    3.273853022358256e-02    3.612628033543265e-18   -3.437117160090906e-02    8.680548542412481e-05    3.746104661880918e-03
    3.270349700838643e-02   -2.356171688057635e-18    1.567503306523144e-34   -1.905069978718373e-18    3.458956048636309e-02    3.131237716005422e-03
    0.000000000000000e+00    3.273853022358256e-02    3.612628033543265e-18   -3.437117160090906e-02    8.680548542412481e-05   -5.979267476735800e-04
    0.000000000000000e+00    3.273853022358256e-02    3.612628033543265e-18   -3.437117160090906e-02    8.680548542412481e-05   -5.979267476735800e-04
    0.000000000000000e+00    3.273853022358256e-02    3.612628033543265e-18   -3.437117160090906e-02    8.680548542412481e-05   -4.941958157269781e-03
    3.270349700838643e-02   -2.356171688057635e-18    1.567503306523144e-34   -1.905069978718373e-18    3.012730649424043e-02    5.206060610916462e-05
    3.270349700838643e-02   -2.356171688057635e-18    1.567503306523144e-34   -1.905069978718373e-18    3.458956048636309e-02   -3.162101356045836e-02
    0.000000000000000e+00    3.273853022358256e-02    3.612628033543265e-18   -3.437117160090906e-02    8.680548542412481e-05    3.746104661880918e-03
    0.000000000000000e+00    3.273853022358256e-02    3.612628033543265e-18   -3.097946248228373e-02    7.823961633248427e-05    9.191030144310846e-04
    0.000000000000000e+00    3.273853022358256e-02    3.612628033543265e-18   -2.407063380602017e-03    6.079115010274248e-06   -2.960991947288198e-02
    3.270349700838643e-02   -2.356171688057635e-18    1.567503306523144e-34   -1.905069978718373e-18   -2.397191675278205e-03   -4.651252600652838e-03
    0.000000000000000e+00    3.273853022358256e-02    3.612628033543265e-18    4.576638406734401e-03   -1.155844563927362e-05   -3.048320156506745e-02
    0.000000000000000e+00    0.000000000000000e+00   -3.247849012308150e-02    7.159325110687323e-04   -3.002034348640700e-02    3.029169837137238e-04
    0.000000000000000e+00    0.000000000000000e+00   -3.247849012308150e-02    3.446864320860894e-02   -3.080121245145138e-02    1.565504958960901e-04
    3.270349700838643e-02   -2.356171688057635e-18    1.567503306523144e-34   -1.905069978718373e-18   -4.260907890813655e-03    3.393571037358001e-02
    0.000000000000000e+00    3.273853022358256e-02    3.612628033543265e-18    4.828497479212954e-03   -1.219452372525882e-05   -3.552840486427938e-02
    0.000000000000000e+00    0.000000000000000e+00   -3.247849012308150e-02    3.446864320860894e-02   -3.511793116002657e-02    2.005785837192128e-04
    0.000000000000000e+00    0.000000000000000e+00   -3.247849012308150e-02    2.956868457359368e-02   -3.510555615888291e-02    2.228569387430490e-04
    0.000000000000000e+00    3.273853022358256e-02    3.612628033543265e-18   -3.882540094147493e-03    9.805478307937589e-06    3.401570365341301e-02
    0.000000000000000e+00    0.000000000000000e+00   -3.247849012308150e-02   -4.731025871652455e-03    3.404856818632625e-02   -3.256439812594432e-04
    3.270349700838643e-02   -2.356171688057635e-18    1.567503306523144e-34   -1.905069978718373e-18    4.372529526336732e-03   -9.045970788358645e-04
    0.000000000000000e+00    0.000000000000000e+00   -3.247849012308150e-02   -1.590774603477649e-03    3.404063738202162e-02   -3.399215778327111e-04
    0.000000000000000e+00    0.000000000000000e+00   -3.247849012308150e-02    3.181471830937632e-03    3.402858492209640e-02   -3.616192712718729e-04
    3.270349700838643e-02   -2.356171688057635e-18    1.567503306523144e-34   -1.905069978718373e-18   -4.772724723029098e-03    3.345054979709619e-03
    0.000000000000000e+00    3.273853022358256e-02    3.612628033543265e-18    5.344914688336437e-03   -1.349875178707298e-05    3.397374972503869e-02
    0.000000000000000e+00    3.273853022358256e-02    3.612628033543265e-18    2.994658793762494e-03   -7.563105886832689e-06    2.820436162688201e-02
    0.000000000000000e+00    3.273853022358256e-02    3.612628033543265e-18   -2.513310384588692e-03    6.347445192993188e-06    2.766475544244074e-02
    0.000000000000000e+00    0.000000000000000e+00   -3.247849012308150e-02   -7.490079182313739e-04    2.773368052470412e-02   -2.794430816123271e-04
    3.270349700838643e-02   -2.356171688057635e-18    1.567503306523144e-34   -1.905069978718373e-18   -3.447793885084001e-02   -3.091656415528838e-02
    3.270349700838643e-02   -2.356171688057635e-18    1.567503306523144e-34   -1.905069978718373e-18   -3.447793885084001e-02   -3.526059556486373e-02
    0.000000000000000e+00    0.000000000000000e+00   -3.247849012308150e-02   -3.521965737827466e-02   -4.724900183941855e-03    2.092296848540110e-04
    0.000000000000000e+00    0.000000000000000e+00   -3.247849012308150e-02   -3.521965737827466e-02    3.908537233208534e-03    1.211735092077641e-04
    3.270349700838643e-02   -2.356171688057635e-18    1.567503306523144e-34   -1.905069978718373e-18   -3.447793885084001e-02   -4.852375697975302e-03
    0.000000000000000e+00    3.273853022358256e-02    3.612628033543265e-18    3.531712898597452e-02   -8.919453084144605e-05   -3.566702573998325e-02
    0.000000000000000e+00    0.000000000000000e+00   -3.247849012308150e-02   -4.731025871652455e-03   -3.501893115087684e-02    3.788054239105300e-04
    0.000000000000000e+00    0.000000000000000e+00   -3.247849012308150e-02    3.980011701707994e-03   -3.072421244433485e-02    2.951713716005881e-04
    3.270349700838643e-02   -2.356171688057635e-18    1.567503306523144e-34   -1.905069978718373e-18   -3.447793885084001e-02    3.835687121175397e-03
    0.000000000000000e+00    3.273853022358256e-02    3.612628033543265e-18    3.531712898597452e-02   -8.919453084144605e-05   -3.566702573998325e-02
    0.000000000000000e+00    3.273853022358256e-02    3.612628033543265e-18    3.531712898597452e-02   -8.919453084144605e-05   -3.132299433040792e-02
    3.270349700838643e-02   -2.356171688057635e-18    1.567503306523144e-34   -1.905069978718373e-18   -2.927407822808950e-02   -3.432938633957737e-03
    0.000000000000000e+00    3.273853022358256e-02    3.612628033543265e-18    3.006649436374860e-02   -7.593388635544376e-05    3.386134956622446e-02
    0.000000000000000e+00    0.000000000000000e+00   -3.247849012308150e-02   -3.254618452733682e-03    3.404483947250261e-02   -3.323566764245513e-04
    3.270349700838643e-02   -2.356171688057635e-18    1.567503306523144e-34   -1.905069978718373e-18   -3.447793885084001e-02    5.776635639938843e-04
    0.000000000000000e+00    3.273853022358256e-02    3.612628033543265e-18    3.531712898597452e-02   -8.919453084144605e-05    3.057945325604082e-02
    0.000000000000000e+00    0.000000000000000e+00   -3.247849012308150e-02    3.446864320860894e-02   -4.900900200207425e-03   -1.076180310405366e-04
    3.270349700838643e-02   -2.356171688057635e-18    1.567503306523144e-34   -1.905069978718373e-18   -3.016122014226481e-02    3.419987890051874e-02
    3.270349700838643e-02   -2.356171688057635e-18    1.567503306523144e-34   -1.905069978718373e-18    3.458956048636309e-02    9.592220112177496e-04
    0.000000000000000e+00    3.273853022358256e-02    3.612628033543265e-18   -3.437117160090906e-02    8.680548542412481e-05   -3.245415708414013e-02
    3.270349700838643e-02   -2.356171688057635e-18    1.567503306523144e-34   -1.905069978718373e-18    3.458956048636309e-02   -5.556825103145276e-03
    0.000000000000000e+00    0.000000000000000e+00   -3.247849012308150e-02   -4.731025871652455e-03    3.404856818632625e-02   -3.256439812594432e-04
    0.000000000000000e+00    0.000000000000000e+00   -3.247849012308150e-02   -3.755070850001057e-04    3.403756818530972e-02   -3.454469635027254e-04
    0.000000000000000e+00    3.273853022358256e-02    3.612628033543265e-18   -3.437117160090906e-02    8.680548542412481e-05    3.415432452911688e-02
    0.000000000000000e+00    0.000000000000000e+00   -3.247849012308150e-02    3.070476896131203e-03    3.061357897107834e-02   -3.262806299713509e-04
    0.000000000000000e+00    3.273853022358256e-02    3.612628033543265e-18   -3.437117160090906e-02    8.680548542412481e-05    3.746104661880918e-03
    0.000000000000000e+00    0.000000000000000e+00   -3.247849012308150e-02    3.011312442192871e-02   -5.731814905949126e-04   -1.318431366204614e-04
    3.270349700838643e-02   -2.356171688057635e-18    1.567503306523144e-34   -1.905069978718373e-18    3.458956048636309e-02    3.353945758317190e-02
    0.000000000000000e+00    3.273853022358256e-02    3.612628033543265e-18   -3.437117160090906e-02    8.680548542412481e-05   -4.941958157269781e-03
    0.000000000000000e+00    3.273853022358256e-02    3.612628033543265e-18   -3.144156670245986e-02    7.940667521586145e-05    1.560769094035458e-03
    0.000000000000000e+00    0.000000000000000e+00   -3.247849012308150e-02    3.446864320860894e-02    1.574177862655365e-03   -1.736601627752213e-04
    3.270349700838643e-02   -2.356171688057635e-18    1.567503306523144e-34   -1.905069978718373e-18    3.192587096606795e-02    3.356662570879010e-02
    3.270349700838643e-02   -2.356171688057635e-18    1.567503306523144e-34   -1.905069978718373e-18    3.458956048636309e-02   -1.424488792215697e-02
    3.270349700838643e-02   -2.356171688057635e-18    1.567503306523144e-34   -1.905069978718373e-18    3.458956048636309e-02   -2.293295074130766e-02
    0.000000000000000e+00    0.000000000000000e+00   -3.247849012308150e-02   -2.215310101823397e-02    2.114241206466671e-02   -1.143477888170702e-04
    3.270349700838643e-02   -2.356171688057635e-18    1.567503306523144e-34   -1.905069978718373e-18    3.458956048636309e-02   -1.424488792215697e-02
    3.270349700838643e-02   -2.356171688057635e-18    1.567503306523144e-34   -1.905069978718373e-18    3.458956048636309e-02   -2.293295074130766e-02
    0.000000000000000e+00    3.273853022358256e-02    3.612628033543265e-18   -3.437117160090906e-02    8.680548542412481e-05    2.112223030039083e-02
    0.000000000000000e+00    3.273853022358256e-02    3.612628033543265e-18   -2.897040265657037e-02    7.316567193972044e-05    2.005518155720773e-02
    3.270349700838643e-02   -2.356171688057635e-18    1.567503306523144e-34   -1.905069978718373e-18    2.989621933537385e-02   -1.668671918799348e-02
    0.000000000000000e+00    0.000000000000000e+00   -3.247849012308150e-02   -1.593834791052105e-02    1.708181953519602e-02   -1.013483829297528e-04
    3.270349700838643e-02   -2.356171688057635e-18    1.567503306523144e-34   -1.905069978718373e-18    3.047040991632601e-02   -2.077468812017675e-02
    0.000000000000000e+00    0.000000000000000e+00   -3.247849012308150e-02   -2.003125518127872e-02    1.126930668378959e-02   -2.334963036290900e-05
    0.000000000000000e+00    3.273853022358256e-02    3.612628033543265e-18    4.828497479212954e-03   -1.219452372525882e-05   -3.552840486427938e-02
    3.270349700838643e-02   -2.356171688057635e-18    1.567503306523144e-34   -1.905069978718373e-18   -1.681985868349256e-03   -3.559509572473927e-02
    0.000000000000000e+00    3.273853022358256e-02    3.612628033543265e-18   -3.882540094147493e-03    9.805478307937589e-06   -3.548879889979257e-02
    0.000000000000000e+00    3.273853022358256e-02    3.612628033543265e-18   -1.376943651288572e-03    3.477514919759563e-06   -3.141112143277201e-02
    0.000000000000000e+00    0.000000000000000e+00   -3.247849012308150e-02   -3.521965737827466e-02   -3.087857127946416e-02    4.759823286163392e-04
    0.000000000000000e+00    3.273853022358256e-02    3.612628033543265e-18    1.353953505257340e-02   -3.419452575845502e-05   -3.556801082876621e-02
    0.000000000000000e+00    0.000000000000000e+00   -3.247849012308150e-02    1.269104927520782e-02   -3.506293115494360e-02    2.995934949362594e-04
    0.000000000000000e+00    3.273853022358256e-02    3.612628033543265e-18    2.225057262593385e-02   -5.619452779165165e-05   -3.560761679325303e-02
    3.270349700838643e-02   -2.356171688057635e-18    1.567503306523144e-34   -1.905069978718373e-18   -1.721106401653923e-02    1.234763758917261e-02
    3.270349700838643e-02   -2.356171688057635e-18    1.567503306523144e-34   -1.905069978718373e-18   -2.024374446951040e-02    1.951677597596865e-02
    0.000000000000000e+00    3.273853022358256e-02    3.612628033543265e-18   -2.130461524086839e-02    5.380548237433019e-05    3.409491558238664e-02
    0.000000000000000e+00    0.000000000000000e+00   -3.247849012308150e-02   -1.344206344487352e-02    3.407056818835909e-02   -2.860380167732583e-04
    0.000000000000000e+00    3.273853022358256e-02    3.612628033543265e-18   -2.130461524086839e-02    5.380548237433019e-05    3.409491558238664e-02
    0.000000000000000e+00    0.000000000000000e+00   -3.247849012308150e-02   -2.215310101823397e-02    3.409256819039230e-02   -2.464320522864398e-04
    3.270349700838643e-02   -2.356171688057635e-18    1.567503306523144e-34   -1.905069978718373e-18    1.732268565206231e-02   -2.275683839001517e-02
    3.270349700838643e-02   -2.356171688057635e-18    1.567503306523144e-34   -1.905069978718373e-18    2.163940436063751e-02   -1.845683506826295e-02
    0.000000000000000e+00    0.000000000000000e+00   -3.247849012308150e-02   -1.997534162489387e-02    2.873441068005647e-02   -2.017394660915864e-04
    3.270349700838643e-02   -2.356171688057635e-18    1.567503306523144e-34   -1.905069978718373e-18    1.370040132781397e-02   -1.509829640397674e-02
    0.000000000000000e+00    0.000000000000000e+00   -3.247849012308150e-02   -1.451134969602692e-02    2.872679899776700e-02   -2.266453903544905e-04
    3.270349700838643e-02   -2.356171688057635e-18    1.567503306523144e-34   -1.905069978718373e-18    3.458956048636309e-02   -1.424488792215697e-02
    0.000000000000000e+00    3.273853022358256e-02    3.612628033543265e-18   -3.437117160090906e-02    8.680548542412481e-05    3.415432452911688e-02
    0.000000000000000e+00    0.000000000000000e+00   -3.247849012308150e-02   -1.344206344487352e-02    3.407056818835909e-02   -2.860380167732583e-04
    0.000000000000000e+00    3.273853022358256e-02    3.612628033543265e-18   -3.437117160090906e-02    8.680548542412481e-05    2.981029311954153e-02
    3.270349700838643e-02   -2.356171688057635e-18    1.567503306523144e-34   -1.905069978718373e-18    3.458956048636309e-02   -2.293295074130766e-02
    0.000000000000000e+00    3.273853022358256e-02    3.612628033543265e-18   -3.437117160090906e-02    8.680548542412481e-05    3.415432452911688e-02
    0.000000000000000e+00    3.273853022358256e-02    3.612628033543265e-18   -3.437117160090906e-02    8.680548542412481e-05    2.112223030039083e-02
    0.000000000000000e+00    3.273853022358256e-02    3.612628033543265e-18   -3.437117160090906e-02    8.680548542412481e-05    1.677819889081548e-02
    0.000000000000000e+00    0.000000000000000e+00   -3.247849012308150e-02   -4.731025871652455e-03    1.678169335202548e-02   -1.495316299669498e-04
    3.270349700838643e-02   -2.356171688057635e-18    1.567503306523144e-34   -1.905069978718373e-18    3.458956048636309e-02   -1.212793693597728e-03
    0.000000000000000e+00    0.000000000000000e+00   -3.247849012308150e-02   -3.755070850001057e-04    2.108741205958414e-02   -2.133627000333555e-04
    0.000000000000000e+00    3.273853022358256e-02    3.612628033543265e-18   -2.982551211963094e-02    7.532527804490715e-05    2.091192360481065e-02
    0.000000000000000e+00    0.000000000000000e+00   -3.247849012308150e-02   -1.202018013154720e-04    1.541272447826608e-02   -1.566514562294796e-04
    0.000000000000000e+00    0.000000000000000e+00   -3.247849012308150e-02   -1.725314238321872e-02   -3.498730614795447e-02    4.357389978596978e-04
    0.000000000000000e+00    0.000000000000000e+00   -3.247849012308150e-02   -1.779758223155375e-02   -3.498593114782740e-02    4.382143706401240e-04
    0.000000000000000e+00    3.273853022358256e-02    3.612628033543265e-18   -1.803797615085822e-02    4.555548161188149e-05   -3.542443920750149e-02
    0.000000000000000e+00    0.000000000000000e+00   -3.247849012308150e-02   -2.324198071490403e-02   -3.497218114655665e-02    4.629680984443857e-04
    3.270349700838643e-02   -2.356171688057635e-18    1.567503306523144e-34   -1.905069978718373e-18    2.056022468349371e-02   -1.518780448912566e-02
    0.000000000000000e+00    3.273853022358256e-02    3.612628033543265e-18   -2.021573554419833e-02    5.105548212018091e-05   -3.541453771637979e-02
    3.270349700838643e-02   -2.356171688057635e-18    1.567503306523144e-34   -1.905069978718373e-18    1.635227847405237e-02   -1.379327730716349e-02
    0.000000000000000e+00    3.273853022358256e-02    3.612628033543265e-18   -1.491434710687574e-02    3.766665726233241e-05   -2.990096017759219e-02
    0.000000000000000e+00    0.000000000000000e+00   -3.247849012308150e-02   -2.112815735748065e-02   -2.947465628756195e-02    3.972312092972807e-04
    0.000000000000000e+00    3.273853022358256e-02    3.612628033543265e-18    3.531712898597452e-02   -8.919453084144605e-05   -2.263493151125722e-02
    0.000000000000000e+00    3.273853022358256e-02    3.612628033543265e-18    3.531712898597452e-02   -8.919453084144605e-05   -1.394686869210652e-02
    3.270349700838643e-02   -2.356171688057635e-18    1.567503306523144e-34   -1.905069978718373e-18   -3.447793885084001e-02   -2.222850133613768e-02
    0.000000000000000e+00    0.000000000000000e+00   -3.247849012308150e-02   -1.561982283821364e-02   -2.065349626825218e-02    2.820740581542859e-04
    0.000000000000000e+00    3.273853022358256e-02    3.612628033543265e-18    2.876316994071075e-02   -7.264229913460204e-05   -1.718447480838090e-02
    0.000000000000000e+00    0.000000000000000e+00   -3.247849012308150e-02   -2.138967432177576e-02   -1.664012677210541e-02    2.675220320982345e-04
    3.270349700838643e-02   -2.356171688057635e-18    1.567503306523144e-34   -1.905069978718373e-18   -2.871944205067252e-02   -2.081821025719455e-02
    3.270349700838643e-02   -2.356171688057635e-18    1.567503306523144e-34   -1.905069978718373e-18   -2.960641518321835e-02   -1.576214100619368e-02
    3.270349700838643e-02   -2.356171688057635e-18    1.567503306523144e-34   -1.905069978718373e-18   -3.447793885084001e-02   -2.222850133613768e-02
    0.000000000000000e+00    3.273853022358256e-02    3.612628033543265e-18    3.531712898597452e-02   -8.919453084144605e-05    1.211731976534558e-02
    3.270349700838643e-02   -2.356171688057635e-18    1.567503306523144e-34   -1.905069978718373e-18   -3.447793885084001e-02   -1.788446992656234e-02
    0.000000000000000e+00    0.000000000000000e+00   -3.247849012308150e-02   -1.779758223155375e-02    1.249797464649973e-02   -4.609459541423247e-05
    3.270349700838643e-02   -2.356171688057635e-18    1.567503306523144e-34   -1.905069978718373e-18   -2.850470632735580e-02   -1.791924525462102e-02
    0.000000000000000e+00    0.000000000000000e+00   -3.247849012308150e-02   -2.153597827522858e-02    2.099678266865405e-02   -1.156841836985826e-04
    0.000000000000000e+00    0.000000000000000e+00   -3.247849012308150e-02   -1.351626116110257e-02    1.179571863931468e-02   -5.850789593370350e-05
    0.000000000000000e+00    0.000000000000000e+00   -3.247849012308150e-02   -2.215310101823397e-02   -3.497493114681079e-02    4.580173528835334e-04
    0.000000000000000e+00    3.273853022358256e-02    3.612628033543265e-18    2.225057262593385e-02   -5.619452779165165e-05   -3.560761679325303e-02
    0.000000000000000e+00    0.000000000000000e+00   -3.247849012308150e-02   -1.344206344487352e-02   -3.499693114884399e-02    4.184113883967148e-04
    0.000000000000000e+00    3.273853022358256e-02    3.612628033543265e-18    2.225057262593385e-02   -5.619452779165165e-05   -3.560761679325303e-02
    0.000000000000000e+00    0.000000000000000e+00   -3.247849012308150e-02   -1.561982283821364e-02   -2.928693368540256e-02    3.701302338005323e-04
    0.000000000000000e+00    3.273853022358256e-02    3.612628033543265e-18    1.571729444591351e-02   -3.969452626675423e-05   -3.089416763639983e-02
    0.000000000000000e+00    0.000000000000000e+00   -3.247849012308150e-02   -2.161243058847432e-02   -3.032200056086711e-02    4.080879324746527e-04
    3.270349700838643e-02   -2.356171688057635e-18    1.567503306523144e-34   -1.905069978718373e-18   -2.008600463352212e-02   -2.090626643284080e-02
    0.000000000000000e+00    3.273853022358256e-02    3.612628033543265e-18    1.648782410359321e-02   -4.164052338739956e-05   -2.845396751270244e-02
    3.270349700838643e-02   -2.356171688057635e-18    1.567503306523144e-34   -1.905069978718373e-18   -3.447793885084001e-02    2.121181275961581e-02
    0.000000000000000e+00    3.273853022358256e-02    3.612628033543265e-18    3.531712898597452e-02   -8.919453084144605e-05   -1.394686869210652e-02
    3.270349700838643e-02   -2.356171688057635e-18    1.567503306523144e-34   -1.905069978718373e-18   -3.447793885084001e-02    1.252374994046510e-02
    3.270349700838643e-02   -2.356171688057635e-18    1.567503306523144e-34   -1.905069978718373e-18   -3.447793885084001e-02    1.252374994046510e-02
    0.000000000000000e+00    3.273853022358256e-02    3.612628033543265e-18    3.531712898597452e-02   -8.919453084144605e-05   -2.263493151125722e-02
    0.000000000000000e+00    0.000000000000000e+00   -3.247849012308150e-02    1.269104927520782e-02   -2.211277502921800e-02    1.675092314668894e-04
    0.000000000000000e+00    0.000000000000000e+00   -3.247849012308150e-02    1.704656806188804e-02   -1.349033761308422e-02    5.965007357723355e-05
    3.270349700838643e-02   -2.356171688057635e-18    1.567503306523144e-34   -1.905069978718373e-18   -2.887718188666079e-02    1.960483215161490e-02
    0.000000000000000e+00    0.000000000000000e+00   -3.247849012308150e-02    1.984813234525816e-02   -2.074438292531442e-02    1.208273566370864e-04
    3.270349700838643e-02   -2.356171688057635e-18    1.567503306523144e-34   -1.905069978718373e-18   -2.942310386188960e-02    1.391976926374399e-02
    0.000000000000000e+00    3.273853022358256e-02    3.612628033543265e-18    3.096161019929430e-02   -7.819452982484784e-05    2.082518556673969e-02
    3.270349700838643e-02   -2.356171688057635e-18    1.567503306523144e-34   -1.905069978718373e-18   -3.447793885084001e-02   -3.526059556486373e-02
    0.000000000000000e+00    0.000000000000000e+00   -3.247849012308150e-02   -3.521965737827466e-02    2.117541206771650e-02   -5.493884208684236e-05
    0.000000000000000e+00    3.273853022358256e-02    3.612628033543265e-18    3.531712898597452e-02   -8.919453084144605e-05    1.646135117492093e-02
    0.000000000000000e+00    0.000000000000000e+00   -3.247849012308150e-02   -3.086413859159442e-02    1.684769335812471e-02   -3.071373650712844e-05
    3.270349700838643e-02   -2.356171688057635e-18    1.567503306523144e-34   -1.905069978718373e-18   -3.447793885084001e-02   -3.091656415528838e-02
    0.000000000000000e+00    3.273853022358256e-02    3.612628033543265e-18    4.828497479212954e-03   -1.219452372525882e-05    2.963206627935084e-02
    0.000000000000000e+00    0.000000000000000e+00   -3.247849012308150e-02    3.446864320860894e-02    2.963284946860132e-02   -4.598427336276366e-04
    0.000000000000000e+00    3.273853022358256e-02    3.612628033543265e-18   -1.704780700807381e-03    4.305477799638377e-06    3.400580216229131e-02
    0.000000000000000e+00    0.000000000000000e+00   -3.247849012308150e-02   -1.344206344487352e-02   -3.068021244026881e-02    3.743833005735915e-04
    0.000000000000000e+00    3.273853022358256e-02    3.612628033543265e-18    3.096161019929430e-02   -7.819452982484784e-05   -3.564722275773984e-02
    0.000000000000000e+00    0.000000000000000e+00   -3.247849012308150e-02   -2.215310101823397e-02   -3.497493114681079e-02    4.580173528835334e-04
    3.270349700838643e-02   -2.356171688057635e-18    1.567503306523144e-34   -1.905069978718373e-18   -3.447793885084001e-02   -1.788446992656234e-02
    0.000000000000000e+00    3.273853022358256e-02    3.612628033543265e-18    3.531712898597452e-02   -8.919453084144605e-05   -3.132299433040792e-02
    3.270349700838643e-02   -2.356171688057635e-18    1.567503306523144e-34   -1.905069978718373e-18   -3.016122014226481e-02   -1.358446660481012e-02
    0.000000000000000e+00    3.273853022358256e-02    3.612628033543265e-18    3.096161019929430e-02   -7.819452982484784e-05   -3.564722275773984e-02
    3.270349700838643e-02   -2.356171688057635e-18    1.567503306523144e-34   -1.905069978718373e-18   -3.447793885084001e-02   -2.114249348374385e-02
    3.270349700838643e-02   -2.356171688057635e-18    1.567503306523144e-34   -1.905069978718373e-18   -3.447793885084001e-02    1.528053910434101e-02
    0.000000000000000e+00    3.273853022358256e-02    3.612628033543265e-18    3.531712898597452e-02   -8.919453084144605e-05    1.128192910960455e-02
    3.270349700838643e-02   -2.356171688057635e-18    1.567503306523144e-34   -1.905069978718373e-18   -2.914901459416744e-02    1.876148029963002e-02
    0.000000000000000e+00    3.273853022358256e-02    3.612628033543265e-18    2.994030661702423e-02   -7.561519519367096e-05    2.003518384628631e-02
    0.000000000000000e+00    0.000000000000000e+00   -3.247849012308150e-02    1.899977045817385e-02    2.024883021848731e-02   -2.934011674572685e-04
    0.000000000000000e+00    0.000000000000000e+00   -3.247849012308150e-02    2.030203205727374e-02    1.316160717848626e-02   -2.270699649054254e-04
    0.000000000000000e+00    3.273853022358256e-02    3.612628033543265e-18    2.855856969937186e-02   -7.212557472748692e-05    1.660743724906096e-02
    3.270349700838643e-02   -2.356171688057635e-18    1.567503306523144e-34   -1.905069978718373e-18   -3.011068149908023e-02    1.422552355580424e-02
    0.000000000000000e+00    3.273853022358256e-02    3.612628033543265e-18   -2.130461524086839e-02    5.380548237433019e-05    3.409491558238664e-02
    0.000000000000000e+00    0.000000000000000e+00   -3.247849012308150e-02    1.269104927520782e-02    3.400456818225951e-02   -4.048559102337140e-04
    0.000000000000000e+00    3.273853022358256e-02    3.612628033543265e-18   -1.803797615085822e-02    4.555548161188149e-05    3.408006334570409e-02
    3.270349700838643e-02   -2.356171688057635e-18    1.567503306523144e-34   -1.905069978718373e-18    1.948104500634991e-02    1.244026488031411e-02
    0.000000000000000e+00    3.273853022358256e-02    3.612628033543265e-18   -1.505108787770005e-02    3.801200042160827e-05    2.987863427563805e-02
    0.000000000000000e+00    0.000000000000000e+00   -3.247849012308150e-02   -3.521965737827466e-02   -3.096642365643255e-02    4.768783731422315e-04
    0.000000000000000e+00    0.000000000000000e+00   -3.247849012308150e-02   -3.086413859159442e-02   -3.495293114477759e-02    4.976233173703518e-04
    3.270349700838643e-02   -2.356171688057635e-18    1.567503306523144e-34   -1.905069978718373e-18   -2.152778272511443e-02   -3.104864841875776e-02
    0.000000000000000e+00    3.273853022358256e-02    3.612628033543265e-18    2.225057262593385e-02   -5.619452779165165e-05   -3.560761679325303e-02
    0.000000000000000e+00    0.000000000000000e+00   -3.247849012308150e-02   -3.521965737827466e-02   -3.494193114376102e-02    5.174262996137608e-04
    0.000000000000000e+00    3.273853022358256e-02    3.612628033543265e-18    1.789505383925363e-02   -4.519452677505344e-05   -3.558781381100963e-02
    0.000000000000000e+00    0.000000000000000e+00   -3.247849012308150e-02   -3.032346816183477e-02   -3.030000055883391e-02    4.476938969614711e-04
    3.270349700838643e-02   -2.356171688057635e-18    1.567503306523144e-34   -1.905069978718373e-18    3.458956048636309e-02   -3.162101356045836e-02
    0.000000000000000e+00    0.000000000000000e+00   -3.247849012308150e-02   -3.521965737827466e-02    2.117541206771650e-02   -5.493884208684236e-05
    3.270349700838643e-02   -2.356171688057635e-18    1.567503306523144e-34   -1.905069978718373e-18    3.099806484611856e-02   -3.592841374707471e-02
    0.000000000000000e+00    3.273853022358256e-02    3.612628033543265e-18   -3.074739442444153e-02    7.765352108247857e-05    1.893373858009403e-02
    3.270349700838643e-02   -2.356171688057635e-18    1.567503306523144e-34   -1.905069978718373e-18   -3.016122014226481e-02   -3.530462365268686e-02
    0.000000000000000e+00    3.273853022358256e-02    3.612628033543265e-18    3.531712898597452e-02   -8.919453084144605e-05   -2.263493151125722e-02
    0.000000000000000e+00    0.000000000000000e+00   -3.247849012308150e-02   -3.521965737827466e-02   -2.199177501803543e-02    3.853420361443910e-04
    0.000000000000000e+00    0.000000000000000e+00   -3.247849012308150e-02   -3.521965737827466e-02   -1.757227729245784e-02    3.402656605146130e-04
    3.270349700838643e-02   -2.356171688057635e-18    1.567503306523144e-34   -1.905069978718373e-18   -3.447793885084001e-02   -3.091656415528838e-02
    0.000000000000000e+00    0.000000000000000e+00   -3.247849012308150e-02   -3.521965737827466e-02   -1.476465536846205e-02    3.116295058357707e-04
    0.000000000000000e+00    3.273853022358256e-02    3.612628033543265e-18    3.531712898597452e-02   -8.919453084144605e-05   -1.720489224928803e-02
    3.270349700838643e-02   -2.356171688057635e-18    1.567503306523144e-34   -1.905069978718373e-18    3.458956048636309e-02    2.050736335444583e-02
    0.000000000000000e+00    3.273853022358256e-02    3.612628033543265e-18   -3.437117160090906e-02    8.680548542412481e-05   -1.363002097621196e-02
    3.270349700838643e-02   -2.356171688057635e-18    1.567503306523144e-34   -1.905069978718373e-18    2.981279093617780e-02    1.103612602962119e-02
    0.000000000000000e+00    3.273853022358256e-02    3.612628033543265e-18   -2.919899304172630e-02    7.374298421691465e-05   -2.152709394748134e-02
    0.000000000000000e+00    0.000000000000000e+00   -3.247849012308150e-02    2.085764700023324e-02   -2.132401527326628e-02    1.221233732936614e-04
    0.000000000000000e+00    0.000000000000000e+00   -3.247849012308150e-02    1.520954312071165e-02   -1.396441401950016e-02    7.288499827811234e-05
    0.000000000000000e+00    0.000000000000000e+00   -3.247849012308150e-02   -1.779758223155375e-02   -1.340233760495143e-02    2.180739315245071e-04
    3.270349700838643e-02   -2.356171688057635e-18    1.567503306523144e-34   -1.905069978718373e-18    3.458956048636309e-02   -1.641690362694464e-02
    3.270349700838643e-02   -2.356171688057635e-18    1.567503306523144e-34   -1.905069978718373e-18    2.811448242350030e-02   -1.743686934760379e-02
    0.000000000000000e+00    0.000000000000000e+00   -3.247849012308150e-02   -2.120545793344632e-02   -1.615188885978367e-02    2.616999706104284e-04
    0.000000000000000e+00    3.273853022358256e-02    3.612628033543265e-18   -2.924073184515440e-02    7.384839689049661e-05   -2.150809923598471e-02
    0.000000000000000e+00    3.273853022358256e-02    3.612628033543265e-18   -2.944164505691129e-02    7.435580958731047e-05   -1.615701042131393e-02
    0.000000000000000e+00    0.000000000000000e+00   -3.247849012308150e-02   -1.326048672323450e-02   -1.590262554201898e-02    2.228300359584741e-04
    3.270349700838643e-02   -2.356171688057635e-18    1.567503306523144e-34   -1.905069978718373e-18   -8.439985617744927e-03   -3.552616795191869e-02
    0.000000000000000e+00    0.000000000000000e+00   -3.247849012308150e-02   -3.521965737827466e-02   -4.895809906016893e-03    2.109728672945060e-04
    0.000000000000000e+00    3.273853022358256e-02    3.612628033543265e-18    1.281361525456107e-02   -3.236119225510214e-05   -8.173547982744993e-03
    3.270349700838643e-02   -2.356171688057635e-18    1.567503306523144e-34   -1.905069978718373e-18   -6.012130360858959e-03   -2.936942473911403e-02
    0.000000000000000e+00    0.000000000000000e+00   -3.247849012308150e-02   -3.521965737827466e-02   -1.685546487465575e-02    3.329545795259443e-04
    0.000000000000000e+00    0.000000000000000e+00   -3.247849012308150e-02   -3.521965737827466e-02   -1.975055729934407e-02    3.624828838087843e-04
    3.270349700838643e-02   -2.356171688057635e-18    1.567503306523144e-34   -1.905069978718373e-18    1.924135446686054e-02   -3.051932680299778e-02
    0.000000000000000e+00    3.273853022358256e-02    3.612628033543265e-18   -2.052969427179395e-02    5.184839485730020e-05   -2.154770520047154e-02
    0.000000000000000e+00    0.000000000000000e+00   -3.247849012308150e-02   -4.731025871652455e-03   -3.501893115087684e-02    3.788054239105300e-04
    3.270349700838643e-02   -2.356171688057635e-18    1.567503306523144e-34   -1.905069978718373e-18    1.732268565206231e-02   -5.380712751852782e-03
    0.000000000000000e+00    3.273853022358256e-02    3.612628033543265e-18   -2.076017539253337e-02    5.243048224725534e-05   -3.541206234359937e-02
    3.270349700838643e-02   -2.356171688057635e-18    1.567503306523144e-34   -1.905069978718373e-18    1.461320513185167e-02    1.162969530412636e-03
    0.000000000000000e+00    3.273853022358256e-02    3.612628033543265e-18   -1.596996693941218e-02    4.033265867335878e-05   -3.054099360023460e-02
    0.000000000000000e+00    3.273853022358256e-02    3.612628033543265e-18   -3.001565281422884e-02    7.580548440752661e-05   -3.536998100633212e-02
    3.270349700838643e-02   -2.356171688057635e-18    1.567503306523144e-34   -1.905069978718373e-18    3.458956048636309e-02   -2.293295074130766e-02
    0.000000000000000e+00    0.000000000000000e+00   -3.247849012308150e-02   -2.215310101823397e-02   -3.497493114681079e-02    4.580173528835334e-04
    0.000000000000000e+00    3.273853022358256e-02    3.612628033543265e-18   -3.437117160090906e-02    8.680548542412481e-05   -3.535017802408873e-02
    0.000000000000000e+00    3.273853022358256e-02    3.612628033543265e-18   -3.437117160090906e-02    8.680548542412481e-05   -3.073464465141490e-02
    3.270349700838643e-02   -2.356171688057635e-18    1.567503306523144e-34   -1.905069978718373e-18   -3.447793885084001e-02    2.121181275961581e-02
    0.000000000000000e+00    0.000000000000000e+00   -3.247849012308150e-02    2.140208684856826e-02   -5.511814885617163e-04   -9.223717213364351e-05
    0.000000000000000e+00    3.273853022358256e-02    3.612628033543265e-18    3.531712898597452e-02   -8.919453084144605e-05   -5.258805873164329e-03
    0.000000000000000e+00    0.000000000000000e+00   -3.247849012308150e-02    1.704656806188804e-02   -4.856900196141031e-03   -2.840610206689957e-05
    3.270349700838643e-02   -2.356171688057635e-18    1.567503306523144e-34   -1.905069978718373e-18   -3.447793885084001e-02    1.903979705482814e-02
    3.270349700838643e-02   -2.356171688057635e-18    1.567503306523144e-34   -1.905069978718373e-18   -2.818076467112246e-02    1.466818095353883e-02
    0.000000000000000e+00    3.273853022358256e-02    3.612628033543265e-18    2.896335374732565e-02   -7.314786969556579e-05    2.939833942855252e-03
    0.000000000000000e+00    0.000000000000000e+00   -3.247849012308150e-02    1.490554848835654e-02    3.266891928202241e-03   -1.014745853093763e-04
    0.000000000000000e+00    0.000000000000000e+00   -3.247849012308150e-02    3.446864320860894e-02   -4.900900200207425e-03   -1.076180310405366e-04
    0.000000000000000e+00    3.273853022358256e-02    3.612628033543265e-18    4.828497479212954e-03   -1.219452372525882e-05    3.567877821690236e-03
    0.000000000000000e+00    0.000000000000000e+00   -3.247849012308150e-02    3.446864320860894e-02    3.732537216942963e-03   -1.956742066867831e-04
    3.270349700838643e-02   -2.356171688057635e-18    1.567503306523144e-34   -1.905069978718373e-18   -2.487969849594365e-03    3.391762740893635e-02
    3.270349700838643e-02   -2.356171688057635e-18    1.567503306523144e-34   -1.905069978718373e-18   -4.281547316445742e-03    3.393592088404077e-02
    3.270349700838643e-02   -2.356171688057635e-18    1.567503306523144e-34   -1.905069978718373e-18    1.415704820074499e-03    2.915745252004126e-02
    0.000000000000000e+00    0.000000000000000e+00   -3.247849012308150e-02   -1.344206344487352e-02    3.853537228125543e-03    2.215859799071811e-05
    0.000000000000000e+00    3.273853022358256e-02    3.612628033543265e-18   -3.437117160090906e-02    8.680548542412481e-05   -4.941958157269781e-03
    0.000000000000000e+00    0.000000000000000e+00   -3.247849012308150e-02   -1.344206344487352e-02   -4.779900189024845e-03    1.102147736369650e-04
    3.270349700838643e-02   -2.356171688057635e-18    1.567503306523144e-34   -1.905069978718373e-18    3.458956048636309e-02   -1.424488792215697e-02
    3.270349700838643e-02   -2.356171688057635e-18    1.567503306523144e-34   -1.905069978718373e-18    2.925847494532763e-02   -2.178342873074287e-02
    3.270349700838643e-02   -2.356171688057635e-18    1.567503306523144e-34   -1.905069978718373e-18    2.874999654594665e-02   -1.635734337959597e-02
    0.000000000000000e+00    3.273853022358256e-02    3.612628033543265e-18   -2.993279361856451e-02    7.559622087746671e-05   -2.688004367837218e-03
    0.000000000000000e+00    0.000000000000000e+00   -3.247849012308150e-02   -2.003125518127872e-02    2.635869266432001e-03    6.470654528545099e-05
    0.000000000000000e+00    3.273853022358256e-02    3.612628033543265e-18   -3.437117160090906e-02    8.680548542412481e-05    1.243416748124013e-02
    3.270349700838643e-02   -2.356171688057635e-18    1.567503306523144e-34   -1.905069978718373e-18    3.458956048636309e-02   -1.424488792215697e-02
    0.000000000000000e+00    3.273853022358256e-02    3.612628033543265e-18   -3.437117160090906e-02    8.680548542412481e-05    3.746104661880918e-03
    3.270349700838643e-02   -2.356171688057635e-18    1.567503306523144e-34   -1.905069978718373e-18    3.458956048636309e-02   -9.900856512581616e-03
    3.270349700838643e-02   -2.356171688057635e-18    1.567503306523144e-34   -1.905069978718373e-18    3.458956048636309e-02   -5.556825103145276e-03
    0.000000000000000e+00    0.000000000000000e+00   -3.247849012308150e-02   -9.086544658193300e-03    3.842537227108945e-03    2.355615747308923e-06
    0.000000000000000e+00    3.273853022358256e-02    3.612628033543265e-18   -2.963564516625282e-02    7.484576302443117e-05    1.268617834378171e-02
    0.000000000000000e+00    0.000000000000000e+00   -3.247849012308150e-02   -1.158282912384082e-02    1.275410082560424e-02   -7.712327735003869e-05
    0.000000000000000e+00    3.273853022358256e-02    3.612628033543265e-18   -2.711398723844653e-02    6.847723584594446e-05    7.177258047689232e-03
    0.000000000000000e+00    0.000000000000000e+00   -3.247849012308150e-02   -5.585117047174207e-03    7.276062939585069e-03   -4.867433250869341e-05
    0.000000000000000e+00    0.000000000000000e+00   -3.247849012308150e-02   -3.521965737827466e-02   -3.494193114376102e-02    5.174262996137608e-04
    3.270349700838643e-02   -2.356171688057635e-18    1.567503306523144e-34   -1.905069978718373e-18    1.516432629777471e-02   -3.142288716525431e-02
    0.000000000000000e+00    3.273853022358256e-02    3.612628033543265e-18   -2.130461524086839e-02    5.380548237433019e-05   -3.540958697081893e-02
    3.270349700838643e-02   -2.356171688057635e-18    1.567503306523144e-34   -1.905069978718373e-18    1.858172860896030e-02   -3.580177414435864e-02
    0.000000000000000e+00    3.273853022358256e-02    3.612628033543265e-18   -3.437117160090906e-02    8.680548542412481e-05    2.112223030039083e-02
    0.000000000000000e+00    0.000000000000000e+00   -3.247849012308150e-02    3.011312442192871e-02    2.101041205246753e-02   -3.519835757379806e-04
    0.000000000000000e+00    0.000000000000000e+00   -3.247849012308150e-02    3.011312442192871e-02    1.669369334389234e-02   -3.079554879148574e-04
    0.000000000000000e+00    3.273853022358256e-02    3.612628033543265e-18   -3.056009266256387e-02    7.718048453460146e-05    2.164790661712477e-02
    0.000000000000000e+00    0.000000000000000e+00   -3.247849012308150e-02    3.446864320860894e-02    2.153900189002283e-02   -3.772900689592798e-04
    0.000000000000000e+00    3.273853022358256e-02    3.612628033543265e-18   -3.007578315114403e-02    7.595734548300130e-05    1.476656883620423e-02
    0.000000000000000e+00    0.000000000000000e+00   -3.247849012308150e-02    3.446864320860894e-02    1.470311802926715e-02   -3.075679222805675e-04
    3.270349700838643e-02   -2.356171688057635e-18    1.567503306523144e-34   -1.905069978718373e-18   -3.016122014226481e-02   -3.530462365268686e-02
    0.000000000000000e+00    3.273853022358256e-02    3.612628033543265e-18    3.096161019929430e-02   -7.819452982484784e-05   -2.261512852901380e-02
    3.270349700838643e-02   -2.356171688057635e-18    1.567503306523144e-34   -1.905069978718373e-18   -2.584450143368962e-02   -3.100462033093463e-02
    0.000000000000000e+00    0.000000000000000e+00   -3.247849012308150e-02   -3.086413859159442e-02   -3.063621243620242e-02    4.535952295472282e-04
    0.000000000000000e+00    3.273853022358256e-02    3.612628033543265e-18    2.660609141261407e-02   -6.719452880824964e-05   -3.128338836592111e-02
    0.000000000000000e+00    3.273853022358256e-02    3.612628033543265e-18    3.096161019929430e-02   -7.819452982484784e-05   -3.130319134816450e-02
    0.000000000000000e+00    3.273853022358256e-02    3.612628033543265e-18    2.515135414847880e-02   -6.352054364870754e-05   -2.655891239664468e-02
    0.000000000000000e+00    3.273853022358256e-02    3.612628033543265e-18    2.151668225131362e-03   -5.434106434394665e-06   -1.872836289675364e-02
    0.000000000000000e+00    0.000000000000000e+00   -3.247849012308150e-02   -3.521965737827466e-02   -2.307095469517923e-02    3.963490581001719e-04
    3.270349700838643e-02   -2.356171688057635e-18    1.567503306523144e-34   -1.905069978718373e-18    2.968433256168526e-03   -3.564252736795055e-02
    0.000000000000000e+00    3.273853022358256e-02    3.612628033543265e-18   -4.954168894056507e-04    1.251191087447548e-06   -1.978899041543099e-02
    0.000000000000000e+00    3.273853022358256e-02    3.612628033543265e-18    3.531712898597452e-02   -8.919453084144605e-05   -2.263493151125722e-02
    3.270349700838643e-02   -2.356171688057635e-18    1.567503306523144e-34   -1.905069978718373e-18   -3.447793885084001e-02   -9.196407107411641e-03
    0.000000000000000e+00    0.000000000000000e+00   -3.247849012308150e-02   -9.086544658193300e-03   -2.205777502413502e-02    2.665241426839354e-04
    0.000000000000000e+00    3.273853022358256e-02    3.612628033543265e-18    3.096161019929430e-02   -7.819452982484784e-05   -3.130319134816450e-02
    3.270349700838643e-02   -2.356171688057635e-18    1.567503306523144e-34   -1.905069978718373e-18   -3.016122014226481e-02   -1.358446660481012e-02
    0.000000000000000e+00    3.273853022358256e-02    3.612628033543265e-18    3.096161019929430e-02   -7.819452982484784e-05   -3.130319134816450e-02
    0.000000000000000e+00    0.000000000000000e+00   -3.247849012308150e-02   -4.731025871652455e-03   -2.638549373372645e-02    2.907492482642833e-04
    0.000000000000000e+00    3.273853022358256e-02    3.612628033543265e-18    3.531712898597452e-02   -8.919453084144605e-05   -2.372093936365106e-02
    3.270349700838643e-02   -2.356171688057635e-18    1.567503306523144e-34   -1.905069978718373e-18   -2.972704463257302e-02   -3.658495014860540e-03
    3.270349700838643e-02   -2.356171688057635e-18    1.567503306523144e-34   -1.905069978718373e-18    1.300596694348712e-02   -5.336684664029660e-03
    0.000000000000000e+00    0.000000000000000e+00   -3.247849012308150e-02   -4.731025871652455e-03   -3.501893115087684e-02    3.788054239105300e-04
    0.000000000000000e+00    0.000000000000000e+00   -3.247849012308150e-02   -1.289762359653849e-02   -3.499830614897107e-02    4.159360156162882e-04
    0.000000000000000e+00    3.273853022358256e-02    3.612628033543265e-18   -3.882540094147493e-03    9.805478307937589e-06   -3.548879889979257e-02
    0.000000000000000e+00    3.273853022358256e-02    3.612628033543265e-18   -6.339859711715671e-03    1.601151704068715e-05   -3.150611336157242e-02
    3.270349700838643e-02   -2.356171688057635e-18    1.567503306523144e-34   -1.905069978718373e-18    1.203555976547718e-02   -9.405217809765012e-03
    3.270349700838643e-02   -2.356171688057635e-18    1.567503306523144e-34   -1.905069978718373e-18    3.458956048636309e-02    1.181930053529513e-02
    0.000000000000000e+00    3.273853022358256e-02    3.612628033543265e-18   -3.437117160090906e-02    8.680548542412481e-05   -4.941958157269781e-03
    0.000000000000000e+00    3.273853022358256e-02    3.612628033543265e-18   -3.437117160090906e-02    8.680548542412481e-05   -5.979267476735800e-04
    0.000000000000000e+00    0.000000000000000e+00   -3.247849012308150e-02    2.140208684856826e-02   -5.511814885617163e-04   -9.223717213364351e-05
    3.270349700838643e-02   -2.356171688057635e-18    1.567503306523144e-34   -1.905069978718373e-18    3.458956048636309e-02    1.761134241449725e-02
    0.000000000000000e+00    3.273853022358256e-02    3.612628033543265e-18   -3.437117160090906e-02    8.680548542412481e-05    5.918120366668593e-03
    0.000000000000000e+00    3.273853022358256e-02    3.612628033543265e-18   -3.437117160090906e-02    8.680548542412481e-05    2.298094192254150e-03
    0.000000000000000e+00    0.000000000000000e+00   -3.247849012308150e-02    1.823915058694513e-02    2.591566621822568e-03   -1.098292130893911e-04
    3.270349700838643e-02   -2.356171688057635e-18    1.567503306523144e-34   -1.905069978718373e-18    2.962898360038649e-02    1.985205834059704e-02
    3.270349700838643e-02   -2.356171688057635e-18    1.567503306523144e-34   -1.905069978718373e-18    1.531849482327831e-02    3.373601154666597e-02
    0.000000000000000e+00    3.273853022358256e-02    3.612628033543265e-18   -1.492689130342860e-02    3.769833802910018e-05   -3.062912084860105e-02
    3.270349700838643e-02   -2.356171688057635e-18    1.567503306523144e-34   -1.905069978718373e-18   -1.289434530796404e-02    3.615546682059778e-03
    0.000000000000000e+00    0.000000000000000e+00   -3.247849012308150e-02    3.980011701707994e-03   -3.504093115291004e-02    3.391994594237114e-04
    3.270349700838643e-02   -2.356171688057635e-18    1.567503306523144e-34   -1.905069978718373e-18   -1.289434530796404e-02   -7.284847275433713e-04
    0.000000000000000e+00    0.000000000000000e+00   -3.247849012308150e-02   -3.755070850001057e-04   -3.502993115189336e-02    3.590024416672470e-04
    3.270349700838643e-02   -2.356171688057635e-18    1.567503306523144e-34   -1.905069978718373e-18   -1.721106401653923e-02   -5.028488049267796e-03
    0.000000000000000e+00    3.273853022358256e-02    3.612628033543265e-18    1.789505383925363e-02   -4.519452677505344e-05   -3.558781381100963e-02
    0.000000000000000e+00    0.000000000000000e+00   -3.247849012308150e-02   -4.731025871652455e-03   -3.501893115087684e-02    3.788054239105300e-04
    3.270349700838643e-02   -2.356171688057635e-18    1.567503306523144e-34   -1.905069978718373e-18   -2.109360721542263e-02    5.974802190685628e-04
    0.000000000000000e+00    3.273853022358256e-02    3.612628033543265e-18    2.181249460490773e-02   -5.508814783724207e-05   -3.082467097919849e-02
    0.000000000000000e+00    0.000000000000000e+00   -3.247849012308150e-02    8.701152725623020e-04   -3.028218279244839e-02    3.048826111230641e-04
    3.270349700838643e-02   -2.356171688057635e-18    1.567503306523144e-34   -1.905069978718373e-18   -1.936942337082683e-02    2.974577727138557e-02
    0.000000000000000e+00    3.273853022358256e-02    3.612628033543265e-18    2.007281323259374e-02   -5.069452728335265e-05   -3.559771530213133e-02
    0.000000000000000e+00    0.000000000000000e+00   -3.247849012308150e-02    2.956868457359368e-02   -3.510555615888291e-02    2.228569387430490e-04
    0.000000000000000e+00    3.273853022358256e-02    3.612628033543265e-18   -3.882540094147493e-03    9.805478307937589e-06   -3.548879889979257e-02
    0.000000000000000e+00    0.000000000000000e+00   -3.247849012308150e-02    1.269104927520782e-02   -3.506293115494360e-02    2.995934949362594e-04
    0.000000000000000e+00    0.000000000000000e+00   -3.247849012308150e-02    2.140208684856826e-02   -3.508493115697679e-02    2.599875304494415e-04
    0.000000000000000e+00    3.273853022358256e-02    3.612628033543265e-18   -1.704780700807381e-03    4.305477799638377e-06   -3.549870039091427e-02
    0.000000000000000e+00    0.000000000000000e+00   -3.247849012308150e-02    2.085764700023324e-02   -3.508355615684971e-02    2.624629032298672e-04
    3.270349700838643e-02   -2.356171688057635e-18    1.567503306523144e-34   -1.905069978718373e-18   -2.455128990609742e-03    1.474285483849132e-02
    0.000000000000000e+00    3.273853022358256e-02    3.612628033543265e-18    3.006487648272429e-03   -7.592980034553175e-06   -3.149562930143772e-02
    0.000000000000000e+00    0.000000000000000e+00   -3.247849012308150e-02    1.524350062327231e-02   -3.107018953767633e-02    2.471989604189611e-04
    3.270349700838643e-02   -2.356171688057635e-18    1.567503306523144e-34   -1.905069978718373e-18    2.163940436063751e-02   -5.424740839675905e-03
    0.000000000000000e+00    3.273853022358256e-02    3.612628033543265e-18   -1.259357766750795e-02    3.180548034113400e-05    3.405530961789983e-02
    3.270349700838643e-02   -2.356171688057635e-18    1.567503306523144e-34   -1.905069978718373e-18    1.300596694348712e-02    3.351378155121039e-03
    0.000000000000000e+00    3.273853022358256e-02    3.612628033543265e-18   -1.259357766750795e-02    3.180548034113400e-05    3.405530961789983e-02
    0.000000000000000e+00    0.000000000000000e+00   -3.247849012308150e-02    3.980011701707994e-03    3.402656818429306e-02   -3.652499457462615e-04
    0.000000000000000e+00    3.273853022358256e-02    3.612628033543265e-18   -2.130461524086839e-02    5.380548237433019e-05    3.409491558238664e-02
    0.000000000000000e+00    0.000000000000000e+00   -3.247849012308150e-02   -4.731025871652455e-03    3.404856818632625e-02   -3.256439812594432e-04
    0.000000000000000e+00    3.273853022358256e-02    3.612628033543265e-18   -2.111447454627049e-02    5.332527601171074e-05    2.956038045947454e-02
    3.270349700838643e-02   -2.356171688057635e-18    1.567503306523144e-34   -1.905069978718373e-18    1.624564040307496e-02    1.186666505408845e-04
    0.000000000000000e+00    3.273853022358256e-02    3.612628033543265e-18   -1.586237037061218e-02    4.006092012184539e-05    2.922598506692588e-02
    0.000000000000000e+00    3.273853022358256e-02    3.612628033543265e-18   -2.130461524086839e-02    5.380548237433019e-05    3.409491558238664e-02
    3.270349700838643e-02   -2.356171688057635e-18    1.567503306523144e-34   -1.905069978718373e-18    2.163940436063751e-02   -3.583296070656433e-02
    0.000000000000000e+00    0.000000000000000e+00   -3.247849012308150e-02   -3.521965737827466e-02    3.412556819344208e-02   -1.870231055562122e-04
    0.000000000000000e+00    3.273853022358256e-02    3.612628033543265e-18   -1.259357766750795e-02    3.180548034113400e-05    3.405530961789983e-02
    3.270349700838643e-02   -2.356171688057635e-18    1.567503306523144e-34   -1.905069978718373e-18    1.485125289603458e-02   -3.576372540331270e-02
    0.000000000000000e+00    3.273853022358256e-02    3.612628033543265e-18   -1.445544965308617e-02    3.650769716930344e-05    3.047950164044751e-02
    0.000000000000000e+00    0.000000000000000e+00   -3.247849012308150e-02   -3.521965737827466e-02    3.056383074251385e-02   -1.506953992868973e-04
    3.270349700838643e-02   -2.356171688057635e-18    1.567503306523144e-34   -1.905069978718373e-18   -5.593834219104333e-04   -1.842796479035901e-02
    0.000000000000000e+00    3.273853022358256e-02    3.612628033543265e-18    1.093702499026284e-03   -2.762180394660307e-06    2.913219413890287e-02
    0.000000000000000e+00    0.000000000000000e+00   -3.247849012308150e-02   -1.799564941423077e-02    2.925174645717887e-02   -2.160679437776184e-04
    3.270349700838643e-02   -2.356171688057635e-18    1.567503306523144e-34   -1.905069978718373e-18    3.027284177778790e-02   -5.512797015322151e-03
    0.000000000000000e+00    0.000000000000000e+00   -3.247849012308150e-02   -1.344206344487352e-02    3.407056818835909e-02   -2.860380167732583e-04
    0.000000000000000e+00    3.273853022358256e-02    3.612628033543265e-18   -3.001565281422884e-02    7.580548440752661e-05    2.979049013729812e-02
    0.000000000000000e+00    0.000000000000000e+00   -3.247849012308150e-02   -9.086544658193300e-03    2.974284947876730e-02   -2.618129111935442e-04
    3.270349700838643e-02   -2.356171688057635e-18    1.567503306523144e-34   -1.905069978718373e-18    3.027284177778790e-02   -9.856828424758492e-03
    0.000000000000000e+00    3.273853022358256e-02    3.612628033543265e-18   -2.130461524086839e-02    5.380548237433019e-05    3.409491558238664e-02
    3.270349700838643e-02   -2.356171688057635e-18    1.567503306523144e-34   -1.905069978718373e-18    2.595612306921270e-02   -5.468768927499029e-03
    3.270349700838643e-02   -2.356171688057635e-18    1.567503306523144e-34   -1.905069978718373e-18    2.595612306921270e-02   -1.415683174651072e-02
    0.000000000000000e+00    3.273853022358256e-02    3.612628033543265e-18   -2.566013402754862e-02    6.480548339092862e-05    3.411471856463007e-02
    0.000000000000000e+00    3.273853022358256e-02    3.612628033543265e-18   -2.546999333295072e-02    6.432527702830895e-05    2.958018344171795e-02
    0.000000000000000e+00    0.000000000000000e+00   -3.247849012308150e-02   -1.140977541586199e-02    2.973658868870060e-02   -2.511263133332209e-04
    0.000000000000000e+00    3.273853022358256e-02    3.612628033543265e-18   -3.437117160090906e-02    8.680548542412481e-05    2.981029311954153e-02
    0.000000000000000e+00    0.000000000000000e+00   -3.247849012308150e-02   -2.650861980491420e-02    2.115341206568331e-02   -9.454480657366075e-05
    0.000000000000000e+00    0.000000000000000e+00   -3.247849012308150e-02   -2.650861980491420e-02    2.978684948283369e-02   -1.826009822199074e-04
    0.000000000000000e+00    3.273853022358256e-02    3.612628033543265e-18   -3.437117160090906e-02    8.680548542412481e-05    2.546626170996618e-02
    0.000000000000000e+00    3.273853022358256e-02    3.612628033543265e-18   -3.001565281422884e-02    7.580548440752661e-05    2.979049013729812e-02
    0.000000000000000e+00    0.000000000000000e+00   -3.247849012308150e-02   -2.215310101823397e-02    2.977584948181710e-02   -2.024039644633167e-04
    3.270349700838643e-02   -2.356171688057635e-18    1.567503306523144e-34   -1.905069978718373e-18    3.144240142955920e-02   -3.158891431918257e-02
    0.000000000000000e+00    0.000000000000000e+00   -3.247849012308150e-02   -3.086413859159442e-02    2.665069042704641e-02   -1.306987587007017e-04
    3.270349700838643e-02   -2.356171688057635e-18    1.567503306523144e-34   -1.905069978718373e-18    3.458956048636309e-02   -5.556825103145276e-03
    0.000000000000000e+00    0.000000000000000e+00   -3.247849012308150e-02   -4.731025871652455e-03    2.541513076917586e-02   -2.375878056131963e-04
    3.270349700838643e-02   -2.356171688057635e-18    1.567503306523144e-34   -1.905069978718373e-18    2.790456164144267e-02   -7.968449297308021e-03
    0.000000000000000e+00    3.273853022358256e-02    3.612628033543265e-18   -2.963564516625282e-02    7.484576302443117e-05    2.137424116293240e-02
    0.000000000000000e+00    0.000000000000000e+00   -3.247849012308150e-02   -1.158282912384082e-02    2.138753824275462e-02   -1.651794529962851e-04
    3.270349700838643e-02   -2.356171688057635e-18    1.567503306523144e-34   -1.905069978718373e-18    3.027284177778790e-02    1.186332862311825e-02
    0.000000000000000e+00    3.273853022358256e-02    3.612628033543265e-18   -3.001565281422884e-02    7.580548440752661e-05    3.413452154687346e-02
    0.000000000000000e+00    3.273853022358256e-02    3.612628033543265e-18   -3.437117160090906e-02    8.680548542412481e-05    3.415432452911688e-02
    0.000000000000000e+00    0.000000000000000e+00   -3.247849012308150e-02    2.140208684856826e-02    3.398256818022631e-02   -4.444618747205321e-04
    3.270349700838643e-02   -2.356171688057635e-18    1.567503306523144e-34   -1.905069978718373e-18    3.458956048636309e-02    1.707046791581623e-02
    0.000000000000000e+00    3.273853022358256e-02    3.612628033543265e-18   -3.437117160090906e-02    8.680548542412481e-05    3.071742909048727e-02
    0.000000000000000e+00    3.273853022358256e-02    3.612628033543265e-18    3.096161019929430e-02   -7.819452982484784e-05   -2.695915993858915e-02
    0.000000000000000e+00    0.000000000000000e+00   -3.247849012308150e-02   -3.521965737827466e-02   -2.630849372661062e-02    4.293701239675141e-04
    0.000000000000000e+00    0.000000000000000e+00   -3.247849012308150e-02   -3.086413859159442e-02   -2.416113437333963e-02    3.875530978125431e-04
    3.270349700838643e-02   -2.356171688057635e-18    1.567503306523144e-34   -1.905069978718373e-18   -3.447793885084001e-02   -3.091656415528838e-02
    0.000000000000000e+00    0.000000000000000e+00   -3.247849012308150e-02   -3.086413859159442e-02   -3.063621243620242e-02    4.535952295472282e-04
    0.000000000000000e+00    3.273853022358256e-02    3.612628033543265e-18    3.531712898597452e-02   -8.919453084144605e-05   -2.806497077322640e-02
    0.000000000000000e+00    0.000000000000000e+00   -3.247849012308150e-02    3.446864320860894e-02   -2.216777503430100e-02    6.849432024984345e-05
    3.270349700838643e-02   -2.356171688057635e-18    1.567503306523144e-34   -1.905069978718373e-18    8.772214089064905e-03    2.880825634499782e-02
    0.000000000000000e+00    0.000000000000000e+00   -3.247849012308150e-02    2.946091210664482e-02   -1.509897702185826e-02    1.929393294696802e-05
    0.000000000000000e+00    3.273853022358256e-02    3.612628033543265e-18   -8.200263633797378e-03    2.071002622787439e-05   -2.109010453756483e-02
    0.000000000000000e+00    0.000000000000000e+00   -3.247849012308150e-02    2.927960557630353e-02   -2.081616990687553e-02    7.843507084486204e-05
    3.270349700838643e-02   -2.356171688057635e-18    1.567503306523144e-34   -1.905069978718373e-18    3.458956048636309e-02   -3.596504497003370e-02
    0.000000000000000e+00    0.000000000000000e+00   -3.247849012308150e-02   -3.521965737827466e-02   -1.551669695517263e-02    3.192999044097056e-04
    0.000000000000000e+00    3.273853022358256e-02    3.612628033543265e-18   -3.437117160090906e-02    8.680548542412481e-05   -2.231808379536266e-02
    0.000000000000000e+00    0.000000000000000e+00   -3.247849012308150e-02   -3.521965737827466e-02   -1.975055729934407e-02    3.624828838087843e-04
    3.270349700838643e-02   -2.356171688057635e-18    1.567503306523144e-34   -1.905069978718373e-18   -1.458453112564052e-02   -3.546349706518302e-02
    3.270349700838643e-02   -2.356171688057635e-18    1.567503306523144e-34   -1.905069978718373e-18   -7.347679173354197e-03   -3.553730885947142e-02
    3.270349700838643e-02   -2.356171688057635e-18    1.567503306523144e-34   -1.905069978718373e-18   -1.208496055010619e-02   -3.060571541167062e-02
    0.000000000000000e+00    3.273853022358256e-02    3.612628033543265e-18    1.272287528007086e-02   -3.213202556784328e-05   -2.463600793484292e-02
    0.000000000000000e+00    0.000000000000000e+00   -3.247849012308150e-02   -3.032346816183477e-02   -2.409471741525707e-02    3.844035207157311e-04
    0.000000000000000e+00    3.273853022358256e-02    3.612628033543265e-18    6.310081214782199e-03   -1.593631050098719e-05   -2.117744239067861e-02
    0.000000000000000e+00    3.273853022358256e-02    3.612628033543265e-18   -3.437117160090906e-02    8.680548542412481e-05   -4.941958157269781e-03
    0.000000000000000e+00    0.000000000000000e+00   -3.247849012308150e-02    1.269104927520782e-02   -4.845900195124432e-03   -8.603119823490374e-06
    0.000000000000000e+00    3.273853022358256e-02    3.612628033543265e-18   -2.811818674304183e-02    7.101337358576946e-05   -8.872991930390869e-03
    3.270349700838643e-02   -2.356171688057635e-18    1.567503306523144e-34   -1.905069978718373e-18    2.981279093617780e-02    6.692094620045840e-03
    3.270349700838643e-02   -2.356171688057635e-18    1.567503306523144e-34   -1.905069978718373e-18    2.938790249316192e-02    8.997430043685853e-03
    0.000000000000000e+00    0.000000000000000e+00   -3.247849012308150e-02    1.085402433403142e-02   -9.636695309908367e-03    4.865989269839842e-05
    0.000000000000000e+00    0.000000000000000e+00   -3.247849012308150e-02    5.202577969321622e-03   -4.513179775159234e-03    2.224360970693675e-05
    0.000000000000000e+00    0.000000000000000e+00   -3.247849012308150e-02   -1.344206344487352e-02   -3.499693114884399e-02    4.184113883967148e-04
    3.270349700838643e-02   -2.356171688057635e-18    1.567503306523144e-34   -1.905069978718373e-18    1.354555678205902e-02   -1.348724706782232e-02
    0.000000000000000e+00    3.273853022358256e-02    3.612628033543265e-18   -1.313801751584297e-02    3.318048046820886e-05   -3.544671756252533e-02
    0.000000000000000e+00    0.000000000000000e+00   -3.247849012308150e-02   -8.820241642881138e-03   -3.014651893879298e-02    3.478071088435630e-04
    3.270349700838643e-02   -2.356171688057635e-18    1.567503306523144e-34   -1.905069978718373e-18    2.188014989305643e-02   -9.545765485254813e-03
    0.000000000000000e+00    3.273853022358256e-02    3.612628033543265e-18   -2.154752467278874e-02    5.441895785886671e-05   -3.103941958673477e-02
    0.000000000000000e+00    0.000000000000000e+00   -3.247849012308150e-02    2.140208684856826e-02    2.966584947165112e-02   -4.004337868974085e-04
    3.270349700838643e-02   -2.356171688057635e-18    1.567503306523144e-34   -1.905069978718373e-18   -2.953951880621864e-02    1.619177730168892e-02
    3.270349700838643e-02   -2.356171688057635e-18    1.567503306523144e-34   -1.905069978718373e-18   -3.447793885084001e-02    1.252374994046510e-02
    0.000000000000000e+00    3.273853022358256e-02    3.612628033543265e-18    3.531712898597452e-02   -8.919453084144605e-05    3.383747681322233e-02
    0.000000000000000e+00    0.000000000000000e+00   -3.247849012308150e-02    1.444198441326881e-02    2.976639559584847e-02   -3.696349250046838e-04
    3.270349700838643e-02   -2.356171688057635e-18    1.567503306523144e-34   -1.905069978718373e-18   -3.447793885084001e-02   -1.354043851698700e-02
    3.270349700838643e-02   -2.356171688057635e-18    1.567503306523144e-34   -1.905069978718373e-18   -3.447793885084001e-02   -1.788446992656234e-02
    0.000000000000000e+00    3.273853022358256e-02    3.612628033543265e-18    2.814944060538921e-02   -7.109230620767452e-05   -3.326192958767511e-03
    0.000000000000000e+00    0.000000000000000e+00   -3.247849012308150e-02   -2.199272195773164e-02    1.354880894577286e-03    8.674051327265318e-05
    0.000000000000000e+00    0.000000000000000e+00   -3.247849012308150e-02   -1.561982283821364e-02   -6.485987637955526e-03    1.375734880869248e-04
    3.270349700838643e-02   -2.356171688057635e-18    1.567503306523144e-34   -1.905069978718373e-18   -2.996863509602900e-02   -1.366043288821616e-02
    0.000000000000000e+00    0.000000000000000e+00   -3.247849012308150e-02   -1.351626116110257e-02    3.162281221957088e-03    2.954827971465649e-05
    0.000000000000000e+00    3.273853022358256e-02    3.612628033543265e-18    3.531712898597452e-02   -8.919453084144605e-05    2.949344540364698e-02
    0.000000000000000e+00    0.000000000000000e+00   -3.247849012308150e-02   -1.561982283821364e-02    3.407606818886739e-02   -2.761365256515537e-04
    0.000000000000000e+00    3.273853022358256e-02    3.612628033543265e-18    3.531712898597452e-02   -8.919453084144605e-05    3.057945325604082e-02
    3.270349700838643e-02   -2.356171688057635e-18    1.567503306523144e-34   -1.905069978718373e-18   -3.447793885084001e-02   -4.852375697975302e-03
    0.000000000000000e+00    0.000000000000000e+00   -3.247849012308150e-02    3.980011701707994e-03    2.107641205856747e-02   -2.331656822768920e-04
    0.000000000000000e+00    3.273853022358256e-02    3.612628033543265e-18    3.531712898597452e-02   -8.919453084144605e-05    2.080538258449628e-02
    0.000000000000000e+00    3.273853022358256e-02    3.612628033543265e-18    3.531712898597452e-02   -8.919453084144605e-05    2.189139043689011e-02
    0.000000000000000e+00    3.273853022358256e-02    3.612628033543265e-18    2.825862776226205e-02   -7.136806183987922e-05    1.517204003124993e-02
    3.270349700838643e-02   -2.356171688057635e-18    1.567503306523144e-34   -1.905069978718373e-18   -2.936011756731476e-02   -2.517312873068631e-03
    0.000000000000000e+00    0.000000000000000e+00   -3.247849012308150e-02   -2.337451279944165e-03    2.030819425967990e-02   -1.964443249594257e-04
    0.000000000000000e+00    0.000000000000000e+00   -3.247849012308150e-02   -4.805223587881502e-03    1.177371863728183e-02   -9.811386041988828e-05
    0.000000000000000e+00    0.000000000000000e+00   -3.247849012308150e-02    1.269104927520782e-02   -3.506293115494360e-02    2.995934949362594e-04
    0.000000000000000e+00    3.273853022358256e-02    3.612628033543265e-18   -1.694909645418817e-02    4.280548135773221e-05   -3.542938995306234e-02
    3.270349700838643e-02   -2.356171688057635e-18    1.567503306523144e-34   -1.905069978718373e-18    1.516432629777471e-02    2.070548974964989e-02
    0.000000000000000e+00    0.000000000000000e+00   -3.247849012308150e-02    1.704656806188804e-02   -3.507393115596018e-02    2.797905126928504e-04
    3.270349700838643e-02   -2.356171688057635e-18    1.567503306523144e-34   -1.905069978718373e-18    2.163940436063751e-02    1.412340050355218e-02
    0.000000000000000e+00    0.000000000000000e+00   -3.247849012308150e-02    2.085764700023324e-02   -2.995745269041667e-02    2.101795489399081e-04
    0.000000000000000e+00    3.273853022358256e-02    3.612628033543265e-18   -1.671622602406886e-02    4.221735969105879e-05   -2.760836813796689e-02
    3.270349700838643e-02   -2.356171688057635e-18    1.567503306523144e-34   -1.905069978718373e-18    1.553238296612868e-02    1.438759079790750e-02
    0.000000000000000e+00    3.273853022358256e-02    3.612628033543265e-18    2.259485076511721e-02   -5.706401316560765e-05   -3.160852082253154e-02
    3.270349700838643e-02   -2.356171688057635e-18    1.567503306523144e-34   -1.905069978718373e-18   -1.323555652921078e-02   -3.547725584262775e-02
    0.000000000000000e+00    3.273853022358256e-02    3.612628033543265e-18    1.388381319175676e-02   -3.506401113241145e-05   -3.156891485804472e-02
    0.000000000000000e+00    0.000000000000000e+00   -3.247849012308150e-02   -3.521965737827466e-02   -2.401739853616435e-02    4.060022496476701e-04
    3.270349700838643e-02   -2.356171688057635e-18    1.567503306523144e-34   -1.905069978718373e-18   -2.042721585476887e-02   -2.959084909063990e-02
    0.000000000000000e+00    0.000000000000000e+00   -3.247849012308150e-02   -2.939122940898565e-02   -2.629294486129381e-02    4.025616277139451e-04
    0.000000000000000e+00    3.273853022358256e-02    3.612628033543265e-18   -3.437117160090906e-02    8.680548542412481e-05   -2.231808379536266e-02
    0.000000000000000e+00    0.000000000000000e+00   -3.247849012308150e-02    3.011312442192871e-02   -2.215677503328440e-02    8.829730249325242e-05
    0.000000000000000e+00    3.273853022358256e-02    3.612628033543265e-18   -3.146749240955662e-02    7.947215141247293e-05   -2.015927007873832e-02
    0.000000000000000e+00    0.000000000000000e+00   -3.247849012308150e-02    3.446864320860894e-02   -2.000941568001340e-02    4.648027633828124e-05
    0.000000000000000e+00    0.000000000000000e+00   -3.247849012308150e-02    2.140208684856826e-02   -3.076821244840159e-02    2.159594426263175e-04
    0.000000000000000e+00    3.273853022358256e-02    3.612628033543265e-18    3.096161019929430e-02   -7.819452982484784e-05   -3.564722275773984e-02
    0.000000000000000e+00    0.000000000000000e+00   -3.247849012308150e-02    1.269104927520782e-02   -3.074621244636840e-02    2.555654071131361e-04
    3.270349700838643e-02   -2.356171688057635e-18    1.567503306523144e-34   -1.905069978718373e-18   -3.447793885084001e-02    1.686778135004046e-02
    0.000000000000000e+00    0.000000000000000e+00   -3.247849012308150e-02    2.140208684856826e-02   -3.508493115697679e-02    2.599875304494415e-04
    3.270349700838643e-02   -2.356171688057635e-18    1.567503306523144e-34   -1.905069978718373e-18   -3.447793885084001e-02    1.252374994046510e-02
    0.000000000000000e+00    3.273853022358256e-02    3.612628033543265e-18    2.225057262593385e-02   -5.619452779165165e-05    2.086479153122650e-02
    0.000000000000000e+00    0.000000000000000e+00   -3.247849012308150e-02    3.446864320860894e-02    2.099941205145093e-02   -3.717865579813895e-04
    0.000000000000000e+00    0.000000000000000e+00   -3.247849012308150e-02    3.446864320860894e-02    1.236597463430055e-02   -2.837303823351431e-04
    3.270349700838643e-02   -2.356171688057635e-18    1.567503306523144e-34   -1.905069978718373e-18   -1.721106401653923e-02    3.406779463704937e-02
    3.270349700838643e-02   -2.356171688057635e-18    1.567503306523144e-34   -1.905069978718373e-18   -1.289434530796404e-02    3.402376654922626e-02
    0.000000000000000e+00    3.273853022358256e-02    3.612628033543265e-18    1.353953505257340e-02   -3.419452575845502e-05    1.656036608613798e-02
    0.000000000000000e+00    0.000000000000000e+00   -3.247849012308150e-02    3.446864320860894e-02    1.290556447287245e-02   -2.892338933130333e-04
    0.000000000000000e+00    3.273853022358256e-02    3.612628033543265e-18    1.571729444591351e-02   -3.969452626675423e-05    1.961751083626567e-02
    3.270349700838643e-02   -2.356171688057635e-18    1.567503306523144e-34   -1.905069978718373e-18   -2.051557717701705e-02    2.736148694313447e-02
    0.000000000000000e+00    0.000000000000000e+00   -3.247849012308150e-02    2.771080803153430e-02    2.022683021645412e-02   -3.330071319440872e-04
    0.000000000000000e+00    3.273853022358256e-02    3.612628033543265e-18    2.114493028732709e-02   -5.340219295294959e-05    1.294641773209949e-02
    3.270349700838643e-02   -2.356171688057635e-18    1.567503306523144e-34   -1.905069978718373e-18   -3.447793885084001e-02    2.989987557876651e-02
    0.000000000000000e+00    0.000000000000000e+00   -3.247849012308150e-02    3.446864320860894e-02   -1.353433761715061e-02   -1.956185539640322e-05
    3.270349700838643e-02   -2.356171688057635e-18    1.567503306523144e-34   -1.905069978718373e-18   -3.160012637822632e-02    3.421455492979077e-02
    0.000000000000000e+00    3.273853022358256e-02    3.612628033543265e-18    3.241344979462209e-02   -8.186119682979417e-05   -2.044971381830622e-02
    3.270349700838643e-02   -2.356171688057635e-18    1.567503306523144e-34   -1.905069978718373e-18   -3.447793885084001e-02   -2.222850133613768e-02
    3.270349700838643e-02   -2.356171688057635e-18    1.567503306523144e-34   -1.905069978718373e-18   -3.016122014226481e-02   -3.096059224311151e-02
    0.000000000000000e+00    0.000000000000000e+00   -3.247849012308150e-02   -3.086413859159442e-02    2.548113077527510e-02   -1.187699121533749e-04
    0.000000000000000e+00    3.273853022358256e-02    3.612628033543265e-18    3.531712898597452e-02   -8.919453084144605e-05    2.949344540364698e-02
    0.000000000000000e+00    0.000000000000000e+00   -3.247849012308150e-02   -2.650861980491420e-02    2.978684948283369e-02   -1.826009822199074e-04
    0.000000000000000e+00    0.000000000000000e+00   -3.247849012308150e-02   -2.215310101823397e-02    2.545913077324190e-02   -1.583758766401935e-04
    0.000000000000000e+00    3.273853022358256e-02    3.612628033543265e-18    3.034448745628891e-02   -7.663596673904869e-05    2.502704041564480e-02
    0.000000000000000e+00    0.000000000000000e+00   -3.247849012308150e-02   -2.589149706190881e-02    2.532450137824583e-02   -1.399092892782965e-04
    3.270349700838643e-02   -2.356171688057635e-18    1.567503306523144e-34   -1.905069978718373e-18    2.040605615799012e-02    3.368412130030702e-02
    0.000000000000000e+00    3.273853022358256e-02    3.612628033543265e-18   -2.006018130161779e-02    5.066262494051372e-05    3.370749762694163e-03
    3.270349700838643e-02   -2.356171688057635e-18    1.567503306523144e-34   -1.905069978718373e-18    1.706573810955633e-02    3.371819065398100e-02
    0.000000000000000e+00    3.273853022358256e-02    3.612628033543265e-18   -1.668983938322059e-02    4.215071939162037e-05    4.475910318166918e-03
    0.000000000000000e+00    0.000000000000000e+00   -3.247849012308150e-02    3.446864320860894e-02    5.890896571230558e-03   -2.176882505983449e-04
    3.270349700838643e-02   -2.356171688057635e-18    1.567503306523144e-34   -1.905069978718373e-18    1.327576186277307e-02    3.375684626679856e-02
    0.000000000000000e+00    3.273853022358256e-02    3.612628033543265e-18   -1.771397159270500e-02    4.473719781065756e-05    1.093993916649097e-02
    0.000000000000000e+00    0.000000000000000e+00   -3.247849012308150e-02    2.966346979574052e-02    1.096853490512149e-02   -2.475061109244526e-04
    3.270349700838643e-02   -2.356171688057635e-18    1.567503306523144e-34   -1.905069978718373e-18   -2.152778272511443e-02   -3.539267982833311e-02
    0.000000000000000e+00    3.273853022358256e-02    3.612628033543265e-18    2.225057262593385e-02   -5.619452779165165e-05    3.389688575995255e-02
    0.000000000000000e+00    3.273853022358256e-02    3.612628033543265e-18    1.353953505257340e-02   -3.419452575845502e-05   -3.556801082876621e-02
    3.270349700838643e-02   -2.356171688057635e-18    1.567503306523144e-34   -1.905069978718373e-18   -1.289434530796404e-02   -3.113670459440400e-02
    0.000000000000000e+00    3.273853022358256e-02    3.612628033543265e-18    1.353953505257340e-02   -3.419452575845502e-05   -3.556801082876621e-02
    0.000000000000000e+00    0.000000000000000e+00   -3.247849012308150e-02   -3.086413859159442e-02   -3.495293114477759e-02    4.976233173703518e-04
    3.270349700838643e-02   -2.356171688057635e-18    1.567503306523144e-34   -1.905069978718373e-18   -5.998704576924448e-03   -3.120703622734080e-02
    0.000000000000000e+00    3.273853022358256e-02    3.612628033543265e-18    5.372937327547982e-03   -1.356952385233346e-05   -3.553088023705982e-02
    3.270349700838643e-02   -2.356171688057635e-18    1.567503306523144e-34   -1.905069978718373e-18   -1.073598595367644e-02   -2.627544277954000e-02
    0.000000000000000e+00    3.273853022358256e-02    3.612628033543265e-18    1.136177565923329e-02   -2.869452525015603e-05   -3.087436465415641e-02
    0.000000000000000e+00    0.000000000000000e+00   -3.247849012308150e-02   -2.266495719846923e-02   -2.984761103399493e-02    4.080620009141284e-04
    0.000000000000000e+00    3.273853022358256e-02    3.612628033543265e-18    3.531712898597452e-02   -8.919453084144605e-05    1.211731976534558e-02
    3.270349700838643e-02   -2.356171688057635e-18    1.567503306523144e-34   -1.905069978718373e-18   -3.447793885084001e-02   -4.852375697975302e-03
    0.000000000000000e+00    3.273853022358256e-02    3.612628033543265e-18    3.531712898597452e-02   -8.919453084144605e-05    1.211731976534558e-02
    0.000000000000000e+00    0.000000000000000e+00   -3.247849012308150e-02   -9.086544658193300e-03    1.247597464446653e-02   -8.570055990105107e-05
    3.270349700838643e-02   -2.356171688057635e-18    1.567503306523144e-34   -1.905069978718373e-18   -3.447793885084001e-02   -1.354043851698700e-02
    0.000000000000000e+00    0.000000000000000e+00   -3.247849012308150e-02   -1.344206344487352e-02    8.170255936907938e-03   -2.186948983451833e-05
    3.270349700838643e-02   -2.356171688057635e-18    1.567503306523144e-34   -1.905069978718373e-18   -3.447793885084001e-02   -9.196407107411641e-03
    0.000000000000000e+00    3.273853022358256e-02    3.612628033543265e-18    3.531712898597452e-02   -8.919453084144605e-05    3.429256945986369e-03
    0.000000000000000e+00    0.000000000000000e+00   -3.247849012308150e-02   -9.086544658193300e-03    3.842537227108945e-03    2.355615747308923e-06
    0.000000000000000e+00    3.273853022358256e-02    3.612628033543265e-18   -6.060299487487606e-03    1.530547881623680e-05   -2.898661837064265e-03
    0.000000000000000e+00    0.000000000000000e+00   -3.247849012308150e-02    3.446864320860894e-02   -5.941537746320663e-03   -9.700411700872882e-05
    0.000000000000000e+00    3.273853022358256e-02    3.612628033543265e-18   -1.049952985252443e-02    2.651689608245351e-05   -8.809776038793812e-03
    0.000000000000000e+00    3.273853022358256e-02    3.612628033543265e-18   -1.847721046246794e-02    4.666478181488132e-05   -3.699479675749057e-03
    3.270349700838643e-02   -2.356171688057635e-18    1.567503306523144e-34   -1.905069978718373e-18    7.890782882937290e-03    2.909141038830658e-02
    0.000000000000000e+00    0.000000000000000e+00   -3.247849012308150e-02    2.973580105091184e-02   -4.444367393687512e-03   -9.063395771968624e-05
    3.270349700838643e-02   -2.356171688057635e-18    1.567503306523144e-34   -1.905069978718373e-18    1.385967768497705e-02    2.958566891913129e-02
    3.270349700838643e-02   -2.356171688057635e-18    1.567503306523144e-34   -1.905069978718373e-18   -2.152778272511443e-02    3.411182272487248e-02
    0.000000000000000e+00    0.000000000000000e+00   -3.247849012308150e-02    3.446864320860894e-02    2.963284946860132e-02   -4.598427336276366e-04
    3.270349700838643e-02   -2.356171688057635e-18    1.567503306523144e-34   -1.905069978718373e-18   -1.289434530796404e-02    3.402376654922626e-02
    0.000000000000000e+00    3.273853022358256e-02    3.612628033543265e-18    1.353953505257340e-02   -3.419452575845502e-05    3.393649172443936e-02
    3.270349700838643e-02   -2.356171688057635e-18    1.567503306523144e-34   -1.905069978718373e-18   -1.793694305897026e-02    3.046163860021362e-02
    0.000000000000000e+00    3.273853022358256e-02    3.612628033543265e-18    2.225057262593385e-02   -5.619452779165165e-05   -3.560761679325303e-02
    0.000000000000000e+00    3.273853022358256e-02    3.612628033543265e-18    2.660609141261407e-02   -6.719452880824964e-05   -3.562741977549643e-02
    0.000000000000000e+00    3.273853022358256e-02    3.612628033543265e-18    3.096161019929430e-02   -7.819452982484784e-05   -3.564722275773984e-02
    0.000000000000000e+00    0.000000000000000e+00   -3.247849012308150e-02   -2.650861980491420e-02   -3.496393114579420e-02    4.778203351269422e-04
    0.000000000000000e+00    0.000000000000000e+00   -3.247849012308150e-02   -2.650861980491420e-02   -3.496393114579420e-02    4.778203351269422e-04
    3.270349700838643e-02   -2.356171688057635e-18    1.567503306523144e-34   -1.905069978718373e-18   -3.016122014226481e-02   -2.553055298114233e-02
    0.000000000000000e+00    3.273853022358256e-02    3.612628033543265e-18   -6.060299487487606e-03    1.530547881623680e-05   -3.547889740867087e-02
    3.270349700838643e-02   -2.356171688057635e-18    1.567503306523144e-34   -1.905069978718373e-18    2.214170172049135e-03   -1.825870867305889e-02
    0.000000000000000e+00    0.000000000000000e+00   -3.247849012308150e-02   -1.887607745294456e-02   -3.103666491231822e-02    4.028654021139191e-04
    3.270349700838643e-02   -2.356171688057635e-18    1.567503306523144e-34   -1.905069978718373e-18    4.512113495533109e-03   -2.455173743970122e-02
    3.270349700838643e-02   -2.356171688057635e-18    1.567503306523144e-34   -1.905069978718373e-18    6.530888880624330e-03    3.382564015402219e-02
    3.270349700838643e-02   -2.356171688057635e-18    1.567503306523144e-34   -1.905069978718373e-18    1.084760758919952e-02    2.943758065662371e-02
    0.000000000000000e+00    3.273853022358256e-02    3.612628033543265e-18   -1.041581827416783e-02    2.630547983283479e-05   -3.545909442642746e-02
    0.000000000000000e+00    0.000000000000000e+00   -3.247849012308150e-02    3.011312442192871e-02   -3.510693115900998e-02    2.203815659626231e-04
    0.000000000000000e+00    3.273853022358256e-02    3.612628033543265e-18    3.531712898597452e-02   -8.919453084144605e-05   -1.394686869210652e-02
    0.000000000000000e+00    3.273853022358256e-02    3.612628033543265e-18    3.531712898597452e-02   -8.919453084144605e-05   -5.258805873164329e-03
    3.270349700838643e-02   -2.356171688057635e-18    1.567503306523144e-34   -1.905069978718373e-18   -3.447793885084001e-02   -1.354043851698700e-02
    0.000000000000000e+00    3.273853022358256e-02    3.612628033543265e-18    3.531712898597452e-02   -8.919453084144605e-05   -8.516829430137327e-03
    0.000000000000000e+00    0.000000000000000e+00   -3.247849012308150e-02   -5.819905568322511e-03   -8.036689222027731e-03    1.085806205768612e-04
    3.270349700838643e-02   -2.356171688057635e-18    1.567503306523144e-34   -1.905069978718373e-18   -2.801734002878009e-02   -5.554859036763251e-03
    0.000000000000000e+00    3.273853022358256e-02    3.612628033543265e-18    3.040181847201082e-02   -7.678075803994990e-05   -1.130290611706774e-02
    0.000000000000000e+00    0.000000000000000e+00   -3.247849012308150e-02   -1.126430405153341e-02   -1.081370634734011e-02    1.617985936645254e-04
    0.000000000000000e+00    3.273853022358256e-02    3.612628033543265e-18   -1.259357766750795e-02    3.180548034113400e-05   -3.544919293530577e-02
    0.000000000000000e+00    0.000000000000000e+00   -3.247849012308150e-02    3.980011701707994e-03   -3.504093115291004e-02    3.391994594237114e-04
    3.270349700838643e-02   -2.356171688057635e-18    1.567503306523144e-34   -1.905069978718373e-18    4.372529526336732e-03    1.212749715005700e-02
    0.000000000000000e+00    3.273853022358256e-02    3.612628033543265e-18   -3.882540094147493e-03    9.805478307937589e-06   -3.548879889979257e-02
    0.000000000000000e+00    0.000000000000000e+00   -3.247849012308150e-02    1.269104927520782e-02   -3.506293115494360e-02    2.995934949362594e-04
    0.000000000000000e+00    3.273853022358256e-02    3.612628033543265e-18   -1.259357766750795e-02    3.180548034113400e-05   -3.544919293530577e-02
    0.000000000000000e+00    3.273853022358256e-02    3.612628033543265e-18   -8.238058880827719e-03    2.080547932453579e-05   -3.546899591754917e-02
    0.000000000000000e+00    0.000000000000000e+00   -3.247849012308150e-02    3.980011701707994e-03   -3.504093115291004e-02    3.391994594237114e-04
    0.000000000000000e+00    0.000000000000000e+00   -3.247849012308150e-02    1.092072301418884e-02   -3.025657580615692e-02    2.586660310676218e-04
    3.270349700838643e-02   -2.356171688057635e-18    1.567503306523144e-34   -1.905069978718373e-18    1.121566425755349e-02    1.008758747615528e-02
    0.000000000000000e+00    3.273853022358256e-02    3.612628033543265e-18   -1.078718315610793e-02    2.724337363583310e-05   -3.147468797281368e-02
    3.270349700838643e-02   -2.356171688057635e-18    1.567503306523144e-34   -1.905069978718373e-18   -3.016122014226481e-02    3.419987890051874e-02
    0.000000000000000e+00    0.000000000000000e+00   -3.247849012308150e-02    3.446864320860894e-02    2.099941205145093e-02   -3.717865579813895e-04
    3.270349700838643e-02   -2.356171688057635e-18    1.567503306523144e-34   -1.905069978718373e-18   -3.447793885084001e-02    3.424390698834186e-02
    0.000000000000000e+00    3.273853022358256e-02    3.612628033543265e-18    3.531712898597452e-02   -8.919453084144605e-05    2.080538258449628e-02
    0.000000000000000e+00    0.000000000000000e+00   -3.247849012308150e-02   -1.344206344487352e-02   -1.773005631454323e-02    2.422990371042215e-04
    3.270349700838643e-02   -2.356171688057635e-18    1.567503306523144e-34   -1.905069978718373e-18   -3.447793885084001e-02   -4.852375697975302e-03
    3.270349700838643e-02   -2.356171688057635e-18    1.567503306523144e-34   -1.905069978718373e-18   -2.801734002878009e-02   -5.554859036763251e-03
    0.000000000000000e+00    0.000000000000000e+00   -3.247849012308150e-02   -5.369298157416748e-03   -1.740517958001794e-02    2.020735626986053e-04
    0.000000000000000e+00    3.273853022358256e-02    3.612628033543265e-18    3.052353217826817e-02   -7.708814987043826e-05   -2.217621412453460e-02
    0.000000000000000e+00    3.273853022358256e-02    3.612628033543265e-18   -1.704780700807381e-03    4.305477799638377e-06   -5.090480524095351e-03
    0.000000000000000e+00    0.000000000000000e+00   -3.247849012308150e-02    3.446864320860894e-02   -4.900900200207425e-03   -1.076180310405366e-04
    0.000000000000000e+00    0.000000000000000e+00   -3.247849012308150e-02    3.446864320860894e-02   -1.272495285929276e-02   -2.781712186323877e-05
    0.000000000000000e+00    0.000000000000000e+00   -3.247849012308150e-02   -1.725314238321872e-02   -3.498730614795447e-02    4.357389978596978e-04
    3.270349700838643e-02   -2.356171688057635e-18    1.567503306523144e-34   -1.905069978718373e-18    1.138719742777142e-02   -2.215329584306145e-02
    3.270349700838643e-02   -2.356171688057635e-18    1.567503306523144e-34   -1.905069978718373e-18    7.347548549267740e-03   -1.667169736178117e-02
    3.270349700838643e-02   -2.356171688057635e-18    1.567503306523144e-34   -1.905069978718373e-18    3.458956048636309e-02    1.181930053529513e-02
    3.270349700838643e-02   -2.356171688057635e-18    1.567503306523144e-34   -1.905069978718373e-18    3.458956048636309e-02    1.724933979726432e-02
    0.000000000000000e+00    0.000000000000000e+00   -3.247849012308150e-02    1.813544775855809e-02   -3.183914212478294e-02    2.418187012646553e-04
    3.270349700838643e-02   -2.356171688057635e-18    1.567503306523144e-34   -1.905069978718373e-18    3.458956048636309e-02   -2.293295074130766e-02
    0.000000000000000e+00    3.273853022358256e-02    3.612628033543265e-18   -3.437117160090906e-02    8.680548542412481e-05    1.243416748124013e-02
    0.000000000000000e+00    3.273853022358256e-02    3.612628033543265e-18   -3.437117160090906e-02    8.680548542412481e-05    1.243416748124013e-02
    3.270349700838643e-02   -2.356171688057635e-18    1.567503306523144e-34   -1.905069978718373e-18    3.458956048636309e-02   -2.293295074130766e-02
    0.000000000000000e+00    0.000000000000000e+00   -3.247849012308150e-02   -2.650861980491420e-02    1.251997464853292e-02   -6.488630927414299e-06
    0.000000000000000e+00    3.273853022358256e-02    3.612628033543265e-18   -3.437117160090906e-02    8.680548542412481e-05    8.090136071664781e-03
    0.000000000000000e+00    3.273853022358256e-02    3.612628033543265e-18   -2.823164009711585e-02    7.129990363449004e-05    7.756782114772078e-03
    0.000000000000000e+00    0.000000000000000e+00   -3.247849012308150e-02   -3.086413859159442e-02    5.420352736000117e-03    8.583867064791455e-05
    3.270349700838643e-02   -2.356171688057635e-18    1.567503306523144e-34   -1.905069978718373e-18    3.110606431141013e-02   -3.158548387092412e-02
    0.000000000000000e+00    0.000000000000000e+00   -3.247849012308150e-02   -3.086413859159442e-02    1.080175226595362e-02    3.095144099233376e-05
    0.000000000000000e+00    3.273853022358256e-02    3.612628033543265e-18   -3.021499675974532e-02    7.630893387261459e-05    6.829120550865777e-03
    0.000000000000000e+00    0.000000000000000e+00   -3.247849012308150e-02   -2.438677396795894e-02    6.963587976023792e-03    4.048143970573685e-05
    0.000000000000000e+00    3.273853022358256e-02    3.612628033543265e-18   -1.158199484774856e-02    2.925069580438562e-05    1.935427700372103e-03
    3.270349700838643e-02   -2.356171688057635e-18    1.567503306523144e-34   -1.905069978718373e-18    8.605889039968872e-03   -3.570002622648286e-02
    0.000000000000000e+00    3.273853022358256e-02    3.612628033543265e-18   -5.848026253444280e-03    1.476937602237117e-05    7.071678553794336e-03
    3.270349700838643e-02   -2.356171688057635e-18    1.567503306523144e-34   -1.905069978718373e-18    1.395658719186524e-02   -3.039442598189481e-02
    0.000000000000000e+00    3.273853022358256e-02    3.612628033543265e-18   -1.355274240126382e-02    3.422788133700763e-05    6.072654145035271e-03
    0.000000000000000e+00    0.000000000000000e+00   -3.247849012308150e-02   -2.984530857046589e-02    6.300944465363336e-03    7.219863453095521e-05
    0.000000000000000e+00    3.273853022358256e-02    3.612628033543265e-18    4.828497479212954e-03   -1.219452372525882e-05    3.397609768892620e-02
    0.000000000000000e+00    0.000000000000000e+00   -3.247849012308150e-02   -3.086413859159442e-02    3.411456819242550e-02   -2.068260877996216e-04
    0.000000000000000e+00    3.273853022358256e-02    3.612628033543265e-18    4.828497479212954e-03   -1.219452372525882e-05    3.397609768892620e-02
    0.000000000000000e+00    0.000000000000000e+00   -3.247849012308150e-02   -2.705305965324923e-02    3.410494319153596e-02   -2.241536972626044e-04
    3.270349700838643e-02   -2.356171688057635e-18    1.567503306523144e-34   -1.905069978718373e-18   -6.419267245101250e-03   -3.120274672613869e-02
    0.000000000000000e+00    3.273853022358256e-02    3.612628033543265e-18    7.006256872553066e-03   -1.769452423355782e-05    2.965223535313763e-02
    3.270349700838643e-02   -2.356171688057635e-18    1.567503306523144e-34   -1.905069978718373e-18   -7.498446922245048e-03   -2.155342001418760e-02
    0.000000000000000e+00    0.000000000000000e+00   -3.247849012308150e-02   -2.120033128364767e-02    3.409016194016992e-02   -2.507639546521857e-04
    0.000000000000000e+00    0.000000000000000e+00   -3.247849012308150e-02   -2.606011016377659e-02    2.909016138485803e-02   -1.775459235860039e-04
    0.000000000000000e+00    3.273853022358256e-02    3.612628033543265e-18    3.531712898597452e-02   -8.919453084144605e-05   -5.258805873164329e-03
    3.270349700838643e-02   -2.356171688057635e-18    1.567503306523144e-34   -1.905069978718373e-18   -3.447793885084001e-02   -2.222850133613768e-02
    3.270349700838643e-02   -2.356171688057635e-18    1.567503306523144e-34   -1.905069978718373e-18   -3.447793885084001e-02   -2.222850133613768e-02
    0.000000000000000e+00    3.273853022358256e-02    3.612628033543265e-18    3.531712898597452e-02   -8.919453084144605e-05   -5.258805873164329e-03
    0.000000000000000e+00    3.273853022358256e-02    3.612628033543265e-18    3.531712898597452e-02   -8.919453084144605e-05   -9.602837282531166e-03
    0.000000000000000e+00    0.000000000000000e+00   -3.247849012308150e-02   -2.215310101823397e-02   -9.074618895359638e-03    1.938488259447930e-04
    0.000000000000000e+00    0.000000000000000e+00   -3.247849012308150e-02   -3.086413859159442e-02   -1.045893666090346e-02    2.477984357692382e-04
    0.000000000000000e+00    3.273853022358256e-02    3.612628033543265e-18    3.058444473290707e-02   -7.724198646161580e-05   -4.977062174808225e-03
    0.000000000000000e+00    0.000000000000000e+00   -3.247849012308150e-02   -3.086413859159442e-02   -4.477310451457046e-03    1.867892336751944e-04
    0.000000000000000e+00    0.000000000000000e+00   -3.247849012308150e-02   -2.574519310845598e-02   -1.231240806251361e-02    2.432969265185206e-04
    0.000000000000000e+00    3.273853022358256e-02    3.612628033543265e-18   -3.437117160090906e-02    8.680548542412481e-05    1.243416748124013e-02
    3.270349700838643e-02   -2.356171688057635e-18    1.567503306523144e-34   -1.905069978718373e-18    2.853779207188773e-02   -2.730567186753625e-02
    0.000000000000000e+00    3.273853022358256e-02    3.612628033543265e-18   -2.826500791469902e-02    7.138417511747806e-05    1.563102472099549e-02
    0.000000000000000e+00    0.000000000000000e+00   -3.247849012308150e-02   -2.659927322653508e-02    1.572454887075909e-02   -3.875897065181963e-05
    0.000000000000000e+00    3.273853022358256e-02    3.612628033543265e-18    4.828497479212954e-03   -1.219452372525882e-05   -3.552840486427938e-02
    0.000000000000000e+00    0.000000000000000e+00   -3.247849012308150e-02   -1.344206344487352e-02   -3.499693114884399e-02    4.184113883967148e-04
    3.270349700838643e-02   -2.356171688057635e-18    1.567503306523144e-34   -1.905069978718373e-18   -8.577626599388847e-03   -5.116544224914041e-03
    0.000000000000000e+00    3.273853022358256e-02    3.612628033543265e-18    1.353953505257340e-02   -3.419452575845502e-05   -3.556801082876621e-02
    3.270349700838643e-02   -2.356171688057635e-18    1.567503306523144e-34   -1.905069978718373e-18   -8.577626599388847e-03   -1.380460704392573e-02
    0.000000000000000e+00    3.273853022358256e-02    3.612628033543265e-18    3.739617782542898e-03   -9.444523471109109e-06   -3.552345411871854e-02
    0.000000000000000e+00    0.000000000000000e+00   -3.247849012308150e-02   -8.556818980924419e-03   -2.997733415745551e-02    3.448770459262278e-04
    3.270349700838643e-02   -2.356171688057635e-18    1.567503306523144e-34   -1.905069978718373e-18   -1.149965153560203e-02   -9.030859066339792e-03
    0.000000000000000e+00    3.273853022358256e-02    3.612628033543265e-18    3.531712898597452e-02   -8.919453084144605e-05   -2.263493151125722e-02
    3.270349700838643e-02   -2.356171688057635e-18    1.567503306523144e-34   -1.905069978718373e-18   -3.447793885084001e-02    2.121181275961581e-02
    0.000000000000000e+00    3.273853022358256e-02    3.612628033543265e-18    3.531712898597452e-02   -8.919453084144605e-05   -3.132299433040792e-02
    0.000000000000000e+00    0.000000000000000e+00   -3.247849012308150e-02    3.011312442192871e-02   -2.215677503328440e-02    8.829730249325242e-05
    3.270349700838643e-02   -2.356171688057635e-18    1.567503306523144e-34   -1.905069978718373e-18   -3.447793885084001e-02    2.555584416919116e-02
    0.000000000000000e+00    3.273853022358256e-02    3.612628033543265e-18    3.531712898597452e-02   -8.919453084144605e-05   -2.263493151125722e-02
    0.000000000000000e+00    0.000000000000000e+00   -3.247849012308150e-02    3.011312442192871e-02   -3.079021245043479e-02    1.763534781394995e-04
    3.270349700838643e-02   -2.356171688057635e-18    1.567503306523144e-34   -1.905069978718373e-18   -3.124039981940860e-02    2.443681525092998e-02
    0.000000000000000e+00    3.273853022358256e-02    3.612628033543265e-18    3.205048989596435e-02   -8.094453007899756e-05   -3.130814209372536e-02
    0.000000000000000e+00    3.273853022358256e-02    3.612628033543265e-18    3.241344979462209e-02   -8.186119682979417e-05   -2.479374522788156e-02
    3.270349700838643e-02   -2.356171688057635e-18    1.567503306523144e-34   -1.905069978718373e-18    3.458956048636309e-02   -3.162101356045836e-02
    0.000000000000000e+00    0.000000000000000e+00   -3.247849012308150e-02   -3.086413859159442e-02   -2.577540830670855e-03    1.674126586990400e-04
    3.270349700838643e-02   -2.356171688057635e-18    1.567503306523144e-34   -1.905069978718373e-18    3.458956048636309e-02   -2.619097429848917e-02
    3.270349700838643e-02   -2.356171688057635e-18    1.567503306523144e-34   -1.905069978718373e-18    3.047040991632601e-02   -2.511871952975210e-02
    0.000000000000000e+00    3.273853022358256e-02    3.612628033543265e-18   -3.021499675974532e-02    7.630893387261459e-05    2.485089141290426e-03
    3.270349700838643e-02   -2.356171688057635e-18    1.567503306523144e-34   -1.905069978718373e-18   -8.352797500214115e-03   -3.552705722137423e-02
    0.000000000000000e+00    0.000000000000000e+00   -3.247849012308150e-02   -3.521965737827466e-02   -1.960858656457309e-02    3.610348626610562e-04
    3.270349700838643e-02   -2.356171688057635e-18    1.567503306523144e-34   -1.905069978718373e-18   -2.806515005864065e-03   -3.089456573927203e-02
    0.000000000000000e+00    3.273853022358256e-02    3.612628033543265e-18    9.830555648971420e-03   -2.482738048636213e-05   -1.389524103999828e-02
    0.000000000000000e+00    0.000000000000000e+00   -3.247849012308150e-02   -3.067249975672635e-02   -1.343366828030874e-02    2.772627652737841e-04
    3.270349700838643e-02   -2.356171688057635e-18    1.567503306523144e-34   -1.905069978718373e-18    3.458956048636309e-02   -9.900856512581616e-03
    3.270349700838643e-02   -2.356171688057635e-18    1.567503306523144e-34   -1.905069978718373e-18    3.002004936505038e-02   -5.255586741977146e-03
    0.000000000000000e+00    0.000000000000000e+00   -3.247849012308150e-02   -1.779758223155375e-02   -2.203577502210182e-02    3.061301071707540e-04
    0.000000000000000e+00    0.000000000000000e+00   -3.247849012308150e-02   -1.779758223155375e-02   -3.066921243925221e-02    3.941862828170007e-04
    0.000000000000000e+00    0.000000000000000e+00   -3.247849012308150e-02   -2.068019183562520e-02   -2.597373364208027e-02    3.594755018755328e-04
    0.000000000000000e+00    3.273853022358256e-02    3.612628033543265e-18   -3.882540094147493e-03    9.805478307937589e-06    3.401570365341301e-02
    0.000000000000000e+00    3.273853022358256e-02    3.612628033543265e-18   -1.704780700807381e-03    4.305477799638377e-06    3.067185606860659e-02
    0.000000000000000e+00    0.000000000000000e+00   -3.247849012308150e-02   -3.086413859159442e-02    3.080158398050957e-02   -1.730355237887921e-04
    3.270349700838643e-02   -2.356171688057635e-18    1.567503306523144e-34   -1.905069978718373e-18    5.451709203480532e-03   -2.806580041047076e-02
    3.270349700838643e-02   -2.356171688057635e-18    1.567503306523144e-34   -1.905069978718373e-18   -2.584450143368962e-02   -3.534865174050999e-02
    0.000000000000000e+00    0.000000000000000e+00   -3.247849012308150e-02   -3.521965737827466e-02   -7.722988228010028e-03    2.398084861651713e-04
    0.000000000000000e+00    0.000000000000000e+00   -3.247849012308150e-02   -2.802146579854022e-02   -7.171720375937884e-03    2.012728516927651e-04
    0.000000000000000e+00    3.273853022358256e-02    3.612628033543265e-18    2.295581155870275e-02   -5.797563111305773e-05   -1.281403942248206e-02
    0.000000000000000e+00    3.273853022358256e-02    3.612628033543265e-18    2.303238083121712e-02   -5.816900924244957e-05   -3.395117521307418e-03
    3.270349700838643e-02   -2.356171688057635e-18    1.567503306523144e-34   -1.905069978718373e-18   -4.800497729385553e-03   -3.176226118526929e-02
    0.000000000000000e+00    0.000000000000000e+00   -3.247849012308150e-02   -3.521965737827466e-02   -1.653508100825343e-02    3.296868454067273e-04
    0.000000000000000e+00    0.000000000000000e+00   -3.247849012308150e-02   -3.086413859159442e-02   -1.974163664776204e-02    3.424767221827656e-04
    0.000000000000000e+00    3.273853022358256e-02    3.612628033543265e-18    2.430394832564350e-02   -6.138039333155897e-05   -1.706077100715166e-02
    3.270349700838643e-02   -2.356171688057635e-18    1.567503306523144e-34   -1.905069978718373e-18   -2.429994432509493e-02   -2.955134945197503e-02
    3.270349700838643e-02   -2.356171688057635e-18    1.567503306523144e-34   -1.905069978718373e-18   -3.447793885084001e-02   -2.657253274571303e-02
    0.000000000000000e+00    3.273853022358256e-02    3.612628033543265e-18    3.531712898597452e-02   -8.919453084144605e-05    3.429256945986369e-03
    3.270349700838643e-02   -2.356171688057635e-18    1.567503306523144e-34   -1.905069978718373e-18   -2.805825132767709e-02   -2.647805385337758e-02
    0.000000000000000e+00    3.273853022358256e-02    3.612628033543265e-18    3.096161019929430e-02   -7.819452982484784e-05    2.082518556673969e-02
    0.000000000000000e+00    0.000000000000000e+00   -3.247849012308150e-02   -3.521965737827466e-02    2.117541206771650e-02   -5.493884208684236e-05
    3.270349700838643e-02   -2.356171688057635e-18    1.567503306523144e-34   -1.905069978718373e-18   -3.016122014226481e-02   -3.096059224311151e-02
    3.270349700838643e-02   -2.356171688057635e-18    1.567503306523144e-34   -1.905069978718373e-18   -2.278463225294467e-02   -3.537986067445082e-02
    0.000000000000000e+00    3.273853022358256e-02    3.612628033543265e-18    2.351871912795636e-02   -5.939727205580272e-05    2.646785898740035e-02
    0.000000000000000e+00    0.000000000000000e+00   -3.247849012308150e-02   -1.561982283821364e-02    3.407606818886739e-02   -2.761365256515537e-04
    0.000000000000000e+00    3.273853022358256e-02    3.612628033543265e-18    1.245065535590334e-02   -3.144452550430574e-05    3.394144247000023e-02
    3.270349700838643e-02   -2.356171688057635e-18    1.567503306523144e-34   -1.905069978718373e-18   -2.152778272511443e-02   -1.150050707566869e-02
    0.000000000000000e+00    3.273853022358256e-02    3.612628033543265e-18    2.225057262593385e-02   -5.619452779165165e-05    3.389688575995255e-02
    0.000000000000000e+00    0.000000000000000e+00   -3.247849012308150e-02   -7.274810703908180e-03    3.405499259570462e-02   -3.140783037061131e-04
    0.000000000000000e+00    3.273853022358256e-02    3.612628033543265e-18    1.726571223395160e-02   -4.360510456448228e-05    2.856474026119512e-02
    3.270349700838643e-02   -2.356171688057635e-18    1.567503306523144e-34   -1.905069978718373e-18   -2.072668015016437e-02   -6.949400458290228e-03
    3.270349700838643e-02   -2.356171688057635e-18    1.567503306523144e-34   -1.905069978718373e-18    8.689248234911927e-03    3.395406242944162e-03
    0.000000000000000e+00    3.273853022358256e-02    3.612628033543265e-18   -8.238058880827719e-03    2.080547932453579e-05   -3.546899591754917e-02
    0.000000000000000e+00    0.000000000000000e+00   -3.247849012308150e-02    3.980011701707994e-03   -3.504093115291004e-02    3.391994594237114e-04
    0.000000000000000e+00    3.273853022358256e-02    3.612628033543265e-18   -3.882540094147493e-03    9.805478307937589e-06   -3.548879889979257e-02
    0.000000000000000e+00    0.000000000000000e+00   -3.247849012308150e-02    3.980011701707994e-03   -3.504093115291004e-02    3.391994594237114e-04
    0.000000000000000e+00    3.273853022358256e-02    3.612628033543265e-18   -4.349089823703495e-03    1.098376446643239e-05   -2.826548187357244e-02
    3.270349700838643e-02   -2.356171688057635e-18    1.567503306523144e-34   -1.905069978718373e-18    7.226915446242354e-03   -4.262458086470576e-03
    0.000000000000000e+00    3.273853022358256e-02    3.612628033543265e-18   -9.859743451143930e-03    2.490109520768449e-05   -3.026723779708103e-02
    0.000000000000000e+00    0.000000000000000e+00   -3.247849012308150e-02    1.802252308367881e-03   -2.987370547118835e-02    2.964542698247385e-04
    3.270349700838643e-02   -2.356171688057635e-18    1.567503306523144e-34   -1.905069978718373e-18    3.458956048636309e-02    2.919542617359654e-02
    3.270349700838643e-02   -2.356171688057635e-18    1.567503306523144e-34   -1.905069978718373e-18    3.458956048636309e-02    2.919542617359654e-02
    3.270349700838643e-02   -2.356171688057635e-18    1.567503306523144e-34   -1.905069978718373e-18    3.458956048636309e-02    2.485139476402119e-02
    0.000000000000000e+00    0.000000000000000e+00   -3.247849012308150e-02    2.285392644389604e-02    1.023694861605780e-02   -2.089083857734344e-04
    0.000000000000000e+00    0.000000000000000e+00   -3.247849012308150e-02    3.011312442192871e-02    5.901896572247157e-03   -1.978852683549355e-04
    3.270349700838643e-02   -2.356171688057635e-18    1.567503306523144e-34   -1.905069978718373e-18    3.033243645824445e-02    2.923884642940602e-02
    0.000000000000000e+00    0.000000000000000e+00   -3.247849012308150e-02    2.530795100906030e-02    1.097953490613809e-02   -2.277031286810438e-04
    0.000000000000000e+00    0.000000000000000e+00   -3.247849012308150e-02    2.504983885903007e-02    2.904441651916281e-03   -1.441615553982346e-04
    0.000000000000000e+00    3.273853022358256e-02    3.612628033543265e-18   -2.966743196466368e-02    7.492604159329030e-05    1.117009114598185e-02
    3.270349700838643e-02   -2.356171688057635e-18    1.567503306523144e-34   -1.905069978718373e-18   -4.260907890813655e-03    3.527490506413533e-03
    0.000000000000000e+00    3.273853022358256e-02    3.612628033543265e-18    1.353953505257340e-02   -3.419452575845502e-05   -3.556801082876621e-02
    0.000000000000000e+00    0.000000000000000e+00   -3.247849012308150e-02    1.269104927520782e-02   -3.506293115494360e-02    2.995934949362594e-04
    0.000000000000000e+00    3.273853022358256e-02    3.612628033543265e-18    1.353953505257340e-02   -3.419452575845502e-05   -3.556801082876621e-02
    3.270349700838643e-02   -2.356171688057635e-18    1.567503306523144e-34   -1.905069978718373e-18   -8.577626599388847e-03    3.571518594236656e-03
    0.000000000000000e+00    0.000000000000000e+00   -3.247849012308150e-02    3.980011701707994e-03   -3.504093115291004e-02    3.391994594237114e-04
    0.000000000000000e+00    3.273853022358256e-02    3.612628033543265e-18    4.828497479212954e-03   -1.219452372525882e-05   -3.552840486427938e-02
    0.000000000000000e+00    0.000000000000000e+00   -3.247849012308150e-02    9.488620869675826e-03   -2.886251631893302e-02    2.509955577317180e-04
    3.270349700838643e-02   -2.356171688057635e-18    1.567503306523144e-34   -1.905069978718373e-18   -6.771847699184935e-03    1.044285151673910e-02
    0.000000000000000e+00    3.273853022358256e-02    3.612628033543265e-18    8.932157193414624e-03   -2.255844665587183e-05   -3.050300454731085e-02
    3.270349700838643e-02   -2.356171688057635e-18    1.567503306523144e-34   -1.905069978718373e-18    2.923690297653556e-02   -2.070634095920343e-02
    0.000000000000000e+00    3.273853022358256e-02    3.612628033543265e-18   -2.664827234197806e-02    6.730105808492450e-05    2.541894353564739e-02
    0.000000000000000e+00    0.000000000000000e+00   -3.247849012308150e-02   -1.576529420254221e-02    2.543086998114200e-02   -1.872952432666881e-04
    3.270349700838643e-02   -2.356171688057635e-18    1.567503306523144e-34   -1.905069978718373e-18    3.027284177778790e-02   -2.288892265348453e-02
    0.000000000000000e+00    0.000000000000000e+00   -3.247849012308150e-02   -2.215310101823397e-02   -3.497493114681079e-02    4.580173528835334e-04
    3.270349700838643e-02   -2.356171688057635e-18    1.567503306523144e-34   -1.905069978718373e-18    3.027284177778790e-02   -2.852553949613254e-02
    0.000000000000000e+00    3.273853022358256e-02    3.612628033543265e-18   -3.001565281422884e-02    7.580548440752661e-05   -3.231853502982944e-02
    0.000000000000000e+00    0.000000000000000e+00   -3.247849012308150e-02   -2.780462335698970e-02   -3.192839775922910e-02    4.527854597293954e-04
    3.270349700838643e-02   -2.356171688057635e-18    1.567503306523144e-34   -1.905069978718373e-18    2.518810529482021e-02   -2.664400314285996e-02
    0.000000000000000e+00    0.000000000000000e+00   -3.247849012308150e-02   -2.597011003722021e-02   -2.982050099710296e-02    4.228979761836081e-04
    0.000000000000000e+00    0.000000000000000e+00   -3.247849012308150e-02    3.011312442192871e-02   -4.889900199190825e-03   -8.781504879712758e-05
    3.270349700838643e-02   -2.356171688057635e-18    1.567503306523144e-34   -1.905069978718373e-18   -3.447793885084001e-02    2.121181275961581e-02
    0.000000000000000e+00    0.000000000000000e+00   -3.247849012308150e-02    2.140208684856826e-02   -4.867900197157631e-03   -4.820908431030876e-05
    0.000000000000000e+00    3.273853022358256e-02    3.612628033543265e-18    3.531712898597452e-02   -8.919453084144605e-05   -5.258805873164329e-03
    3.270349700838643e-02   -2.356171688057635e-18    1.567503306523144e-34   -1.905069978718373e-18   -3.447793885084001e-02    2.555584416919116e-02
    0.000000000000000e+00    3.273853022358256e-02    3.612628033543265e-18    3.531712898597452e-02   -8.919453084144605e-05   -1.394686869210652e-02
    0.000000000000000e+00    0.000000000000000e+00   -3.247849012308150e-02    2.575760563524849e-02   -1.351233761511742e-02    2.004410909041517e-05
    3.270349700838643e-02   -2.356171688057635e-18    1.567503306523144e-34   -1.905069978718373e-18   -3.447793885084001e-02    2.989987557876651e-02
    0.000000000000000e+00    3.273853022358256e-02    3.612628033543265e-18    3.531712898597452e-02   -8.919453084144605e-05   -9.602837282531166e-03
    0.000000000000000e+00    0.000000000000000e+00   -3.247849012308150e-02    2.554355309582056e-02   -9.670953521387124e-03   -1.815710074618027e-05
    0.000000000000000e+00    3.273853022358256e-02    3.612628033543265e-18    3.531712898597452e-02   -8.919453084144605e-05   -5.258805873164329e-03
    3.270349700838643e-02   -2.356171688057635e-18    1.567503306523144e-34   -1.905069978718373e-18   -3.447793885084001e-02    1.252374994046510e-02
    0.000000000000000e+00    3.273853022358256e-02    3.612628033543265e-18    3.531712898597452e-02   -8.919453084144605e-05   -5.258805873164329e-03
    0.000000000000000e+00    0.000000000000000e+00   -3.247849012308150e-02    1.269104927520782e-02   -9.162618903492426e-03    3.542496799751963e-05
    0.000000000000000e+00    3.273853022358256e-02    3.612628033543265e-18    3.531712898597452e-02   -8.919453084144605e-05   -1.394686869210652e-02
    0.000000000000000e+00    0.000000000000000e+00   -3.247849012308150e-02    7.791090640192567e-03   -1.346696261092394e-02    1.017314108444783e-04
    3.270349700838643e-02   -2.356171688057635e-18    1.567503306523144e-34   -1.905069978718373e-18   -2.808846674591101e-02    8.183741641874355e-03
    0.000000000000000e+00    3.273853022358256e-02    3.612628033543265e-18    2.887022621820695e-02   -7.291267316326959e-05   -7.401509822407818e-03
    0.000000000000000e+00    0.000000000000000e+00   -3.247849012308150e-02    8.404905570866194e-03   -6.993434757161861e-03    3.289848270454229e-05
    3.270349700838643e-02   -2.356171688057635e-18    1.567503306523144e-34   -1.905069978718373e-18   -2.942310386188960e-02    9.575737854168641e-03
    0.000000000000000e+00    3.273853022358256e-02    3.612628033543265e-18    2.768721112955225e-02   -6.992493098714838e-05   -1.212049994602999e-02
    0.000000000000000e+00    0.000000000000000e+00   -3.247849012308150e-02    3.980011701707994e-03   -3.504093115291004e-02    3.391994594237114e-04
    3.270349700838643e-02   -2.356171688057635e-18    1.567503306523144e-34   -1.905069978718373e-18   -2.152778272511443e-02    1.239166567699573e-02
    0.000000000000000e+00    0.000000000000000e+00   -3.247849012308150e-02    1.269104927520782e-02   -3.506293115494360e-02    2.995934949362594e-04
    0.000000000000000e+00    3.273853022358256e-02    3.612628033543265e-18    2.660609141261407e-02   -6.719452880824964e-05   -3.562741977549643e-02
    0.000000000000000e+00    0.000000000000000e+00   -3.247849012308150e-02    1.269104927520782e-02   -3.074621244636840e-02    2.555654071131361e-04
    3.270349700838643e-02   -2.356171688057635e-18    1.567503306523144e-34   -1.905069978718373e-18   -3.016122014226481e-02    3.791659033352273e-03
    3.270349700838643e-02   -2.356171688057635e-18    1.567503306523144e-34   -1.905069978718373e-18   -2.510638515331440e-02    9.531709766345518e-03
    0.000000000000000e+00    3.273853022358256e-02    3.612628033543265e-18    2.586134070195452e-02   -6.531363723698154e-05   -2.889310182886752e-02
    3.270349700838643e-02   -2.356171688057635e-18    1.567503306523144e-34   -1.905069978718373e-18    1.834971512093666e-02   -3.579940773808653e-02
    3.270349700838643e-02   -2.356171688057635e-18    1.567503306523144e-34   -1.905069978718373e-18    2.239797556939653e-02   -3.040151833889098e-02
    0.000000000000000e+00    0.000000000000000e+00   -3.247849012308150e-02   -2.976609462206606e-02   -3.630771353655245e-03    1.731343172356791e-04
    0.000000000000000e+00    3.273853022358256e-02    3.612628033543265e-18   -1.489472845022257e-02    3.761710972191336e-05   -6.663328337300967e-03
    3.270349700838643e-02   -2.356171688057635e-18    1.567503306523144e-34   -1.905069978718373e-18    3.458956048636309e-02   -1.424488792215697e-02
    0.000000000000000e+00    3.273853022358256e-02    3.612628033543265e-18   -3.437117160090906e-02    8.680548542412481e-05   -9.285989566636618e-03
    0.000000000000000e+00    0.000000000000000e+00   -3.247849012308150e-02   -1.344206344487352e-02   -9.096618897392834e-03    1.542428614579748e-04
    0.000000000000000e+00    3.273853022358256e-02    3.612628033543265e-18   -3.437117160090906e-02    8.680548542412481e-05   -1.471602882860580e-02
    3.270349700838643e-02   -2.356171688057635e-18    1.567503306523144e-34   -1.905069978718373e-18    2.970394742874789e-02   -9.669928198662012e-03
    0.000000000000000e+00    3.273853022358256e-02    3.612628033543265e-18   -2.986880941200376e-02    7.543462673181277e-05   -4.646635212690460e-03
    0.000000000000000e+00    0.000000000000000e+00   -3.247849012308150e-02   -3.508459604038826e-03   -4.491179773126038e-03    6.184957419375513e-05
    0.000000000000000e+00    3.273853022358256e-02    3.612628033543265e-18   -3.437117160090906e-02    8.680548542412481e-05    1.243416748124013e-02
    3.270349700838643e-02   -2.356171688057635e-18    1.567503306523144e-34   -1.905069978718373e-18    3.458956048636309e-02    3.131237716005422e-03
    3.270349700838643e-02   -2.356171688057635e-18    1.567503306523144e-34   -1.905069978718373e-18    2.739702498294055e-02   -1.991272471606376e-03
    0.000000000000000e+00    3.273853022358256e-02    3.612628033543265e-18   -2.976058822069366e-02    7.516131067631343e-05    1.104729267269777e-02
    0.000000000000000e+00    3.273853022358256e-02    3.612628033543265e-18   -2.986880941200376e-02    7.543462673181277e-05    4.041427606460242e-03
    0.000000000000000e+00    0.000000000000000e+00   -3.247849012308150e-02    8.470591826413979e-04    4.131257643007753e-03   -4.600958369590072e-05
    3.270349700838643e-02   -2.356171688057635e-18    1.567503306523144e-34   -1.905069978718373e-18    2.739702498294055e-02   -6.335303881153923e-03
    0.000000000000000e+00    0.000000000000000e+00   -3.247849012308150e-02   -1.122107789279653e-02   -2.525674262674617e-03    7.706770962354101e-05
    3.270349700838643e-02   -2.356171688057635e-18    1.567503306523144e-34   -1.905069978718373e-18   -3.447793885084001e-02   -9.196407107411641e-03
    0.000000000000000e+00    3.273853022358256e-02    3.612628033543265e-18    3.531712898597452e-02   -8.919453084144605e-05   -3.132299433040792e-02
    0.000000000000000e+00    0.000000000000000e+00   -3.247849012308150e-02    3.011312442192871e-02   -2.731540844903228e-03   -1.098290927086889e-04
    3.270349700838643e-02   -2.356171688057635e-18    1.567503306523144e-34   -1.905069978718373e-18   -3.124039981940860e-02    2.986685451289916e-02
    3.270349700838643e-02   -2.356171688057635e-18    1.567503306523144e-34   -1.905069978718373e-18   -2.812300244466445e-02    2.379201669903792e-02
    0.000000000000000e+00    0.000000000000000e+00   -3.247849012308150e-02    2.465755084395396e-02    4.517169760112062e-03   -1.588167715004748e-04
    3.270349700838643e-02   -2.356171688057635e-18    1.567503306523144e-34   -1.905069978718373e-18   -3.016122014226481e-02    1.682375326221733e-02
    3.270349700838643e-02   -2.356171688057635e-18    1.567503306523144e-34   -1.905069978718373e-18   -2.368614207940202e-02    2.110174254005800e-02
    0.000000000000000e+00    0.000000000000000e+00   -3.247849012308150e-02    2.140208684856826e-02   -3.508493115697679e-02    2.599875304494415e-04
    0.000000000000000e+00    3.273853022358256e-02    3.612628033543265e-18    2.769497110928413e-02   -6.994452906239914e-05   -3.563237052105728e-02
    3.270349700838643e-02   -2.356171688057635e-18    1.567503306523144e-34   -1.905069978718373e-18    1.203201742742712e-02   -3.573497079705139e-02
    0.000000000000000e+00    0.000000000000000e+00   -3.247849012308150e-02   -3.521965737827466e-02   -3.743029929011589e-03    1.992151639335011e-04
    0.000000000000000e+00    0.000000000000000e+00   -3.247849012308150e-02   -2.947431884852317e-02   -8.388635541437251e-03    2.203277236086634e-04
    3.270349700838643e-02   -2.356171688057635e-18    1.567503306523144e-34   -1.905069978718373e-18    5.176548947486643e-03   -3.077260156598030e-02
    3.270349700838643e-02   -2.356171688057635e-18    1.567503306523144e-34   -1.905069978718373e-18   -3.447793885084001e-02    3.835687121175397e-03
    3.270349700838643e-02   -2.356171688057635e-18    1.567503306523144e-34   -1.905069978718373e-18   -2.964387848474399e-02    1.243461932479104e-03
    0.000000000000000e+00    3.273853022358256e-02    3.612628033543265e-18    3.043961850593052e-02   -7.687622322605294e-05    9.623282107402454e-03
    0.000000000000000e+00    0.000000000000000e+00   -3.247849012308150e-02    1.430366681995414e-03    9.949020367176428e-03   -1.080145864453140e-04
    0.000000000000000e+00    3.273853022358256e-02    3.612628033543265e-18    3.531712898597452e-02   -8.919453084144605e-05    1.646135117492093e-02
    3.270349700838643e-02   -2.356171688057635e-18    1.567503306523144e-34   -1.905069978718373e-18   -2.996863509602900e-02   -9.316401478640806e-03
    0.000000000000000e+00    3.273853022358256e-02    3.612628033543265e-18    3.100288067852662e-02   -7.829875973080075e-05    1.865298221988056e-02
    0.000000000000000e+00    0.000000000000000e+00   -3.247849012308150e-02   -1.160187919783080e-02    1.895740526459017e-02   -1.403063673620340e-04
    3.270349700838643e-02   -2.356171688057635e-18    1.567503306523144e-34   -1.905069978718373e-18   -3.016122014226481e-02   -5.523723762508780e-04
    3.270349700838643e-02   -2.356171688057635e-18    1.567503306523144e-34   -1.905069978718373e-18   -2.584450143368962e-02    3.747630945529149e-03
    0.000000000000000e+00    0.000000000000000e+00   -3.247849012308150e-02   -3.755070850001057e-04   -3.071321244331819e-02    3.149743538441241e-04
    0.000000000000000e+00    3.273853022358256e-02    3.612628033543265e-18   -3.437117160090906e-02    8.680548542412481e-05    5.918120366668593e-03
    0.000000000000000e+00    0.000000000000000e+00   -3.247849012308150e-02    6.883690893199813e-03    5.960563244335094e-03   -9.226936305780938e-05
    0.000000000000000e+00    3.273853022358256e-02    3.612628033543265e-18   -2.912275940618651e-02    7.355045374936153e-05   -6.131980585214932e-04
    0.000000000000000e+00    0.000000000000000e+00   -3.247849012308150e-02    9.808522352123716e-03   -5.133642529197522e-04   -3.961246709880221e-05
    3.270349700838643e-02   -2.356171688057635e-18    1.567503306523144e-34   -1.905069978718373e-18    3.000783811237146e-02    1.003385159454597e-02
    0.000000000000000e+00    0.000000000000000e+00   -3.247849012308150e-02   -3.521965737827466e-02   -1.906601429882937e-02    3.555009326138884e-04
    0.000000000000000e+00    3.273853022358256e-02    3.612628033543265e-18    2.064519087951252e-02   -5.214008520798806e-05   -1.283640182765266e-02
    3.270349700838643e-02   -2.356171688057635e-18    1.567503306523144e-34   -1.905069978718373e-18   -1.919675237779010e-02   -3.031101039799453e-02
    0.000000000000000e+00    3.273853022358256e-02    3.612628033543265e-18    1.562048184196964e-02   -3.945002296095795e-05   -1.337556053535053e-02
    3.270349700838643e-02   -2.356171688057635e-18    1.567503306523144e-34   -1.905069978718373e-18    3.458956048636309e-02    1.616333194487049e-02
    0.000000000000000e+00    3.273853022358256e-02    3.612628033543265e-18   -3.437117160090906e-02    8.680548542412481e-05   -4.941958157269781e-03
    0.000000000000000e+00    0.000000000000000e+00   -3.247849012308150e-02    2.069432007234985e-02   -5.717995764217508e-03   -3.630239750857858e-05
    3.270349700838643e-02   -2.356171688057635e-18    1.567503306523144e-34   -1.905069978718373e-18    3.000783811237146e-02    1.437788300412132e-02
    0.000000000000000e+00    3.273853022358256e-02    3.612628033543265e-18   -2.974826720928601e-02    7.513019357071765e-05   -9.788753053044235e-03
    0.000000000000000e+00    3.273853022358256e-02    3.612628033543265e-18   -3.437117160090906e-02    8.680548542412481e-05   -1.580203668099964e-02
    0.000000000000000e+00    0.000000000000000e+00   -3.247849012308150e-02    3.980011701707994e-03   -2.568804061743357e-02    2.438052691379295e-04
    3.270349700838643e-02   -2.356171688057635e-18    1.567503306523144e-34   -1.905069978718373e-18    2.816983896886768e-02    3.918175840810182e-04
    0.000000000000000e+00    3.273853022358256e-02    3.612628033543265e-18   -2.789374752897188e-02    7.044654522298439e-05   -2.228995964267464e-02
    0.000000000000000e+00    0.000000000000000e+00   -3.247849012308150e-02    5.323676376666607e-03   -1.976626947608060e-02    1.772627819094234e-04
    0.000000000000000e+00    3.273853022358256e-02    3.612628033543265e-18   -1.368245736417800e-02    3.455548059528328e-05   -2.241214796101887e-02
    0.000000000000000e+00    0.000000000000000e+00   -3.247849012308150e-02   -3.521965737827466e-02   -2.199177501803543e-02    3.853420361443910e-04
    0.000000000000000e+00    3.273853022358256e-02    3.612628033543265e-18   -6.060299487487606e-03    1.530547881623680e-05   -2.353281103233866e-02
    0.000000000000000e+00    0.000000000000000e+00   -3.247849012308150e-02   -3.521965737827466e-02   -2.307095469517923e-02    3.963490581001719e-04
    3.270349700838643e-02   -2.356171688057635e-18    1.567503306523144e-34   -1.905069978718373e-18    1.516432629777471e-02   -3.250889501764814e-02
    0.000000000000000e+00    3.273853022358256e-02    3.612628033543265e-18   -6.821342134638852e-03    1.722751619050727e-05   -2.704233629539240e-02
    0.000000000000000e+00    3.273853022358256e-02    3.612628033543265e-18   -1.164770801686557e-02    2.941665649988349e-05   -2.557178100469940e-02
    0.000000000000000e+00    0.000000000000000e+00   -3.247849012308150e-02   -2.983919493084110e-02   -2.513593757695355e-02    3.928090859609760e-04
    3.270349700838643e-02   -2.356171688057635e-18    1.567503306523144e-34   -1.905069978718373e-18    7.749652526964504e-03   -3.110080561993160e-02
    3.270349700838643e-02   -2.356171688057635e-18    1.567503306523144e-34   -1.905069978718373e-18    3.168605325949880e-02    2.922504030409930e-02
    0.000000000000000e+00    3.273853022358256e-02    3.612628033543265e-18   -1.694909645418817e-02    4.280548135773221e-05   -3.542938995306234e-02
    0.000000000000000e+00    3.273853022358256e-02    3.612628033543265e-18   -2.130461524086839e-02    5.380548237433019e-05   -3.540958697081893e-02
    0.000000000000000e+00    0.000000000000000e+00   -3.247849012308150e-02    1.160216957853776e-02   -2.858510309182665e-02    2.385021087624270e-04
    0.000000000000000e+00    3.273853022358256e-02    3.612628033543265e-18   -1.421526223782416e-02    3.590109622428270e-05   -3.024743481483761e-02
    0.000000000000000e+00    0.000000000000000e+00   -3.247849012308150e-02    6.157771095048106e-03   -2.988470547220494e-02    2.766512875813291e-04
    0.000000000000000e+00    3.273853022358256e-02    3.612628033543265e-18   -3.882540094147493e-03    9.805478307937589e-06   -3.114476749021724e-02
    0.000000000000000e+00    3.273853022358256e-02    3.612628033543265e-18   -2.249220549142409e-03    5.680477926713234e-06   -2.164962490011244e-02
    3.270349700838643e-02   -2.356171688057635e-18    1.567503306523144e-34   -1.905069978718373e-18   -1.894572904221726e-04    3.389418388165329e-02
    0.000000000000000e+00    0.000000000000000e+00   -3.247849012308150e-02    3.446864320860894e-02   -2.665618141847149e-02    1.142735251990930e-04
    3.270349700838643e-02   -2.356171688057635e-18    1.567503306523144e-34   -1.905069978718373e-18    6.493430323345220e-03    2.865067030274360e-02
    0.000000000000000e+00    3.273853022358256e-02    3.612628033543265e-18   -6.022504240457264e-03    1.521002571957518e-05   -2.544403743826189e-02
    3.270349700838643e-02   -2.356171688057635e-18    1.567503306523144e-34   -1.905069978718373e-18    1.624350597491852e-02    2.612452198966330e-02
    0.000000000000000e+00    3.273853022358256e-02    3.612628033543265e-18   -1.586021675751811e-02    4.005548110358271e-05   -3.543434069862320e-02
    0.000000000000000e+00    0.000000000000000e+00   -3.247849012308150e-02    2.684648533191855e-02   -3.509868115824753e-02    2.352338026451800e-04
    3.270349700838643e-02   -2.356171688057635e-18    1.567503306523144e-34   -1.905069978718373e-18    1.081014903192041e-02    2.426261080534513e-02
    0.000000000000000e+00    3.273853022358256e-02    3.612628033543265e-18   -1.037802302713749e-02    2.621002673617317e-05   -2.976826586559382e-02
    0.000000000000000e+00    3.273853022358256e-02    3.612628033543265e-18    3.531712898597452e-02   -8.919453084144605e-05    3.429256945986369e-03
    3.270349700838643e-02   -2.356171688057635e-18    1.567503306523144e-34   -1.905069978718373e-18   -3.447793885084001e-02   -2.222850133613768e-02
    0.000000000000000e+00    3.273853022358256e-02    3.612628033543265e-18    2.929020709700298e-02   -7.397334821025469e-05    8.053959265831351e-03
    0.000000000000000e+00    0.000000000000000e+00   -3.247849012308150e-02   -1.777136482177463e-02    8.432865978654084e-03   -4.752664106412465e-06
    3.270349700838643e-02   -2.356171688057635e-18    1.567503306523144e-34   -1.905069978718373e-18    3.027284177778790e-02   -3.340781310534478e-03
    0.000000000000000e+00    3.273853022358256e-02    3.612628033543265e-18   -2.130461524086839e-02    5.380548237433019e-05   -3.540958697081893e-02
    0.000000000000000e+00    0.000000000000000e+00   -3.247849012308150e-02   -2.553266478312342e-03   -3.502443115138514e-02    3.689039327888254e-04
    0.000000000000000e+00    0.000000000000000e+00   -3.247849012308150e-02   -6.908785264992566e-03   -3.501343115036853e-02    3.887069150322342e-04
    0.000000000000000e+00    3.273853022358256e-02    3.612628033543265e-18   -3.001565281422884e-02    7.580548440752661e-05   -3.536998100633212e-02
    0.000000000000000e+00    3.273853022358256e-02    3.612628033543265e-18   -2.457125433087856e-02    6.205548313677890e-05   -3.539473473413638e-02
    3.270349700838643e-02   -2.356171688057635e-18    1.567503306523144e-34   -1.905069978718373e-18    3.027284177778790e-02   -5.047365078681228e-03
    0.000000000000000e+00    3.273853022358256e-02    3.612628033543265e-18   -2.511569417921359e-02    6.343048326385376e-05   -3.539225936135595e-02
    0.000000000000000e+00    0.000000000000000e+00   -3.247849012308150e-02   -3.755070850001057e-04   -3.502993115189336e-02    3.590024416672470e-04
    3.270349700838643e-02   -2.356171688057635e-18    1.567503306523144e-34   -1.905069978718373e-18    2.066899718262756e-02   -7.321258280762593e-03
    0.000000000000000e+00    0.000000000000000e+00   -3.247849012308150e-02   -6.682726819564461e-03   -3.067240919075998e-02    3.433973180668028e-04
    3.270349700838643e-02   -2.356171688057635e-18    1.567503306523144e-34   -1.905069978718373e-18   -1.289434530796404e-02    1.664764091092484e-02
    3.270349700838643e-02   -2.356171688057635e-18    1.567503306523144e-34   -1.905069978718373e-18   -1.073598595367644e-02    2.042665435039171e-02
    0.000000000000000e+00    3.273853022358256e-02    3.612628033543265e-18    1.136177565923329e-02   -2.869452525015603e-05   -3.555810933764451e-02
    3.270349700838643e-02   -2.356171688057635e-18    1.567503306523144e-34   -1.905069978718373e-18   -5.757291965732631e-03    1.853694064570964e-02
    0.000000000000000e+00    0.000000000000000e+00   -3.247849012308150e-02    2.046212354133799e-02   -2.795527885738376e-02    1.915670005920443e-04
    3.270349700838643e-02   -2.356171688057635e-18    1.567503306523144e-34   -1.905069978718373e-18   -8.577626599388847e-03   -5.116544224914041e-03
    0.000000000000000e+00    0.000000000000000e+00   -3.247849012308150e-02   -4.731025871652455e-03   -3.501893115087684e-02    3.788054239105300e-04
    3.270349700838643e-02   -2.356171688057635e-18    1.567503306523144e-34   -1.905069978718373e-18   -8.328011152104499e-03    3.135022485750514e-04
    0.000000000000000e+00    3.273853022358256e-02    3.612628033543265e-18    1.213230531691298e-02   -3.064052237080135e-05   -2.843416453045904e-02
    0.000000000000000e+00    3.273853022358256e-02    3.612628033543265e-18   -1.259357766750795e-02    3.180548034113400e-05    3.405530961789983e-02
    0.000000000000000e+00    3.273853022358256e-02    3.612628033543265e-18   -1.259357766750795e-02    3.180548034113400e-05    3.405530961789983e-02
    0.000000000000000e+00    3.273853022358256e-02    3.612628033543265e-18   -8.238058880827719e-03    2.080547932453579e-05    3.403550663565641e-02
    3.270349700838643e-02   -2.356171688057635e-18    1.567503306523144e-34   -1.905069978718373e-18    4.912119364908633e-03   -1.014116733499456e-02
    3.270349700838643e-02   -2.356171688057635e-18    1.567503306523144e-34   -1.905069978718373e-18    7.332215974675827e-03   -5.651331365977659e-03
    0.000000000000000e+00    3.273853022358256e-02    3.612628033543265e-18   -8.938735068285544e-03    2.257505928775689e-05    2.865839452048409e-02
    0.000000000000000e+00    0.000000000000000e+00   -3.247849012308150e-02   -3.583636972612853e-03    2.923194122084048e-02   -2.817634336439015e-04
    0.000000000000000e+00    3.273853022358256e-02    3.612628033543265e-18   -3.437117160090906e-02    8.680548542412481e-05   -1.363002097621196e-02
    0.000000000000000e+00    0.000000000000000e+00   -3.247849012308150e-02   -2.553266478312342e-03   -1.344083760850917e-02    1.487634936732090e-04
    0.000000000000000e+00    0.000000000000000e+00   -3.247849012308150e-02    3.145916983326496e-03   -1.328569141270951e-02    1.211221412964428e-04
    0.000000000000000e+00    3.273853022358256e-02    3.612628033543265e-18   -2.944164505691129e-02    7.435580958731047e-05   -1.181297901173858e-02
    0.000000000000000e+00    3.273853022358256e-02    3.612628033543265e-18    3.531712898597452e-02   -8.919453084144605e-05   -1.829090010168187e-02
    0.000000000000000e+00    0.000000000000000e+00   -3.247849012308150e-02    3.011312442192871e-02   -1.999841567899681e-02    6.628325858169108e-05
    3.270349700838643e-02   -2.356171688057635e-18    1.567503306523144e-34   -1.905069978718373e-18    1.778953302845338e-02   -3.579369419777272e-02
    0.000000000000000e+00    3.273853022358256e-02    3.612628033543265e-18    3.531712898597452e-02   -8.919453084144605e-05    2.949344540364698e-02
    0.000000000000000e+00    3.273853022358256e-02    3.612628033543265e-18    3.096161019929430e-02   -7.819452982484784e-05    3.385727979546574e-02
    0.000000000000000e+00    0.000000000000000e+00   -3.247849012308150e-02   -3.086413859159442e-02    3.411456819242550e-02   -2.068260877996216e-04
    3.270349700838643e-02   -2.356171688057635e-18    1.567503306523144e-34   -1.905069978718373e-18   -3.160012637822632e-02   -2.442986909947645e-02
    0.000000000000000e+00    0.000000000000000e+00   -3.247849012308150e-02    1.269104927520782e-02    1.457933399367114e-02   -2.067295150296587e-04
    3.270349700838643e-02   -2.356171688057635e-18    1.567503306523144e-34   -1.905069978718373e-18   -3.447793885084001e-02    9.265726383283589e-03
    0.000000000000000e+00    3.273853022358256e-02    3.612628033543265e-18    3.531712898597452e-02   -8.919453084144605e-05    1.537534332252709e-02
    0.000000000000000e+00    3.273853022358256e-02    3.612628033543265e-18    2.896335374732565e-02   -7.314786969556579e-05    9.455881057426792e-03
    0.000000000000000e+00    0.000000000000000e+00   -3.247849012308150e-02    1.055002970167631e-02    9.752969992288831e-03   -1.477137348027656e-04
    3.270349700838643e-02   -2.356171688057635e-18    1.567503306523144e-34   -1.905069978718373e-18   -2.964387848474399e-02    5.587493342054453e-03
    3.270349700838643e-02   -2.356171688057635e-18    1.567503306523144e-34   -1.905069978718373e-18    8.689248234911927e-03    3.395406242944162e-03
    0.000000000000000e+00    3.273853022358256e-02    3.612628033543265e-18   -8.238058880827719e-03    2.080547932453579e-05    3.403550663565641e-02
    0.000000000000000e+00    3.273853022358256e-02    3.612628033543265e-18   -4.681079964917854e-03    1.182221611128062e-05    3.401933432788740e-02
    0.000000000000000e+00    0.000000000000000e+00   -3.247849012308150e-02    7.536990617757232e-03    3.401758492107945e-02   -3.814222535159158e-04
    3.270349700838643e-02   -2.356171688057635e-18    1.567503306523144e-34   -1.905069978718373e-18    1.112486631404700e-02    1.008280288481083e-02
    0.000000000000000e+00    0.000000000000000e+00   -3.247849012308150e-02    1.071000014482815e-02    2.984805334155542e-02   -3.534036612763051e-04
    3.270349700838643e-02   -2.356171688057635e-18    1.567503306523144e-34   -1.905069978718373e-18    3.027284177778790e-02    3.175265803828544e-03
    0.000000000000000e+00    0.000000000000000e+00   -3.247849012308150e-02    3.980011701707994e-03    3.402656818429306e-02   -3.652499457462615e-04
    0.000000000000000e+00    0.000000000000000e+00   -3.247849012308150e-02    1.269104927520782e-02    3.400456818225951e-02   -4.048559102337140e-04
    0.000000000000000e+00    0.000000000000000e+00   -3.247849012308150e-02    3.980011701707994e-03    3.402656818429306e-02   -3.652499457462615e-04
    0.000000000000000e+00    3.273853022358256e-02    3.612628033543265e-18   -2.566013402754862e-02    6.480548339092862e-05    3.411471856463007e-02
    3.270349700838643e-02   -2.356171688057635e-18    1.567503306523144e-34   -1.905069978718373e-18    2.163940436063751e-02    7.607353389189153e-03
    0.000000000000000e+00    0.000000000000000e+00   -3.247849012308150e-02    1.051328988186771e-02    2.883000573247757e-02   -3.421207137242609e-04
    0.000000000000000e+00    3.273853022358256e-02    3.612628033543265e-18   -3.001565281422884e-02    7.580548440752661e-05    3.069762610824386e-02
    3.270349700838643e-02   -2.356171688057635e-18    1.567503306523144e-34   -1.905069978718373e-18    2.576767619667428e-02    4.192400655807635e-03
    0.000000000000000e+00    3.273853022358256e-02    3.612628033543265e-18   -2.546999333295072e-02    6.432527702830895e-05    2.958018344171795e-02
    0.000000000000000e+00    3.273853022358256e-02    3.612628033543265e-18   -2.130461524086839e-02    5.380548237433019e-05    3.409491558238664e-02
    0.000000000000000e+00    0.000000000000000e+00   -3.247849012308150e-02   -2.215310101823397e-02    3.409256819039230e-02   -2.464320522864398e-04
    0.000000000000000e+00    0.000000000000000e+00   -3.247849012308150e-02   -3.086413859159442e-02    3.411456819242550e-02   -2.068260877996216e-04
    0.000000000000000e+00    3.273853022358256e-02    3.612628033543265e-18   -2.684020606358695e-02    6.778579279420275e-05    3.095301219711598e-02
    3.270349700838643e-02   -2.356171688057635e-18    1.567503306523144e-34   -1.905069978718373e-18    2.317777171453450e-02   -3.150461977337492e-02
    0.000000000000000e+00    0.000000000000000e+00   -3.247849012308150e-02   -3.086413859159442e-02    3.044077272904691e-02   -1.693554532214393e-04
    3.270349700838643e-02   -2.356171688057635e-18    1.567503306523144e-34   -1.905069978718373e-18   -3.447793885084001e-02   -1.788446992656234e-02
    3.270349700838643e-02   -2.356171688057635e-18    1.567503306523144e-34   -1.905069978718373e-18   -2.798236415318394e-02   -2.153333931017004e-02
    0.000000000000000e+00    0.000000000000000e+00   -3.247849012308150e-02   -1.561982283821364e-02    3.407606818886739e-02   -2.761365256515537e-04
    3.270349700838643e-02   -2.356171688057635e-18    1.567503306523144e-34   -1.905069978718373e-18   -2.368614207940202e-02   -2.885461867005852e-02
    0.000000000000000e+00    3.273853022358256e-02    3.612628033543265e-18    1.952837338425871e-02   -4.931952715627780e-05    3.390926262385468e-02
    3.270349700838643e-02   -2.356171688057635e-18    1.567503306523144e-34   -1.905069978718373e-18   -1.874568810190777e-02   -1.661499542818898e-02
    3.270349700838643e-02   -2.356171688057635e-18    1.567503306523144e-34   -1.905069978718373e-18   -2.307451682402135e-02   -2.390133036714426e-02
    0.000000000000000e+00    3.273853022358256e-02    3.612628033543265e-18    2.446960249850628e-02   -6.179875820590355e-05    2.737074951239636e-02
    0.000000000000000e+00    0.000000000000000e+00   -3.247849012308150e-02   -2.388235077043648e-02    2.908466138434974e-02   -1.874474147077087e-04
    3.270349700838643e-02   -2.356171688057635e-18    1.567503306523144e-34   -1.905069978718373e-18    2.088301503355102e-02   -3.582524596349913e-02
    0.000000000000000e+00    3.273853022358256e-02    3.612628033543265e-18   -2.054142723938357e-02    5.187802683955874e-05    1.308398124544313e-02
    0.000000000000000e+00    3.273853022358256e-02    3.612628033543265e-18   -1.952211587210341e-02    4.930372361060683e-05    2.271984047272454e-02
    3.270349700838643e-02   -2.356171688057635e-18    1.567503306523144e-34   -1.905069978718373e-18    1.586298384335690e-02   -3.577404448639624e-02
    3.270349700838643e-02   -2.356171688057635e-18    1.567503306523144e-34   -1.905069978718373e-18    2.091608560205966e-02   -3.157196618454891e-02
    0.000000000000000e+00    3.273853022358256e-02    3.612628033543265e-18   -2.057479505696674e-02    5.196229832254676e-05    1.661419244209119e-02
    0.000000000000000e+00    3.273853022358256e-02    3.612628033543265e-18   -1.564064399803891e-02    3.950094312641312e-05    2.146833600748379e-02
    0.000000000000000e+00    0.000000000000000e+00   -3.247849012308150e-02   -4.731025871652455e-03    3.404856818632625e-02   -3.256439812594432e-04
    0.000000000000000e+00    3.273853022358256e-02    3.612628033543265e-18   -1.891504822889650e-02    4.777055499867430e-05    2.735675497279779e-02
    0.000000000000000e+00    0.000000000000000e+00   -3.247849012308150e-02   -7.217390885081717e-03    2.736984873520824e-02   -2.461561661252526e-04
    3.270349700838643e-02   -2.356171688057635e-18    1.567503306523144e-34   -1.905069978718373e-18    1.830202137702855e-02   -1.205183622997444e-02
    0.000000000000000e+00    0.000000000000000e+00   -3.247849012308150e-02   -3.755070850001057e-04    3.403756818530972e-02   -3.454469635027254e-04
    3.270349700838643e-02   -2.356171688057635e-18    1.567503306523144e-34   -1.905069978718373e-18    2.595612306921270e-02   -5.468768927499029e-03
    0.000000000000000e+00    0.000000000000000e+00   -3.247849012308150e-02   -4.731025871652455e-03    3.404856818632625e-02   -3.256439812594432e-04
    3.270349700838643e-02   -2.356171688057635e-18    1.567503306523144e-34   -1.905069978718373e-18    3.027284177778790e-02    2.268129832882804e-03
    0.000000000000000e+00    0.000000000000000e+00   -3.247849012308150e-02    5.982458331586960e-04    2.952994336027724e-02   -3.039241296072471e-04
    3.270349700838643e-02   -2.356171688057635e-18    1.567503306523144e-34   -1.905069978718373e-18   -2.152778272511443e-02   -9.328491370881011e-03
    0.000000000000000e+00    3.273853022358256e-02    3.612628033543265e-18   -3.437117160090906e-02    8.680548542412481e-05    2.546626170996618e-02
    0.000000000000000e+00    3.273853022358256e-02    3.612628033543265e-18   -3.119572485026717e-02    7.878579381080118e-05    2.662878377047909e-02
    0.000000000000000e+00    3.273853022358256e-02    3.612628033543265e-18   -3.001565281422884e-02    7.580548440752661e-05   -3.536998100633212e-02
    0.000000000000000e+00    0.000000000000000e+00   -3.247849012308150e-02   -1.344206344487352e-02   -3.499693114884399e-02    4.184113883967148e-04
    3.270349700838643e-02   -2.356171688057635e-18    1.567503306523144e-34   -1.905069978718373e-18    3.027284177778790e-02   -1.637287553912152e-02
    0.000000000000000e+00    0.000000000000000e+00   -3.247849012308150e-02   -1.561982283821364e-02   -3.067471243976050e-02    3.842847916952958e-04
    0.000000000000000e+00    0.000000000000000e+00   -3.247849012308150e-02   -1.453094314154358e-02   -3.499418114858985e-02    4.233621339575671e-04
    3.270349700838643e-02   -2.356171688057635e-18    1.567503306523144e-34   -1.905069978718373e-18    3.027284177778790e-02   -2.125991087489378e-02
    0.000000000000000e+00    0.000000000000000e+00   -3.247849012308150e-02   -2.051978147322889e-02   -3.039254251933088e-02    4.038113912301861e-04
    3.270349700838643e-02   -2.356171688057635e-18    1.567503306523144e-34   -1.905069978718373e-18    2.379776371492510e-02   -1.739284125978067e-02
    0.000000000000000e+00    3.273853022358256e-02    3.612628033543265e-18   -2.488521305847417e-02    6.284839587389819e-05   -3.021596503737883e-02
    0.000000000000000e+00    3.273853022358256e-02    3.612628033543265e-18   -3.437117160090906e-02    8.680548542412481e-05    2.262007489713430e-02
    3.270349700838643e-02   -2.356171688057635e-18    1.567503306523144e-34   -1.905069978718373e-18    3.008439490524947e-02   -1.956588415908390e-04
    3.270349700838643e-02   -2.356171688057635e-18    1.567503306523144e-34   -1.905069978718373e-18    2.163940436063751e-02    3.367154184664126e-02
    3.270349700838643e-02   -2.356171688057635e-18    1.567503306523144e-34   -1.905069978718373e-18    1.300596694348712e-02    3.375959802228750e-02
    3.270349700838643e-02   -2.356171688057635e-18    1.567503306523144e-34   -1.905069978718373e-18    1.516432629777471e-02    2.939355256880059e-02
    0.000000000000000e+00    3.273853022358256e-02    3.612628033543265e-18   -2.184905508920342e-02    5.518048250140527e-05    3.029636347178865e-02
    0.000000000000000e+00    0.000000000000000e+00   -3.247849012308150e-02    3.446864320860894e-02    3.017243930717322e-02   -4.653462446055269e-04
    3.270349700838643e-02   -2.356171688057635e-18    1.567503306523144e-34   -1.905069978718373e-18    3.458956048636309e-02    2.919542617359654e-02
    0.000000000000000e+00    3.273853022358256e-02    3.612628033543265e-18   -3.437117160090906e-02    8.680548542412481e-05    2.981029311954153e-02
    3.270349700838643e-02   -2.356171688057635e-18    1.567503306523144e-34   -1.905069978718373e-18    3.458956048636309e-02    2.919542617359654e-02
    0.000000000000000e+00    3.273853022358256e-02    3.612628033543265e-18   -3.056009266256387e-02    7.718048453460146e-05    2.599193802670011e-02
    0.000000000000000e+00    0.000000000000000e+00   -3.247849012308150e-02    3.011312442192871e-02    2.586672059961462e-02   -4.015151745389941e-04
    3.270349700838643e-02   -2.356171688057635e-18    1.567503306523144e-34   -1.905069978718373e-18    2.892071732558914e-02    2.323281227850466e-02
    3.270349700838643e-02   -2.356171688057635e-18    1.567503306523144e-34   -1.905069978718373e-18   -1.505270466225164e-02    9.131641321354581e-03
    0.000000000000000e+00    0.000000000000000e+00   -3.247849012308150e-02    5.071451297748955e-03   -3.003134348742360e-02    2.831140014703144e-04
    0.000000000000000e+00    0.000000000000000e+00   -3.247849012308150e-02    9.786934244164025e-03   -2.836698500757618e-02    2.445774105913573e-04
    3.270349700838643e-02   -2.356171688057635e-18    1.567503306523144e-34   -1.905069978718373e-18   -3.447793885084001e-02   -2.222850133613768e-02
    0.000000000000000e+00    0.000000000000000e+00   -3.247849012308150e-02   -2.759749950158426e-02   -1.877348598838308e-02    3.176657513510822e-04
    3.270349700838643e-02   -2.356171688057635e-18    1.567503306523144e-34   -1.905069978718373e-18   -3.447793885084001e-02   -2.548652489331920e-02
    0.000000000000000e+00    0.000000000000000e+00   -3.247849012308150e-02   -2.503571062230542e-02   -2.380437428677607e-02    3.572644402073800e-04
    0.000000000000000e+00    0.000000000000000e+00   -3.247849012308150e-02   -3.521965737827466e-02   -1.202163923790961e-02    2.836522936870390e-04
    0.000000000000000e+00    3.273853022358256e-02    3.612628033543265e-18   -9.098861719156921e-03    2.297946422977113e-05   -1.276880998131247e-02
    0.000000000000000e+00    0.000000000000000e+00   -3.247849012308150e-02   -2.947431884852317e-02   -1.240286974406959e-02    2.612706406592902e-04
    0.000000000000000e+00    3.273853022358256e-02    3.612628033543265e-18   -1.487801794767860e-02    3.757490681705312e-05   -1.566948155429163e-02
    3.270349700838643e-02   -2.356171688057635e-18    1.567503306523144e-34   -1.905069978718373e-18    4.598539800618255e-03   -3.097009310748048e-02
    0.000000000000000e+00    3.273853022358256e-02    3.612628033543265e-18   -6.549663925507120e-03    1.654138424549662e-05   -2.177167415696893e-02
    0.000000000000000e+00    3.273853022358256e-02    3.612628033543265e-18    3.531712898597452e-02   -8.919453084144605e-05   -2.263493151125722e-02
    0.000000000000000e+00    0.000000000000000e+00   -3.247849012308150e-02    5.225634059242525e-03   -2.597646408488980e-02    2.410515410565318e-04
    0.000000000000000e+00    3.273853022358256e-02    3.612628033543265e-18   -3.882540094147493e-03    9.805478307937589e-06    3.401570365341301e-02
    0.000000000000000e+00    3.273853022358256e-02    3.612628033543265e-18   -8.238058880827719e-03    2.080547932453579e-05    3.403550663565641e-02
    3.270349700838643e-02   -2.356171688057635e-18    1.567503306523144e-34   -1.905069978718373e-18    9.383682619238781e-03   -6.366205497141927e-03
    3.270349700838643e-02   -2.356171688057635e-18    1.567503306523144e-34   -1.905069978718373e-18    1.834971512093666e-02   -3.579940773808653e-02
    0.000000000000000e+00    3.273853022358256e-02    3.612628033543265e-18   -2.055200219857301e-02    5.190473423482695e-05   -1.198839444136929e-02
    3.270349700838643e-02   -2.356171688057635e-18    1.567503306523144e-34   -1.905069978718373e-18    1.276777187214163e-02   -3.001228947601302e-02
    0.000000000000000e+00    3.273853022358256e-02    3.612628033543265e-18   -1.850129115647523e-02    4.672559837234150e-05    3.038512960629271e-02
    3.270349700838643e-02   -2.356171688057635e-18    1.567503306523144e-34   -1.905069978718373e-18    1.501415827855681e-02   -2.620926747534057e-02
    0.000000000000000e+00    3.273853022358256e-02    3.612628033543265e-18   -1.461981928241073e-02    3.692281788814822e-05    2.913362514105198e-02
    3.270349700838643e-02   -2.356171688057635e-18    1.567503306523144e-34   -1.905069978718373e-18   -1.681985868349256e-03   -3.559509572473927e-02
    0.000000000000000e+00    3.273853022358256e-02    3.612628033543265e-18    1.137515566358759e-03   -2.872831687606528e-06   -2.378114141678746e-02
    0.000000000000000e+00    3.273853022358256e-02    3.612628033543265e-18    2.770835111363844e-03   -6.997832068830666e-06   -3.139062250188561e-02
    0.000000000000000e+00    0.000000000000000e+00   -3.247849012308150e-02   -3.140857843992945e-02   -3.084908634264838e-02    4.582558199226455e-04
    0.000000000000000e+00    0.000000000000000e+00   -3.247849012308150e-02   -3.051819718013758e-02   -2.278919218889754e-02    3.719782813054750e-04
    0.000000000000000e+00    3.273853022358256e-02    3.612628033543265e-18   -9.220272583446044e-05    2.328609122331399e-07   -2.718544697330344e-02
    3.270349700838643e-02   -2.356171688057635e-18    1.567503306523144e-34   -1.905069978718373e-18   -1.289434530796404e-02    3.402376654922626e-02
    0.000000000000000e+00    0.000000000000000e+00   -3.247849012308150e-02    3.446864320860894e-02   -3.511793116002657e-02    2.005785837192128e-04
    0.000000000000000e+00    3.273853022358256e-02    3.612628033543265e-18    2.650738085872843e-03   -6.694523216959396e-06   -3.551850337315769e-02
    0.000000000000000e+00    3.273853022358256e-02    3.612628033543265e-18    4.729786925257620e-04   -1.194522708642837e-06   -3.116457047246061e-02
    3.270349700838643e-02   -2.356171688057635e-18    1.567503306523144e-34   -1.905069978718373e-18   -4.506175999004273e-03    2.959418055990112e-02
    0.000000000000000e+00    0.000000000000000e+00   -3.247849012308150e-02    3.011312442192871e-02   -3.096190012603008e-02    1.781045952656264e-04
    0.000000000000000e+00    3.273853022358256e-02    3.612628033543265e-18    4.160572149753725e-03   -1.050765709400196e-05   -2.875321394468866e-02
    0.000000000000000e+00    0.000000000000000e+00   -3.247849012308150e-02    2.140208684856826e-02    2.966584947165112e-02   -4.004337868974085e-04
    0.000000000000000e+00    3.273853022358256e-02    3.612628033543265e-18    3.096161019929430e-02   -7.819452982484784e-05    2.516921697631504e-02
    0.000000000000000e+00    3.273853022358256e-02    3.612628033543265e-18    3.531712898597452e-02   -8.919453084144605e-05    2.514941399407163e-02
    0.000000000000000e+00    0.000000000000000e+00   -3.247849012308150e-02    3.011312442192871e-02    2.532713076104273e-02   -3.960116635611039e-04
    0.000000000000000e+00    3.273853022358256e-02    3.612628033543265e-18    3.531712898597452e-02   -8.919453084144605e-05    2.949344540364698e-02
    3.270349700838643e-02   -2.356171688057635e-18    1.567503306523144e-34   -1.905069978718373e-18   -3.016122014226481e-02    2.985584749094338e-02
    0.000000000000000e+00    0.000000000000000e+00   -3.247849012308150e-02    3.011312442192871e-02    2.101041205246753e-02   -3.519835757379806e-04
    3.270349700838643e-02   -2.356171688057635e-18    1.567503306523144e-34   -1.905069978718373e-18   -3.176739328906934e-02    2.280050243894789e-02
    0.000000000000000e+00    0.000000000000000e+00   -3.247849012308150e-02   -1.779758223155375e-02   -3.498593114782740e-02    4.382143706401240e-04
    0.000000000000000e+00    3.273853022358256e-02    3.612628033543265e-18    3.096161019929430e-02   -7.819452982484784e-05   -3.130319134816450e-02
    3.270349700838643e-02   -2.356171688057635e-18    1.567503306523144e-34   -1.905069978718373e-18   -3.016122014226481e-02   -3.096059224311151e-02
    0.000000000000000e+00    0.000000000000000e+00   -3.247849012308150e-02   -2.868637919825431e-02    3.410906819191720e-02   -2.167275789213262e-04
    0.000000000000000e+00    3.273853022358256e-02    3.612628033543265e-18    2.598896866960868e-02   -6.563596572245027e-05    2.939087480746357e-02
    0.000000000000000e+00    0.000000000000000e+00   -3.247849012308150e-02    2.140208684856826e-02   -3.508493115697679e-02    2.599875304494415e-04
    0.000000000000000e+00    3.273853022358256e-02    3.612628033543265e-18   -6.060299487487606e-03    1.530547881623680e-05   -3.547889740867087e-02
    3.270349700838643e-02   -2.356171688057635e-18    1.567503306523144e-34   -1.905069978718373e-18   -3.447793885084001e-02    3.835687121175397e-03
    0.000000000000000e+00    3.273853022358256e-02    3.612628033543265e-18    3.531712898597452e-02   -8.919453084144605e-05    2.080538258449628e-02
    0.000000000000000e+00    0.000000000000000e+00   -3.247849012308150e-02    3.980011701707994e-03    2.107641205856747e-02   -2.331656822768920e-04
    3.270349700838643e-02   -2.356171688057635e-18    1.567503306523144e-34   -1.905069978718373e-18   -3.447793885084001e-02    4.921694973569233e-03
    3.270349700838643e-02   -2.356171688057635e-18    1.567503306523144e-34   -1.905069978718373e-18   -3.011068149908023e-02    9.881492146228889e-03
    0.000000000000000e+00    3.273853022358256e-02    3.612628033543265e-18    3.091061729827286e-02   -7.806574563390600e-05    2.525294194258358e-02
    0.000000000000000e+00    0.000000000000000e+00   -3.247849012308150e-02    1.008646562658858e-02    2.546067688828987e-02   -3.058038549381512e-04
    3.270349700838643e-02   -2.356171688057635e-18    1.567503306523144e-34   -1.905069978718373e-18   -1.882983353225493e-02   -2.510312278548110e-02
    0.000000000000000e+00    3.273853022358256e-02    3.612628033543265e-18    1.952837338425871e-02   -4.931952715627780e-05    3.390926262385468e-02
    3.270349700838643e-02   -2.356171688057635e-18    1.567503306523144e-34   -1.905069978718373e-18   -1.235475546939214e-02   -3.168521203157882e-02
    0.000000000000000e+00    3.273853022358256e-02    3.612628033543265e-18    1.299509520423837e-02   -3.281952563138060e-05    3.393896709721981e-02
    0.000000000000000e+00    0.000000000000000e+00   -3.247849012308150e-02   -3.140857843992945e-02    2.871700687563792e-02   -1.492846200613828e-04
    3.270349700838643e-02   -2.356171688057635e-18    1.567503306523144e-34   -1.905069978718373e-18   -1.792832370579757e-02   -3.162836478987341e-02
    0.000000000000000e+00    3.273853022358256e-02    3.612628033543265e-18    1.861876049294111e-02   -4.702227091212966e-05    3.083416875199953e-02
    0.000000000000000e+00    0.000000000000000e+00   -3.247849012308150e-02   -3.140857843992945e-02    3.098093821642366e-02   -1.723754384878017e-04
    3.270349700838643e-02   -2.356171688057635e-18    1.567503306523144e-34   -1.905069978718373e-18   -1.329018792523316e-02   -2.688431301212054e-02
    0.000000000000000e+00    3.273853022358256e-02    3.612628033543265e-18    1.393893563261569e-02   -3.520322460735742e-05    2.889068809975041e-02
    0.000000000000000e+00    3.273853022358256e-02    3.612628033543265e-18   -3.001565281422884e-02    7.580548440752661e-05   -3.536998100633212e-02
    0.000000000000000e+00    0.000000000000000e+00   -3.247849012308150e-02    3.011312442192871e-02   -3.510693115900998e-02    2.203815659626231e-04
    0.000000000000000e+00    3.273853022358256e-02    3.612628033543265e-18   -3.001565281422884e-02    7.580548440752661e-05   -3.102594959675678e-02
    3.270349700838643e-02   -2.356171688057635e-18    1.567503306523144e-34   -1.905069978718373e-18    3.027284177778790e-02    2.489542285184431e-02
    0.000000000000000e+00    0.000000000000000e+00   -3.247849012308150e-02    2.575760563524849e-02   -3.509593115799338e-02    2.401845482060316e-04
    3.270349700838643e-02   -2.356171688057635e-18    1.567503306523144e-34   -1.905069978718373e-18    2.271858403778131e-02    2.605847985792861e-02
    0.000000000000000e+00    3.273853022358256e-02    3.612628033543265e-18   -2.457125433087856e-02    6.205548313677890e-05   -3.539473473413638e-02
    0.000000000000000e+00    0.000000000000000e+00   -3.247849012308150e-02    2.249096654523832e-02   -3.508768115723092e-02    2.550367848885885e-04
    3.270349700838643e-02   -2.356171688057635e-18    1.567503306523144e-34   -1.905069978718373e-18    2.514673831135485e-02    2.440470227993734e-02
    0.000000000000000e+00    0.000000000000000e+00   -3.247849012308150e-02    2.521316578691346e-02   -2.996845269143327e-02    1.903765666964987e-04
    0.000000000000000e+00    3.273853022358256e-02    3.612628033543265e-18   -3.437117160090906e-02    8.680548542412481e-05    8.090136071664781e-03
    0.000000000000000e+00    3.273853022358256e-02    3.612628033543265e-18   -3.085636462421259e-02    7.792872878263284e-05    1.067802341136603e-02
    3.270349700838643e-02   -2.356171688057635e-18    1.567503306523144e-34   -1.905069978718373e-18    3.458956048636309e-02    1.019028875670437e-02
    0.000000000000000e+00    3.273853022358256e-02    3.612628033543265e-18   -3.437117160090906e-02    8.680548542412481e-05   -2.177507986916574e-02
    0.000000000000000e+00    3.273853022358256e-02    3.612628033543265e-18   -2.955146688534719e-02    7.463316810270354e-05   -1.728234955446158e-02
    3.270349700838643e-02   -2.356171688057635e-18    1.567503306523144e-34   -1.905069978718373e-18    3.458956048636309e-02    2.919542617359654e-02
    0.000000000000000e+00    0.000000000000000e+00   -3.247849012308150e-02    3.011312442192871e-02   -2.647349374185960e-02    1.323253903163756e-04
    0.000000000000000e+00    0.000000000000000e+00   -3.247849012308150e-02    2.575760563524849e-02   -3.077921244941819e-02    1.961564603829085e-04
    3.270349700838643e-02   -2.356171688057635e-18    1.567503306523144e-34   -1.905069978718373e-18    3.458956048636309e-02    2.159337120683967e-02
    0.000000000000000e+00    0.000000000000000e+00   -3.247849012308150e-02    2.249096654523832e-02   -2.753342341722435e-02    1.779876311981227e-04
    3.270349700838643e-02   -2.356171688057635e-18    1.567503306523144e-34   -1.905069978718373e-18    3.171174801374940e-02    2.922477823214763e-02
    0.000000000000000e+00    0.000000000000000e+00   -3.247849012308150e-02    3.446864320860894e-02   -2.576504062455011e-02    1.051843934334314e-04
    3.270349700838643e-02   -2.356171688057635e-18    1.567503306523144e-34   -1.905069978718373e-18    2.523666995088661e-02    3.363485177345767e-02
    0.000000000000000e+00    3.273853022358256e-02    3.612628033543265e-18   -2.493421422953628e-02    6.297214988757573e-05   -2.236099025689111e-02
    0.000000000000000e+00    0.000000000000000e+00   -3.247849012308150e-02   -2.433086041157409e-02    3.409806819090059e-02   -2.365305611647354e-04
    3.270349700838643e-02   -2.356171688057635e-18    1.567503306523144e-34   -1.905069978718373e-18    7.610068557768128e-03   -1.939975163523163e-02
    0.000000000000000e+00    0.000000000000000e+00   -3.247849012308150e-02   -1.888646192822381e-02    3.408431818962984e-02   -2.612842889689968e-04
    0.000000000000000e+00    3.273853022358256e-02    3.612628033543265e-18   -8.938735068285544e-03    2.257505928775689e-05    2.865839452048409e-02
    3.270349700838643e-02   -2.356171688057635e-18    1.567503306523144e-34   -1.905069978718373e-18    1.069743956998162e-02   -2.399322368272979e-02
    0.000000000000000e+00    0.000000000000000e+00   -3.247849012308150e-02   -2.346050826695077e-02    2.919597558324287e-02   -1.905115893889374e-04
    0.000000000000000e+00    3.273853022358256e-02    3.612628033543265e-18   -3.001565281422884e-02    7.580548440752661e-05   -1.147780825366770e-02
    0.000000000000000e+00    0.000000000000000e+00   -3.247849012308150e-02   -3.521965737827466e-02   -6.883259538022248e-03    2.312437287634592e-04
    0.000000000000000e+00    3.273853022358256e-02    3.612628033543265e-18    4.828497479212954e-03   -1.219452372525882e-05    2.094400346020014e-02
    0.000000000000000e+00    0.000000000000000e+00   -3.247849012308150e-02    3.446864320860894e-02    2.099941205145093e-02   -3.717865579813895e-04
    3.270349700838643e-02   -2.356171688057635e-18    1.567503306523144e-34   -1.905069978718373e-18   -4.260907890813655e-03    3.393571037358001e-02
    3.270349700838643e-02   -2.356171688057635e-18    1.567503306523144e-34   -1.905069978718373e-18    4.642324445622683e-03    3.384490244244481e-02
    3.270349700838643e-02   -2.356171688057635e-18    1.567503306523144e-34   -1.905069978718373e-18    4.083922949878082e-03    2.891121889733584e-02
    0.000000000000000e+00    3.273853022358256e-02    3.612628033543265e-18    3.096161019929430e-02   -7.819452982484784e-05   -3.130319134816450e-02
    0.000000000000000e+00    0.000000000000000e+00   -3.247849012308150e-02    2.031320715189821e-02   -3.076546244814744e-02    2.209101881871696e-04
    0.000000000000000e+00    0.000000000000000e+00   -3.247849012308150e-02    1.414245303084425e-02   -2.406126630001760e-02    1.807463405248248e-04
    0.000000000000000e+00    3.273853022358256e-02    3.612628033543265e-18    3.531712898597452e-02   -8.919453084144605e-05   -9.602837282531166e-03
    0.000000000000000e+00    0.000000000000000e+00   -3.247849012308150e-02    1.269104927520782e-02   -9.162618903492426e-03    3.542496799751963e-05
    0.000000000000000e+00    0.000000000000000e+00   -3.247849012308150e-02    1.775113727754440e-02   -1.133375767072619e-02    3.443260606672786e-05
    3.270349700838643e-02   -2.356171688057635e-18    1.567503306523144e-34   -1.905069978718373e-18   -2.812300244466445e-02    1.944798528946258e-02
    0.000000000000000e+00    0.000000000000000e+00   -3.247849012308150e-02    1.969858326131241e-02   -5.242998907737754e-03   -3.659418918928213e-05
    0.000000000000000e+00    3.273853022358256e-02    3.612628033543265e-18    3.041351247478093e-02   -7.681029161531946e-05   -1.005942846083666e-02
    3.270349700838643e-02   -2.356171688057635e-18    1.567503306523144e-34   -1.905069978718373e-18   -2.152778272511443e-02    3.411182272487248e-02
    0.000000000000000e+00    3.273853022358256e-02    3.612628033543265e-18    1.789505383925363e-02   -4.519452677505344e-05   -4.093586091796854e-03
    0.000000000000000e+00    0.000000000000000e+00   -3.247849012308150e-02    3.446864320860894e-02   -1.441715486502020e-02   -1.055761908984083e-05
    0.000000000000000e+00    3.273853022358256e-02    3.612628033543265e-18    2.170247490142048e-02   -5.481028958212305e-05   -1.001982249634984e-02
    0.000000000000000e+00    3.273853022358256e-02    3.612628033543265e-18    1.632781587683855e-02   -4.123641752925280e-05   -8.717204879893576e-03
    0.000000000000000e+00    0.000000000000000e+00   -3.247849012308150e-02    2.978233266372839e-02   -8.411514171014052e-03   -5.038406692555766e-05
    0.000000000000000e+00    0.000000000000000e+00   -3.247849012308150e-02   -2.215310101823397e-02    1.682569335609152e-02   -7.031970099394661e-05
    3.270349700838643e-02   -2.356171688057635e-18    1.567503306523144e-34   -1.905069978718373e-18   -3.447793885084001e-02   -3.091656415528838e-02
    0.000000000000000e+00    3.273853022358256e-02    3.612628033543265e-18    3.531712898597452e-02   -8.919453084144605e-05    1.646135117492093e-02
    0.000000000000000e+00    0.000000000000000e+00   -3.247849012308150e-02   -3.086413859159442e-02    1.684769335812471e-02   -3.071373650712844e-05
    3.270349700838643e-02   -2.356171688057635e-18    1.567503306523144e-34   -1.905069978718373e-18   -2.966759221458890e-02   -2.622424140949820e-02
    0.000000000000000e+00    3.273853022358256e-02    3.612628033543265e-18    3.046354538252700e-02   -7.693665131275735e-05    1.522496312986558e-02
    0.000000000000000e+00    0.000000000000000e+00   -3.247849012308150e-02   -2.611021489019460e-02    1.558514404781070e-02   -3.957329090612233e-05
    3.270349700838643e-02   -2.356171688057635e-18    1.567503306523144e-34   -1.905069978718373e-18   -3.447793885084001e-02   -1.354043851698700e-02
    3.270349700838643e-02   -2.356171688057635e-18    1.567503306523144e-34   -1.905069978718373e-18   -3.160012637822632e-02   -2.008583768990111e-02
    0.000000000000000e+00    0.000000000000000e+00   -3.247849012308150e-02   -1.997534162489387e-02    2.977034948130880e-02   -2.123054555850213e-04
    0.000000000000000e+00    3.273853022358256e-02    3.612628033543265e-18    3.531712898597452e-02   -8.919453084144605e-05    2.623542184646547e-02
    3.270349700838643e-02   -2.356171688057635e-18    1.567503306523144e-34   -1.905069978718373e-18   -3.020212297348640e-02   -1.609274993925484e-02
    0.000000000000000e+00    0.000000000000000e+00   -3.247849012308150e-02    3.446864320860894e-02    2.963284946860132e-02   -4.598427336276366e-04
    0.000000000000000e+00    3.273853022358256e-02    3.612628033543265e-18    3.096161019929430e-02   -7.819452982484784e-05    2.516921697631504e-02
    0.000000000000000e+00    0.000000000000000e+00   -3.247849012308150e-02    3.011312442192871e-02    2.532713076104273e-02   -3.960116635611039e-04
    3.270349700838643e-02   -2.356171688057635e-18    1.567503306523144e-34   -1.905069978718373e-18   -2.584450143368962e-02    2.981181940312026e-02
    0.000000000000000e+00    3.273853022358256e-02    3.612628033543265e-18    2.298297610635644e-02   -5.804423604083789e-05    2.954952437435640e-02
    0.000000000000000e+00    0.000000000000000e+00   -3.247849012308150e-02    3.084552790235131e-02    2.964199976136873e-02   -4.433697274050341e-04
    3.270349700838643e-02   -2.356171688057635e-18    1.567503306523144e-34   -1.905069978718373e-18   -4.260907890813655e-03    3.393571037358001e-02
    0.000000000000000e+00    0.000000000000000e+00   -3.247849012308150e-02    3.446864320860894e-02    2.963284946860132e-02   -4.598427336276366e-04
    0.000000000000000e+00    0.000000000000000e+00   -3.247849012308150e-02    3.446864320860894e-02    2.963284946860132e-02   -4.598427336276366e-04
    3.270349700838643e-02   -2.356171688057635e-18    1.567503306523144e-34   -1.905069978718373e-18   -4.260907890813655e-03    3.393571037358001e-02
    0.000000000000000e+00    3.273853022358256e-02    3.612628033543265e-18    4.828497479212954e-03   -1.219452372525882e-05    2.094400346020014e-02
    0.000000000000000e+00    3.273853022358256e-02    3.612628033543265e-18    1.427193853299599e-02   -3.604423400764148e-05    2.958913033884321e-02
    3.270349700838643e-02   -2.356171688057635e-18    1.567503306523144e-34   -1.905069978718373e-18   -6.419267245101250e-03    3.082189076762782e-02
    0.000000000000000e+00    0.000000000000000e+00   -3.247849012308150e-02    3.132451714548256e-02    2.964079005882366e-02   -4.455475197510390e-04
    3.270349700838643e-02   -2.356171688057635e-18    1.567503306523144e-34   -1.905069978718373e-18   -1.073598595367644e-02    2.891395705664846e-02
    0.000000000000000e+00    0.000000000000000e+00   -3.247849012308150e-02    2.936739356971231e-02    2.406005788735978e-02   -3.796784572581087e-04
    0.000000000000000e+00    0.000000000000000e+00   -3.247849012308150e-02    3.011312442192871e-02    1.885205269817994e-02   -3.299695318264190e-04
    0.000000000000000e+00    0.000000000000000e+00   -3.247849012308150e-02    2.285392644389604e-02    1.455366732463300e-02   -2.529364735965571e-04
    3.270349700838643e-02   -2.356171688057635e-18    1.567503306523144e-34   -1.905069978718373e-18    3.081243161635979e-02    2.923395075044176e-02
    0.000000000000000e+00    3.273853022358256e-02    3.612628033543265e-18   -2.865137502568950e-02    7.235995752637816e-05    1.965344458004860e-02
    0.000000000000000e+00    0.000000000000000e+00   -3.247849012308150e-02    2.407677107376065e-02    1.959194854505018e-02   -3.099154260062431e-04
    3.270349700838643e-02   -2.356171688057635e-18    1.567503306523144e-34   -1.905069978718373e-18   -1.693033917377127e-02    1.363745882190801e-02
    3.270349700838643e-02   -2.356171688057635e-18    1.567503306523144e-34   -1.905069978718373e-18   -1.286657230160758e-02    8.857646906486173e-03
    0.000000000000000e+00    3.273853022358256e-02    3.612628033543265e-18    1.458860259178013e-02   -3.684397914459200e-05    2.687649019314724e-02
    3.270349700838643e-02   -2.356171688057635e-18    1.567503306523144e-34   -1.905069978718373e-18   -2.093765424335794e-02    1.087394031199859e-02
    3.270349700838643e-02   -2.356171688057635e-18    1.567503306523144e-34   -1.905069978718373e-18   -8.577626599388847e-03   -3.118073268222713e-02
    0.000000000000000e+00    3.273853022358256e-02    3.612628033543265e-18    6.656259827095280e-03   -1.681059558018690e-05    3.396778750887806e-02
    0.000000000000000e+00    0.000000000000000e+00   -3.247849012308150e-02   -1.344206344487352e-02    3.407056818835909e-02   -2.860380167732583e-04
    0.000000000000000e+00    0.000000000000000e+00   -3.247849012308150e-02   -1.013405852043246e-02    2.593271902812913e-02   -2.181620840553098e-04
    3.270349700838643e-02   -2.356171688057635e-18    1.567503306523144e-34   -1.905069978718373e-18   -1.119143036190118e-02   -1.017599746751642e-02
    0.000000000000000e+00    0.000000000000000e+00   -3.247849012308150e-02   -9.830588173372269e-03    2.874030529956536e-02   -2.481854630474690e-04
    0.000000000000000e+00    3.273853022358256e-02    3.612628033543265e-18    4.360341589036452e-03   -1.101218115710902e-05    2.911734190222031e-02
    0.000000000000000e+00    3.273853022358256e-02    3.612628033543265e-18    1.052772476782403e-02   -2.658810323644474e-05    2.928775671612543e-02
    0.000000000000000e+00    0.000000000000000e+00   -3.247849012308150e-02   -5.080394176021570e-03    2.941633649174725e-02   -2.768003877509756e-04
    0.000000000000000e+00    3.273853022358256e-02    3.612628033543265e-18    3.531712898597452e-02   -8.919453084144605e-05   -4.172798020770490e-03
    3.270349700838643e-02   -2.356171688057635e-18    1.567503306523144e-34   -1.905069978718373e-18   -2.737961543762323e-02   -7.989049671987365e-03
    3.270349700838643e-02   -2.356171688057635e-18    1.567503306523144e-34   -1.905069978718373e-18   -3.143898554944403e-02   -8.504903519916175e-04
    0.000000000000000e+00    3.273853022358256e-02    3.612628033543265e-18    3.225086057942299e-02   -8.145057260336521e-05    2.950738662667515e-02
    0.000000000000000e+00    0.000000000000000e+00   -3.247849012308150e-02   -6.874803524955747e-04    2.972163737512911e-02   -3.000004450909146e-04
    3.270349700838643e-02   -2.356171688057635e-18    1.567503306523144e-34   -1.905069978718373e-18   -3.020212297348640e-02   -9.576702824891816e-03
    0.000000000000000e+00    0.000000000000000e+00   -3.247849012308150e-02    3.446864320860894e-02   -5.841814916115110e-04   -1.516461188638717e-04
    3.270349700838643e-02   -2.356171688057635e-18    1.567503306523144e-34   -1.905069978718373e-18    4.912119364908633e-03    3.384215068695586e-02
    0.000000000000000e+00    0.000000000000000e+00   -3.247849012308150e-02    3.446864320860894e-02    5.890896571230558e-03   -2.176882505983449e-04
    0.000000000000000e+00    3.273853022358256e-02    3.612628033543265e-18   -8.510278804995233e-03    2.149297938807311e-05    8.515559790791457e-03
    0.000000000000000e+00    0.000000000000000e+00   -3.247849012308150e-02    3.446864320860894e-02    8.588845764297255e-03   -2.452058054899102e-04
    3.270349700838643e-02   -2.356171688057635e-18    1.567503306523144e-34   -1.905069978718373e-18    8.400641658453275e-03    2.886719080951271e-02
    0.000000000000000e+00    3.273853022358256e-02    3.612628033543265e-18   -2.666947058105619e-03    6.735459491092605e-06    4.812834643852044e-03
    0.000000000000000e+00    3.273853022358256e-02    3.612628033543265e-18   -1.127720244672547e-02    2.848093291612604e-05    3.795435468757756e-03
    0.000000000000000e+00    0.000000000000000e+00   -3.247849012308150e-02    3.446864320860894e-02    3.424200166626452e-03   -1.925293432738646e-04
    0.000000000000000e+00    3.273853022358256e-02    3.612628033543265e-18   -2.608358724299774e-02    6.587492793440424e-05   -3.117911084557176e-03
    0.000000000000000e+00    3.273853022358256e-02    3.612628033543265e-18   -2.122683811957812e-02    5.360905378449660e-05   -4.187214839388002e-03
    0.000000000000000e+00    0.000000000000000e+00   -3.247849012308150e-02    3.029240693990230e-02    1.429748492360400e-03   -1.530916403727051e-04
    0.000000000000000e+00    3.273853022358256e-02    3.612628033543265e-18    9.184016265893177e-03   -2.319452474185725e-05    2.961226329710743e-02
    0.000000000000000e+00    0.000000000000000e+00   -3.247849012308150e-02    2.856642030753062e-02    3.396447442855365e-02   -4.770355301729130e-04
    0.000000000000000e+00    3.273853022358256e-02    3.612628033543265e-18    7.006256872553066e-03   -1.769452423355782e-05    3.396619619780449e-02
    3.270349700838643e-02   -2.356171688057635e-18    1.567503306523144e-34   -1.905069978718373e-18   -2.584450143368962e-02    2.981181940312026e-02
    0.000000000000000e+00    3.273853022358256e-02    3.612628033543265e-18    2.597880202183811e-02   -6.561028953063759e-05    3.387993483765318e-02
    0.000000000000000e+00    0.000000000000000e+00   -3.247849012308150e-02    2.077479745779231e-02    3.398415241950391e-02   -4.416098147764894e-04
    3.270349700838643e-02   -2.356171688057635e-18    1.567503306523144e-34   -1.905069978718373e-18   -2.483229588559224e-02    2.306148362138225e-02
    0.000000000000000e+00    3.273853022358256e-02    3.612628033543265e-18    2.558478783034400e-02   -6.461519417707275e-05    2.874304964698536e-02
    0.000000000000000e+00    0.000000000000000e+00   -3.247849012308150e-02    2.335528924485408e-02    2.887126763393042e-02   -4.012603253398798e-04
    0.000000000000000e+00    3.273853022358256e-02    3.612628033543265e-18    1.017418540867759e-03   -2.569522835735258e-06   -3.551107725481641e-02
    0.000000000000000e+00    0.000000000000000e+00   -3.247849012308150e-02   -3.140857843992945e-02   -3.495155614465053e-02    5.000986901507775e-04
    3.270349700838643e-02   -2.356171688057635e-18    1.567503306523144e-34   -1.905069978718373e-18   -4.800497729385553e-03   -2.741822977569393e-02
    0.000000000000000e+00    3.273853022358256e-02    3.612628033543265e-18    5.372937327547982e-03   -1.356952385233346e-05   -3.553088023705982e-02
    0.000000000000000e+00    3.273853022358256e-02    3.612628033543265e-18    2.770835111363844e-03   -6.997832068830666e-06   -3.139062250188561e-02
    0.000000000000000e+00    0.000000000000000e+00   -3.247849012308150e-02   -2.269754086656900e-02   -3.497355614668372e-02    4.604927256639593e-04
    3.270349700838643e-02   -2.356171688057635e-18    1.567503306523144e-34   -1.905069978718373e-18    1.349663740452829e-03   -3.182498935163845e-02
    3.270349700838643e-02   -2.356171688057635e-18    1.567503306523144e-34   -1.905069978718373e-18   -2.267042911493011e-03   -2.361054436672715e-02
    0.000000000000000e+00    3.273853022358256e-02    3.612628033543265e-18   -1.041581827416783e-02    2.630547983283479e-05   -3.545909442642746e-02
    3.270349700838643e-02   -2.356171688057635e-18    1.567503306523144e-34   -1.905069978718373e-18    6.205972287599921e-03   -3.567554843381789e-02
    0.000000000000000e+00    0.000000000000000e+00   -3.247849012308150e-02   -3.061703079288340e-02   -3.078775471411094e-02    4.540109992098162e-04
    0.000000000000000e+00    3.273853022358256e-02    3.612628033543265e-18   -1.604169670719541e-02    4.051381447986095e-05   -3.108948416478665e-02
    0.000000000000000e+00    0.000000000000000e+00   -3.247849012308150e-02   -3.086413859159442e-02   -3.063621243620242e-02    4.535952295472282e-04
    0.000000000000000e+00    0.000000000000000e+00   -3.247849012308150e-02    2.466872593857843e-02   -3.509318115773923e-02    2.451352937668837e-04
    3.270349700838643e-02   -2.356171688057635e-18    1.567503306523144e-34   -1.905069978718373e-18   -3.447793885084001e-02    2.989987557876651e-02
    0.000000000000000e+00    3.273853022358256e-02    3.612628033543265e-18    3.531712898597452e-02   -8.919453084144605e-05   -2.697896292083257e-02
    0.000000000000000e+00    0.000000000000000e+00   -3.247849012308150e-02    3.446864320860894e-02   -2.432613438858859e-02    9.050836416140479e-05
    3.270349700838643e-02   -2.356171688057635e-18    1.567503306523144e-34   -1.905069978718373e-18    5.979767714701288e-03    5.595057115634231e-03
    0.000000000000000e+00    3.273853022358256e-02    3.612628033543265e-18    3.096161019929430e-02   -7.819452982484784e-05    7.793091338013645e-03
    0.000000000000000e+00    0.000000000000000e+00   -3.247849012308150e-02    3.011312442192871e-02    1.237697463531715e-02   -2.639274000917337e-04
    3.270349700838643e-02   -2.356171688057635e-18    1.567503306523144e-34   -1.905069978718373e-18   -2.152778272511443e-02    3.411182272487248e-02
    0.000000000000000e+00    0.000000000000000e+00   -3.247849012308150e-02    2.840962083467286e-02    3.368438507379437e-03   -1.642563293223472e-04
    3.270349700838643e-02   -2.356171688057635e-18    1.567503306523144e-34   -1.905069978718373e-18   -2.474870844052143e-02    2.870348946125774e-02
    0.000000000000000e+00    3.273853022358256e-02    3.612628033543265e-18    2.550044907400731e-02   -6.440219396954801e-05    8.582583340280722e-03
    3.270349700838643e-02   -2.356171688057635e-18    1.567503306523144e-34   -1.905069978718373e-18   -2.978741456255724e-02   -3.530843625804829e-02
    0.000000000000000e+00    3.273853022358256e-02    3.612628033543265e-18    3.058444473290707e-02   -7.724198646161580e-05    3.711000644342474e-03
    3.270349700838643e-02   -2.356171688057635e-18    1.567503306523144e-34   -1.905069978718373e-18   -3.447793885084001e-02    1.360975779285894e-02
    0.000000000000000e+00    3.273853022358256e-02    3.612628033543265e-18    3.531712898597452e-02   -8.919453084144605e-05    1.754735902731476e-02
    0.000000000000000e+00    0.000000000000000e+00   -3.247849012308150e-02    1.377992897187788e-02    1.781412302484837e-02   -2.447013264578538e-04
    0.000000000000000e+00    3.273853022358256e-02    3.612628033543265e-18    3.531712898597452e-02   -8.919453084144605e-05    2.189139043689011e-02
    3.270349700838643e-02   -2.356171688057635e-18    1.567503306523144e-34   -1.905069978718373e-18   -2.743936662917733e-02    7.602947152380759e-03
    0.000000000000000e+00    3.273853022358256e-02    3.612628033543265e-18    2.821529177755099e-02   -7.125861543424445e-05    2.000529291404535e-02
    0.000000000000000e+00    0.000000000000000e+00   -3.247849012308150e-02    7.829213186689211e-03    2.023954510822353e-02   -2.422302035739710e-04
    0.000000000000000e+00    3.273853022358256e-02    3.612628033543265e-18   -1.274913191008849e-02    3.219833752080119e-05   -3.063902233972275e-02
    0.000000000000000e+00    0.000000000000000e+00   -3.247849012308150e-02    3.011312442192871e-02   -3.032770687461469e-02    1.716361830165995e-04
    3.270349700838643e-02   -2.356171688057635e-18    1.567503306523144e-34   -1.905069978718373e-18    1.747685417756591e-02    3.371399750275440e-02
    3.270349700838643e-02   -2.356171688057635e-18    1.567503306523144e-34   -1.905069978718373e-18    1.508769886265838e-02    2.781553898974285e-02
    0.000000000000000e+00    3.273853022358256e-02    3.612628033543265e-18   -1.469402087330929e-02    3.711021636242699e-05   -2.280809903350557e-02
    3.270349700838643e-02   -2.356171688057635e-18    1.567503306523144e-34   -1.905069978718373e-18   -3.447793885084001e-02    3.424390698834186e-02
    3.270349700838643e-02   -2.356171688057635e-18    1.567503306523144e-34   -1.905069978718373e-18   -3.016122014226481e-02    3.419987890051874e-02
    0.000000000000000e+00    0.000000000000000e+00   -3.247849012308150e-02    3.446864320860894e-02    4.811716894086760e-03   -2.066812286425640e-04
    3.270349700838643e-02   -2.356171688057635e-18    1.567503306523144e-34   -1.905069978718373e-18   -3.447793885084001e-02    3.098588343116034e-02
    0.000000000000000e+00    0.000000000000000e+00   -3.247849012308150e-02   -3.195301828826448e-02   -3.495018114452345e-02    5.025740629312039e-04
    3.270349700838643e-02   -2.356171688057635e-18    1.567503306523144e-34   -1.905069978718373e-18    2.382897418862197e-02   -3.259726952246284e-02
    0.000000000000000e+00    3.273853022358256e-02    3.612628033543265e-18    3.531712898597452e-02   -8.919453084144605e-05    2.949344540364698e-02
    3.270349700838643e-02   -2.356171688057635e-18    1.567503306523144e-34   -1.905069978718373e-18   -3.447793885084001e-02   -1.028241495980548e-02
    0.000000000000000e+00    0.000000000000000e+00   -3.247849012308150e-02   -1.017542435486336e-02    3.082477915616525e-02   -2.678691875884726e-04
    0.000000000000000e+00    3.273853022358256e-02    3.612628033543265e-18   -3.001565281422884e-02    7.580548440752661e-05   -3.536998100633212e-02
    3.270349700838643e-02   -2.356171688057635e-18    1.567503306523144e-34   -1.905069978718373e-18    3.458956048636309e-02   -1.207287221736929e-02
    3.270349700838643e-02   -2.356171688057635e-18    1.567503306523144e-34   -1.905069978718373e-18    2.919366210064410e-02   -1.093182925519655e-02
    0.000000000000000e+00    0.000000000000000e+00   -3.247849012308150e-02   -1.017542435486336e-02   -3.500518114960643e-02    4.035591517141577e-04
    0.000000000000000e+00    3.273853022358256e-02    3.612628033543265e-18   -3.437117160090906e-02    8.680548542412481e-05   -3.116129059362535e-02
    3.270349700838643e-02   -2.356171688057635e-18    1.567503306523144e-34   -1.905069978718373e-18    3.458956048636309e-02   -1.424488792215697e-02
    3.270349700838643e-02   -2.356171688057635e-18    1.567503306523144e-34   -1.905069978718373e-18    3.458956048636309e-02   -2.184694288891383e-02
    0.000000000000000e+00    3.273853022358256e-02    3.612628033543265e-18   -3.437117160090906e-02    8.680548542412481e-05   -8.199981714242778e-03
    3.270349700838643e-02   -2.356171688057635e-18    1.567503306523144e-34   -1.905069978718373e-18    3.019072071308360e-02   -1.632892579797992e-02
    3.270349700838643e-02   -2.356171688057635e-18    1.567503306523144e-34   -1.905069978718373e-18   -5.340087567957451e-03   -1.267789734598869e-04
    0.000000000000000e+00    3.273853022358256e-02    3.612628033543265e-18    1.190621550756832e-02   -3.006952537723110e-05    3.394391784278065e-02
    0.000000000000000e+00    3.273853022358256e-02    3.612628033543265e-18    1.078931317168672e-02   -2.724875305782069e-05    3.394899599723443e-02
    3.270349700838643e-02   -2.356171688057635e-18    1.567503306523144e-34   -1.905069978718373e-18   -7.839303896287685e-03    1.838011354801960e-03
    0.000000000000000e+00    0.000000000000000e+00   -3.247849012308150e-02   -4.432557895043517e-05    2.940361774057189e-02   -2.996975859697912e-04
    0.000000000000000e+00    3.273853022358256e-02    3.612628033543265e-18   -2.483993097849052e-02    6.273403454284928e-05    4.929780467113730e-03
    0.000000000000000e+00    3.273853022358256e-02    3.612628033543265e-18   -1.939088756014434e-02    4.897230234125745e-05    6.879766241911127e-03
    0.000000000000000e+00    0.000000000000000e+00   -3.247849012308150e-02   -3.095479201321531e-02    1.111531087900381e-02    2.816782433977628e-05
    3.270349700838643e-02   -2.356171688057635e-18    1.567503306523144e-34   -1.905069978718373e-18   -2.368614207940202e-02   -1.799454014612015e-02
    0.000000000000000e+00    3.273853022358256e-02    3.612628033543265e-18    2.442833201927396e-02   -6.169452829995064e-05    3.388698426883086e-02
    0.000000000000000e+00    0.000000000000000e+00   -3.247849012308150e-02   -9.787896632614640e-03    3.406133947402716e-02   -3.026522030600711e-04
    0.000000000000000e+00    3.273853022358256e-02    3.612628033543265e-18    3.096161019929430e-02   -7.819452982484784e-05    3.059925623828423e-02
    3.270349700838643e-02   -2.356171688057635e-18    1.567503306523144e-34   -1.905069978718373e-18   -2.588540426491121e-02   -1.396476232229029e-02
    0.000000000000000e+00    0.000000000000000e+00   -3.247849012308150e-02   -1.377963859117091e-02    2.759634268224885e-02   -2.184610518865760e-04
    3.270349700838643e-02   -2.356171688057635e-18    1.567503306523144e-34   -1.905069978718373e-18   -1.289434530796404e-02   -1.810461036567796e-02
    0.000000000000000e+00    3.273853022358256e-02    3.612628033543265e-18    2.650738085872843e-03   -6.694523216959396e-06   -3.551850337315769e-02
    3.270349700838643e-02   -2.356171688057635e-18    1.567503306523144e-34   -1.905069978718373e-18   -6.044171781496303e-03   -1.868498445410965e-02
    0.000000000000000e+00    3.273853022358256e-02    3.612628033543265e-18    6.627789928370568e-03   -1.673869394682200e-05   -3.037812484695381e-02
    0.000000000000000e+00    0.000000000000000e+00   -3.247849012308150e-02   -1.304109234420142e-02   -2.791530886440632e-02    3.443494484314550e-04
    3.270349700838643e-02   -2.356171688057635e-18    1.567503306523144e-34   -1.905069978718373e-18    4.372529526336732e-03   -1.176467560260743e-02
    0.000000000000000e+00    0.000000000000000e+00   -3.247849012308150e-02   -1.126430405153341e-02   -3.500243114935230e-02    4.085098972750104e-04
    0.000000000000000e+00    3.273853022358256e-02    3.612628033543265e-18   -1.984340925035447e-03    5.011516024089165e-06   -3.152591634381582e-02
    0.000000000000000e+00    3.273853022358256e-02    3.612628033543265e-18    3.389620737085112e-03   -8.560594817738410e-06    3.398263974556063e-02
    0.000000000000000e+00    0.000000000000000e+00   -3.247849012308150e-02   -1.590774603477649e-03    3.404063738202162e-02   -3.399215778327111e-04
    3.270349700838643e-02   -2.356171688057635e-18    1.567503306523144e-34   -1.905069978718373e-18   -8.770337255922999e-03   -4.519685387996239e-03
    0.000000000000000e+00    0.000000000000000e+00   -3.247849012308150e-02   -4.134559435733374e-03    3.404706179140000e-02   -3.283559002793811e-04
    3.270349700838643e-02   -2.356171688057635e-18    1.567503306523144e-34   -1.905069978718373e-18    1.248374167138907e-04   -2.445851109217538e-03
    0.000000000000000e+00    0.000000000000000e+00   -3.247849012308150e-02   -4.101144402932792e-03    2.530465380481072e-02   -2.393410734064464e-04
    3.270349700838643e-02   -2.356171688057635e-18    1.567503306523144e-34   -1.905069978718373e-18   -4.260907890813655e-03    3.393571037358001e-02
    3.270349700838643e-02   -2.356171688057635e-18    1.567503306523144e-34   -1.905069978718373e-18   -1.289434530796404e-02    3.402376654922626e-02
    0.000000000000000e+00    3.273853022358256e-02    3.612628033543265e-18    4.284057630877927e-03   -1.081952359818397e-05    7.914384604254523e-03
    0.000000000000000e+00    0.000000000000000e+00   -3.247849012308150e-02    3.446864320860894e-02    8.049255925725357e-03   -2.397022945120200e-04
    3.270349700838643e-02   -2.356171688057635e-18    1.567503306523144e-34   -1.905069978718373e-18   -8.577626599388847e-03    3.397973846140313e-02
    0.000000000000000e+00    3.273853022358256e-02    3.612628033543265e-18    9.184016265893177e-03   -2.319452474185725e-05    1.223613765880604e-02
    0.000000000000000e+00    0.000000000000000e+00   -3.247849012308150e-02    3.446864320860894e-02    4.811716894086760e-03   -2.066812286425640e-04
    0.000000000000000e+00    3.273853022358256e-02    3.612628033543265e-18    1.408397490090843e-02   -3.556952588552988e-05    8.412831820403774e-03
    3.270349700838643e-02   -2.356171688057635e-18    1.567503306523144e-34   -1.905069978718373e-18   -1.080343468349793e-02    2.689825866704940e-02
    0.000000000000000e+00    3.273853022358256e-02    3.612628033543265e-18    1.040178385636345e-02   -2.627003546496966e-05    4.680037269161232e-03
    0.000000000000000e+00    0.000000000000000e+00   -3.247849012308150e-02    2.903798633685506e-02    4.876599773365373e-03   -1.825118594067821e-04
    3.270349700838643e-02   -2.356171688057635e-18    1.567503306523144e-34   -1.905069978718373e-18   -5.465672112412897e-03    2.940038895798200e-02
    0.000000000000000e+00    3.273853022358256e-02    3.612628033543265e-18   -1.451207998988048e-02    3.665071888332115e-05   -2.050038287317813e-03
    3.270349700838643e-02   -2.356171688057635e-18    1.567503306523144e-34   -1.905069978718373e-18    1.822200204945191e-02    3.370639741617025e-02
    0.000000000000000e+00    0.000000000000000e+00   -3.247849012308150e-02    2.940535764571030e-02   -6.181747582631466e-04   -1.281480376328268e-04
    0.000000000000000e+00    3.273853022358256e-02    3.612628033543265e-18    3.531712898597452e-02   -8.919453084144605e-05    1.646135117492093e-02
    0.000000000000000e+00    0.000000000000000e+00   -3.247849012308150e-02    3.011312442192871e-02    1.237697463531715e-02   -2.639274000917337e-04
    0.000000000000000e+00    3.273853022358256e-02    3.612628033543265e-18    3.096161019929430e-02   -7.819452982484784e-05    1.648115415716433e-02
    3.270349700838643e-02   -2.356171688057635e-18    1.567503306523144e-34   -1.905069978718373e-18   -3.447793885084001e-02    2.664185202158499e-02
    0.000000000000000e+00    0.000000000000000e+00   -3.247849012308150e-02   -3.086413859159442e-02   -1.336933760190164e-02    2.774828782547347e-04
    3.270349700838643e-02   -2.356171688057635e-18    1.567503306523144e-34   -1.905069978718373e-18    3.148800155867757e-02   -3.158937941469263e-02
    0.000000000000000e+00    0.000000000000000e+00   -3.247849012308150e-02   -2.541974010824414e-02   -1.014554857174099e-02    2.197080845831307e-04
    3.270349700838643e-02   -2.356171688057635e-18    1.567503306523144e-34   -1.905069978718373e-18    3.458956048636309e-02   -2.820374365921561e-02
    0.000000000000000e+00    3.273853022358256e-02    3.612628033543265e-18   -3.437117160090906e-02    8.680548542412481e-05   -1.720653722082090e-02
    0.000000000000000e+00    0.000000000000000e+00   -3.247849012308150e-02   -2.743783204574129e-02   -1.693202007305049e-02    2.981537776283656e-04
    3.270349700838643e-02   -2.356171688057635e-18    1.567503306523144e-34   -1.905069978718373e-18    2.787479188401093e-02   -2.626335156906868e-02
    0.000000000000000e+00    3.273853022358256e-02    3.612628033543265e-18   -2.759604846451907e-02    6.969469678150000e-05   -1.426441867064814e-02
    3.270349700838643e-02   -2.356171688057635e-18    1.567503306523144e-34   -1.905069978718373e-18    3.458956048636309e-02    2.050736335444583e-02
    0.000000000000000e+00    3.273853022358256e-02    3.612628033543265e-18   -3.022230411884307e-02    7.632738884008005e-05   -1.578742680327161e-02
    3.270349700838643e-02   -2.356171688057635e-18    1.567503306523144e-34   -1.905069978718373e-18    2.946345701993005e-02    2.436067419211422e-02
    0.000000000000000e+00    3.273853022358256e-02    3.612628033543265e-18    7.410681901713659e-03   -1.871591248827214e-05    1.467726772956965e-02
    0.000000000000000e+00    3.273853022358256e-02    3.612628033543265e-18    1.332985474179286e-02   -3.366497147463524e-05    1.002893598719751e-02
    0.000000000000000e+00    3.273853022358256e-02    3.612628033543265e-18    7.451990185455280e-03   -1.882023787071417e-05    9.791044824698980e-03
    0.000000000000000e+00    0.000000000000000e+00   -3.247849012308150e-02   -3.001530394744153e-02    1.009128596577651e-02    3.431658327004071e-05
    0.000000000000000e+00    0.000000000000000e+00   -3.247849012308150e-02   -3.041562895045682e-02    1.809352867900789e-02   -4.547131739363054e-05
    0.000000000000000e+00    3.273853022358256e-02    3.612628033543265e-18   -1.361968191930989e-02    3.439693921567125e-05    1.562414461068879e-02
    0.000000000000000e+00    0.000000000000000e+00   -3.247849012308150e-02   -1.398650329320855e-02    3.407194318848617e-02   -2.835626439928323e-04
    0.000000000000000e+00    3.273853022358256e-02    3.612628033543265e-18   -4.426979942482521e-03    1.118047843501245e-05    3.401817902619343e-02
    0.000000000000000e+00    0.000000000000000e+00   -3.247849012308150e-02   -9.630984506528328e-03    3.406094318746958e-02   -3.033656262362416e-04
    3.270349700838643e-02   -2.356171688057635e-18    1.567503306523144e-34   -1.905069978718373e-18    3.832939687764832e-03   -1.338818387022030e-02
    3.270349700838643e-02   -2.356171688057635e-18    1.567503306523144e-34   -1.905069978718373e-18   -2.642138375097958e-03   -1.345789272003484e-02
    0.000000000000000e+00    3.273853022358256e-02    3.612628033543265e-18    3.195177934207871e-03   -8.069523344034686e-06    3.398352380726747e-02
    3.270349700838643e-02   -2.356171688057635e-18    1.567503306523144e-34   -1.905069978718373e-18    8.690041018908208e-04   -1.114468096493992e-02
    0.000000000000000e+00    3.273853022358256e-02    3.612628033543265e-18   -3.475238385196888e-04    8.776824907058769e-07    2.581869965281950e-02
    0.000000000000000e+00    0.000000000000000e+00   -3.247849012308150e-02   -1.070027075768172e-02    2.871717399687748e-02   -2.439729998174737e-04
    3.270349700838643e-02   -2.356171688057635e-18    1.567503306523144e-34   -1.905069978718373e-18    3.458956048636309e-02    1.543932670970957e-02
    0.000000000000000e+00    3.273853022358256e-02    3.612628033543265e-18   -3.437117160090906e-02    8.680548542412481e-05    8.814141306825689e-03
    3.270349700838643e-02   -2.356171688057635e-18    1.567503306523144e-34   -1.905069978718373e-18    3.458956048636309e-02    8.689153227411853e-03
    3.270349700838643e-02   -2.356171688057635e-18    1.567503306523144e-34   -1.905069978718373e-18    2.992772296883435e-02    1.418089292261726e-02
    0.000000000000000e+00    3.273853022358256e-02    3.612628033543265e-18   -2.966743196466368e-02    7.492604159329030e-05    1.334210685076953e-02
    3.270349700838643e-02   -2.356171688057635e-18    1.567503306523144e-34   -1.905069978718373e-18    3.027284177778790e-02   -3.592101688221058e-02
    0.000000000000000e+00    3.273853022358256e-02    3.612628033543265e-18   -3.001565281422884e-02    7.580548440752661e-05   -3.536998100633212e-02
    0.000000000000000e+00    3.273853022358256e-02    3.612628033543265e-18   -2.239349493753844e-02    5.655548262847969e-05   -3.540463622525808e-02
    0.000000000000000e+00    3.273853022358256e-02    3.612628033543265e-18   -2.257497488721575e-02    5.701381600475815e-05   -3.105977969142155e-02
    0.000000000000000e+00    0.000000000000000e+00   -3.247849012308150e-02   -3.521965737827466e-02   -3.062521243518581e-02    4.733982117906376e-04
    0.000000000000000e+00    3.273853022358256e-02    3.612628033543265e-18    3.531712898597452e-02   -8.919453084144605e-05   -9.602837282531166e-03
    3.270349700838643e-02   -2.356171688057635e-18    1.567503306523144e-34   -1.905069978718373e-18   -3.447793885084001e-02    1.252374994046510e-02
    0.000000000000000e+00    0.000000000000000e+00   -3.247849012308150e-02    1.269104927520782e-02   -5.291814865285201e-04   -5.263120764682534e-05
    3.270349700838643e-02   -2.356171688057635e-18    1.567503306523144e-34   -1.905069978718373e-18   -2.818076467112246e-02    1.032414954396347e-02
    0.000000000000000e+00    3.273853022358256e-02    3.612628033543265e-18    3.531712898597452e-02   -8.919453084144605e-05   -1.611888439689419e-02
    3.270349700838643e-02   -2.356171688057635e-18    1.567503306523144e-34   -1.905069978718373e-18   -3.447793885084001e-02    3.292683194978478e-03
    0.000000000000000e+00    0.000000000000000e+00   -3.247849012308150e-02   -1.464386781642286e-03   -1.020604857733193e-02    1.107916822450140e-04
    0.000000000000000e+00    3.273853022358256e-02    3.612628033543265e-18    2.879846019090404e-02   -7.273142578219896e-05   -1.574179703167497e-02
    0.000000000000000e+00    3.273853022358256e-02    3.612628033543265e-18   -3.437117160090906e-02    8.680548542412481e-05   -2.231808379536266e-02
    3.270349700838643e-02   -2.356171688057635e-18    1.567503306523144e-34   -1.905069978718373e-18    3.458956048636309e-02   -1.207287221736929e-02
    0.000000000000000e+00    3.273853022358256e-02    3.612628033543265e-18   -3.437117160090906e-02    8.680548542412481e-05   -3.100614661451336e-02
    0.000000000000000e+00    0.000000000000000e+00   -3.247849012308150e-02   -1.126430405153341e-02   -3.068571244077710e-02    3.644818094518866e-04
    0.000000000000000e+00    3.273853022358256e-02    3.612628033543265e-18   -3.437117160090906e-02    8.680548542412481e-05   -2.639061324183956e-02
    0.000000000000000e+00    0.000000000000000e+00   -3.247849012308150e-02   -1.453094314154358e-02   -2.420238437715186e-02    3.132919143997586e-04
    0.000000000000000e+00    3.273853022358256e-02    3.612628033543265e-18   -3.025856224614919e-02    7.641895989206312e-05   -2.665578221267260e-02
    0.000000000000000e+00    0.000000000000000e+00   -3.247849012308150e-02   -4.046168784173070e-03    3.404683855800240e-02   -3.287577808793880e-04
    3.270349700838643e-02   -2.356171688057635e-18    1.567503306523144e-34   -1.905069978718373e-18   -1.674831450329025e-02   -2.543201374610005e-03
    3.270349700838643e-02   -2.356171688057635e-18    1.567503306523144e-34   -1.905069978718373e-18   -2.504074781190416e-02    1.939317773587056e-03
    0.000000000000000e+00    3.273853022358256e-02    3.612628033543265e-18    1.822741363578650e-02   -4.603391199614771e-05    2.925274899158104e-02
    0.000000000000000e+00    0.000000000000000e+00   -3.247849012308150e-02   -4.001830188983648e-05    2.940360686240688e-02   -2.997171696142031e-04
    3.270349700838643e-02   -2.356171688057635e-18    1.567503306523144e-34   -1.905069978718373e-18    1.858172860896030e-02   -3.580177414435864e-02
    0.000000000000000e+00    3.273853022358256e-02    3.612628033543265e-18   -2.316121629677797e-02    5.849438730222961e-05   -2.445768452251895e-02
    3.270349700838643e-02   -2.356171688057635e-18    1.567503306523144e-34   -1.905069978718373e-18    1.656510532985198e-02   -3.041493387531062e-02
    3.270349700838643e-02   -2.356171688057635e-18    1.567503306523144e-34   -1.905069978718373e-18    2.163940436063751e-02    3.367154184664126e-02
    0.000000000000000e+00    0.000000000000000e+00   -3.247849012308150e-02    3.446864320860894e-02   -3.511793116002657e-02    2.005785837192128e-04
    0.000000000000000e+00    0.000000000000000e+00   -3.247849012308150e-02    3.011312442192871e-02   -3.510693115900998e-02    2.203815659626231e-04
    3.270349700838643e-02   -2.356171688057635e-18    1.567503306523144e-34   -1.905069978718373e-18    3.027284177778790e-02    3.358348567099501e-02
    0.000000000000000e+00    0.000000000000000e+00   -3.247849012308150e-02    3.446864320860894e-02   -3.080121245145138e-02    1.565504958960901e-04
    3.270349700838643e-02   -2.356171688057635e-18    1.567503306523144e-34   -1.905069978718373e-18   -3.447793885084001e-02    2.338382846440349e-02
    0.000000000000000e+00    0.000000000000000e+00   -3.247849012308150e-02    2.466872593857843e-02    6.994826250868906e-03   -1.841385625085681e-04
    0.000000000000000e+00    0.000000000000000e+00   -3.247849012308150e-02    2.187634265465252e-02    3.384938508904334e-03   -1.345518559572336e-04
    3.270349700838643e-02   -2.356171688057635e-18    1.567503306523144e-34   -1.905069978718373e-18   -2.906542714909661e-02    2.223147043471784e-02
    0.000000000000000e+00    3.273853022358256e-02    3.612628033543265e-18    2.985596786068754e-02   -7.540219498614621e-05    8.562780358037318e-03
    0.000000000000000e+00    3.273853022358256e-02    3.612628033543265e-18    3.096161019929430e-02   -7.819452982484784e-05   -7.411018595500082e-03
    0.000000000000000e+00    0.000000000000000e+00   -3.247849012308150e-02    3.446864320860894e-02   -9.371787434079007e-03   -6.201751150954560e-05
    3.270349700838643e-02   -2.356171688057635e-18    1.567503306523144e-34   -1.905069978718373e-18   -2.380628373608925e-02    2.809202002079015e-02
    0.000000000000000e+00    0.000000000000000e+00   -3.247849012308150e-02    2.140208684856826e-02   -3.508493115697679e-02    2.599875304494415e-04
    3.270349700838643e-02   -2.356171688057635e-18    1.567503306523144e-34   -1.905069978718373e-18   -1.936942337082683e-02    2.974577727138557e-02
    0.000000000000000e+00    3.273853022358256e-02    3.612628033543265e-18    2.007281323259374e-02   -5.069452728335265e-05   -3.559771530213133e-02
    3.270349700838643e-02   -2.356171688057635e-18    1.567503306523144e-34   -1.905069978718373e-18   -2.368614207940202e-02    2.978980535920870e-02
    0.000000000000000e+00    0.000000000000000e+00   -3.247849012308150e-02    3.011312442192871e-02   -3.510693115900998e-02    2.203815659626231e-04
    3.270349700838643e-02   -2.356171688057635e-18    1.567503306523144e-34   -1.905069978718373e-18   -1.721106401653923e-02    2.483672789170175e-02
    0.000000000000000e+00    3.273853022358256e-02    3.612628033543265e-18    2.313275240830936e-02   -5.842250084795650e-05   -2.987235635027000e-02
    3.270349700838643e-02   -2.356171688057635e-18    1.567503306523144e-34   -1.905069978718373e-18    3.027284177778790e-02   -3.592101688221058e-02
    0.000000000000000e+00    3.273853022358256e-02    3.612628033543265e-18   -3.001565281422884e-02    7.580548440752661e-05   -1.582183966324305e-02
    0.000000000000000e+00    3.273853022358256e-02    3.612628033543265e-18   -2.309348902845402e-02    5.832333993522174e-05   -8.949405198573897e-03
    3.270349700838643e-02   -2.356171688057635e-18    1.567503306523144e-34   -1.905069978718373e-18    2.804771853201131e-03   -3.564085811426284e-02
    3.270349700838643e-02   -2.356171688057635e-18    1.567503306523144e-34   -1.905069978718373e-18   -4.528485710909155e-03   -3.556606303729364e-02
    0.000000000000000e+00    3.273853022358256e-02    3.612628033543265e-18    5.098480376178128e-03   -1.287637410555386e-05   -2.699361838136916e-04
    0.000000000000000e+00    3.273853022358256e-02    3.612628033543265e-18    5.233269924131129e-06   -1.321678938931028e-08    4.466478343253055e-03
    0.000000000000000e+00    0.000000000000000e+00   -3.247849012308150e-02   -3.521965737827466e-02    4.779696113731400e-03    1.122881816502004e-04
    0.000000000000000e+00    0.000000000000000e+00   -3.247849012308150e-02   -3.521965737827466e-02   -9.902522205765998e-03    2.620384992525410e-04
    0.000000000000000e+00    0.000000000000000e+00   -3.247849012308150e-02   -3.521965737827466e-02   -8.796286605908164e-03    2.507555221971096e-04
    3.270349700838643e-02   -2.356171688057635e-18    1.567503306523144e-34   -1.905069978718373e-18   -1.196873198764399e-03   -2.941853763702014e-02
    0.000000000000000e+00    3.273853022358256e-02    3.612628033543265e-18    1.736922242274390e-03   -4.386652283350740e-06   -1.142231409783683e-02
    0.000000000000000e+00    0.000000000000000e+00   -3.247849012308150e-02   -2.902180501240994e-02   -1.101702600229388e-02    2.450667443331888e-04
    0.000000000000000e+00    3.273853022358256e-02    3.612628033543265e-18   -3.001565281422884e-02    7.580548440752661e-05    2.892168385538305e-02
    3.270349700838643e-02   -2.356171688057635e-18    1.567503306523144e-34   -1.905069978718373e-18    2.460399861701395e-02    1.893280895675243e-02
    0.000000000000000e+00    3.273853022358256e-02    3.612628033543265e-18   -2.429585623900928e-02    6.135995650977952e-05    2.832170441695589e-02
    3.270349700838643e-02   -2.356171688057635e-18    1.567503306523144e-34   -1.905069978718373e-18    4.912119364908633e-03    3.384215068695586e-02
    0.000000000000000e+00    0.000000000000000e+00   -3.247849012308150e-02    2.802556142666852e-02    1.159055839163666e-02   -2.463612255069965e-04
    3.270349700838643e-02   -2.356171688057635e-18    1.567503306523144e-34   -1.905069978718373e-18   -6.093635652658057e-04    2.935085735918098e-02
    0.000000000000000e+00    3.273853022358256e-02    3.612628033543265e-18    1.353953505257340e-02   -3.419452575845502e-05    2.524842890528867e-02
    0.000000000000000e+00    3.273853022358256e-02    3.612628033543265e-18    2.122926904366378e-02   -5.361519316047455e-05    2.441882122034846e-02
    3.270349700838643e-02   -2.356171688057635e-18    1.567503306523144e-34   -1.905069978718373e-18    2.337635837629048e-02   -3.585067665451201e-02
    3.270349700838643e-02   -2.356171688057635e-18    1.567503306523144e-34   -1.905069978718373e-18    2.751456867116561e-02   -3.589288405754047e-02
    0.000000000000000e+00    0.000000000000000e+00   -3.247849012308150e-02   -3.521965737827466e-02    1.728783032983301e-02   -1.528770849894172e-05
    0.000000000000000e+00    3.273853022358256e-02    3.612628033543265e-18   -2.534662548010284e-02    6.401370759807398e-05    2.221072124648627e-02
    0.000000000000000e+00    0.000000000000000e+00   -3.247849012308150e-02   -2.868637919825431e-02    2.228133261922688e-02   -9.609136987008311e-05
    0.000000000000000e+00    0.000000000000000e+00   -3.247849012308150e-02   -3.521965737827466e-02   -1.925668958934003e-02    3.574457126662984e-04
    0.000000000000000e+00    0.000000000000000e+00   -3.247849012308150e-02   -3.521965737827466e-02   -1.832227232213801e-02    3.479151853650669e-04
    3.270349700838643e-02   -2.356171688057635e-18    1.567503306523144e-34   -1.905069978718373e-18   -1.660111018497307e-02   -3.055965324126529e-02
    0.000000000000000e+00    3.273853022358256e-02    3.612628033543265e-18    2.114748736223117e-02   -5.340865092682638e-05    2.483919632786958e-04
    0.000000000000000e+00    0.000000000000000e+00   -3.247849012308150e-02   -3.521965737827466e-02    6.836524306252492e-04    1.540655091023919e-04
    0.000000000000000e+00    0.000000000000000e+00   -3.247849012308150e-02   -2.998368636616214e-02    5.788720869894978e-03    7.805574401114722e-05
    0.000000000000000e+00    3.273853022358256e-02    3.612628033543265e-18    1.355288174335790e-02   -3.422823324989066e-05   -1.724698122262352e-04
    3.270349700838643e-02   -2.356171688057635e-18    1.567503306523144e-34   -1.905069978718373e-18    3.458956048636309e-02    1.399131624008280e-02
    0.000000000000000e+00    3.273853022358256e-02    3.612628033543265e-18   -3.437117160090906e-02    8.680548542412481e-05   -2.231808379536266e-02
    0.000000000000000e+00    3.273853022358256e-02    3.612628033543265e-18   -3.437117160090906e-02    8.680548542412481e-05   -3.100614661451336e-02
    0.000000000000000e+00    3.273853022358256e-02    3.612628033543265e-18   -3.437117160090906e-02    8.680548542412481e-05   -2.177507986916574e-02
    3.270349700838643e-02   -2.356171688057635e-18    1.567503306523144e-34   -1.905069978718373e-18    3.027284177778790e-02    1.186332862311825e-02
    3.270349700838643e-02   -2.356171688057635e-18    1.567503306523144e-34   -1.905069978718373e-18    3.458956048636309e-02    7.475269125719779e-03
    0.000000000000000e+00    3.273853022358256e-02    3.612628033543265e-18   -3.437117160090906e-02    8.680548542412481e-05   -2.811012567456478e-02
    0.000000000000000e+00    0.000000000000000e+00   -3.247849012308150e-02    8.335530488527596e-03   -2.785739997273812e-02    2.460163308054483e-04
    0.000000000000000e+00    0.000000000000000e+00   -3.247849012308150e-02    1.377992897187788e-02   -2.427388438375976e-02    1.845725298175989e-04
    0.000000000000000e+00    3.273853022358256e-02    3.612628033543265e-18    1.684370675810302e-02   -4.253931633334418e-05    3.392146884041145e-02
    0.000000000000000e+00    3.273853022358256e-02    3.612628033543265e-18    1.412150751642788e-02   -3.566431569797033e-05    3.393384570431358e-02
    0.000000000000000e+00    0.000000000000000e+00   -3.247849012308150e-02    2.568298451456092e-03    3.403013351093919e-02   -3.588313917698632e-04
    3.270349700838643e-02   -2.356171688057635e-18    1.567503306523144e-34   -1.905069978718373e-18   -1.894387212293490e-02    2.273554394527065e-03
    0.000000000000000e+00    0.000000000000000e+00   -3.247849012308150e-02    6.256119523210695e-03    3.402081980170613e-02   -3.755985919078037e-04
    0.000000000000000e+00    0.000000000000000e+00   -3.247849012308150e-02    8.136485034727718e-03    2.700519820753642e-02   -3.126410061663762e-04
    3.270349700838643e-02   -2.356171688057635e-18    1.567503306523144e-34   -1.905069978718373e-18   -1.480287181396232e-02    1.199820839748353e-03
    0.000000000000000e+00    3.273853022358256e-02    3.612628033543265e-18    3.531712898597452e-02   -8.919453084144605e-05    2.514941399407163e-02
    0.000000000000000e+00    0.000000000000000e+00   -3.247849012308150e-02    1.866717801770271e-02    2.967275657075762e-02   -3.879991370502769e-04
    0.000000000000000e+00    3.273853022358256e-02    3.612628033543265e-18   -3.022230411884307e-02    7.632738884008005e-05   -1.144339539369626e-02
    0.000000000000000e+00    0.000000000000000e+00   -3.247849012308150e-02    3.446864320860894e-02   -1.134271543253781e-02   -4.191516135251145e-05
    0.000000000000000e+00    0.000000000000000e+00   -3.247849012308150e-02   -3.521965737827466e-02   -2.426393527975735e-03    1.857862177803101e-04
    3.270349700838643e-02   -2.356171688057635e-18    1.567503306523144e-34   -1.905069978718373e-18   -1.594809237822368e-04   -3.071817708116679e-02
    0.000000000000000e+00    3.273853022358256e-02    3.612628033543265e-18    6.902055465893209e-04   -1.743136027185012e-06   -4.119983128727746e-03
    0.000000000000000e+00    3.273853022358256e-02    3.612628033543265e-18   -3.001565281422884e-02    7.580548440752661e-05   -3.536998100633212e-02
    0.000000000000000e+00    3.273853022358256e-02    3.612628033543265e-18   -3.001565281422884e-02    7.580548440752661e-05   -3.102594959675678e-02
    0.000000000000000e+00    3.273853022358256e-02    3.612628033543265e-18   -2.511569417921359e-02    6.343048326385376e-05   -3.539225936135595e-02
    0.000000000000000e+00    3.273853022358256e-02    3.612628033543265e-18   -2.348237463420850e-02    5.930548288262962e-05   -2.888363836533421e-02
    0.000000000000000e+00    0.000000000000000e+00   -3.247849012308150e-02    1.289348531849666e-02   -3.110576539880698e-02    2.583070250886115e-04
    3.270349700838643e-02   -2.356171688057635e-18    1.567503306523144e-34   -1.905069978718373e-18    7.177860971370641e-04    2.227192599735331e-02
    0.000000000000000e+00    0.000000000000000e+00   -3.247849012308150e-02    2.437964694128827e-02   -2.943723232288224e-02    1.887696015149443e-04
    0.000000000000000e+00    0.000000000000000e+00   -3.247849012308150e-02    2.302269680438294e-02    3.397847527831621e-02   -4.518302071168093e-04
    0.000000000000000e+00    0.000000000000000e+00   -3.247849012308150e-02   -3.521965737827466e-02   -1.043725325846074e-03    1.716837846260089e-04
    0.000000000000000e+00    3.273853022358256e-02    3.612628033543265e-18   -3.124173484824448e-02    7.890199352185994e-05   -6.042194436512426e-03
    0.000000000000000e+00    0.000000000000000e+00   -3.247849012308150e-02    3.011312442192871e-02   -2.647349374185960e-02    1.323253903163756e-04
    0.000000000000000e+00    0.000000000000000e+00   -3.247849012308150e-02   -2.553266478312342e-03   -1.344083760850917e-02    1.487634936732090e-04
    3.270349700838643e-02   -2.356171688057635e-18    1.567503306523144e-34   -1.905069978718373e-18    3.458956048636309e-02   -5.091393166504352e-03
    3.270349700838643e-02   -2.356171688057635e-18    1.567503306523144e-34   -1.905069978718373e-18    2.981279093617780e-02    1.760475055438064e-04
    3.270349700838643e-02   -2.356171688057635e-18    1.567503306523144e-34   -1.905069978718373e-18    3.051358731020681e-02   -7.461805956252397e-03
    0.000000000000000e+00    3.273853022358256e-02    3.612628033543265e-18   -3.025856224614919e-02    7.641895989206312e-05   -2.231175080309725e-02
    0.000000000000000e+00    0.000000000000000e+00   -3.247849012308150e-02   -6.727208543353535e-03   -1.591912554354353e-02    1.931255625939939e-04
    0.000000000000000e+00    0.000000000000000e+00   -3.247849012308150e-02    3.435571853372966e-03   -1.561432196419459e-02    1.435484370000827e-04
    0.000000000000000e+00    3.273853022358256e-02    3.612628033543265e-18    3.531712898597452e-02   -8.919453084144605e-05   -1.937690795407571e-02
    0.000000000000000e+00    3.273853022358256e-02    3.612628033543265e-18    3.021685948863474e-02   -7.631363825357975e-05   -2.022484199196022e-02
    0.000000000000000e+00    0.000000000000000e+00   -3.247849012308150e-02    9.242494395828998e-03   -1.973217259029872e-02    1.589966077255366e-04
    3.270349700838643e-02   -2.356171688057635e-18    1.567503306523144e-34   -1.905069978718373e-18   -2.972704463257302e-02    4.486563878093240e-03
    0.000000000000000e+00    3.273853022358256e-02    3.612628033543265e-18    2.135545679038815e-02   -5.393388432224735e-05    3.390095553071128e-02
    0.000000000000000e+00    0.000000000000000e+00   -3.247849012308150e-02   -7.610137239274529e-03    3.405583947351886e-02   -3.125536941817760e-04
    0.000000000000000e+00    3.273853022358256e-02    3.612628033543265e-18    2.571097557706837e-02   -6.493388533884555e-05    3.388115254846787e-02
    0.000000000000000e+00    3.273853022358256e-02    3.612628033543265e-18    2.490267243043955e-02   -6.289249007226378e-05    2.875166184092753e-02
    0.000000000000000e+00    0.000000000000000e+00   -3.247849012308150e-02   -5.216562647705618e-03    2.894890296402324e-02   -2.714102135273711e-04
    0.000000000000000e+00    3.273853022358256e-02    3.612628033543265e-18   -3.437117160090906e-02    8.680548542412481e-05   -2.795470063801068e-02
    3.270349700838643e-02   -2.356171688057635e-18    1.567503306523144e-34   -1.905069978718373e-18    3.138323192862855e-02   -3.593234223333481e-02
    0.000000000000000e+00    0.000000000000000e+00   -3.247849012308150e-02    1.264149712195972e-02    3.400469332779618e-02   -4.046306143599142e-04
    0.000000000000000e+00    0.000000000000000e+00   -3.247849012308150e-02    4.953764619838919e-03    2.951894335926064e-02   -3.237271118506562e-04
    0.000000000000000e+00    0.000000000000000e+00   -3.247849012308150e-02   -3.521965737827466e-02    2.260697341784617e-02   -6.953995768014936e-05
    0.000000000000000e+00    0.000000000000000e+00   -3.247849012308150e-02   -3.521965737827466e-02    1.413964925430511e-02    1.682195678943823e-05
    3.270349700838643e-02   -2.356171688057635e-18    1.567503306523144e-34   -1.905069978718373e-18    3.805129885007431e-03   -2.955469171011414e-02
    0.000000000000000e+00    3.273853022358256e-02    3.612628033543265e-18   -3.310040479461899e-03    8.359612349833662e-06    1.859532922867913e-02
    0.000000000000000e+00    3.273853022358256e-02    3.612628033543265e-18    5.273594185012902e-04   -1.331862959095746e-06    3.399565342150693e-02
    3.270349700838643e-02   -2.356171688057635e-18    1.567503306523144e-34   -1.905069978718373e-18    3.950006660367990e-03    2.043156514892657e-02
    0.000000000000000e+00    3.273853022358256e-02    3.612628033543265e-18   -3.456219454613338e-03    8.728791993872303e-06    2.905577392121409e-02
    0.000000000000000e+00    0.000000000000000e+00   -3.247849012308150e-02    2.101275570042034e-02    2.905673296173096e-02   -3.924409653055483e-04
    3.270349700838643e-02   -2.356171688057635e-18    1.567503306523144e-34   -1.905069978718373e-18   -2.152778272511443e-02   -1.367252278045636e-02
    0.000000000000000e+00    0.000000000000000e+00   -3.247849012308150e-02   -9.086544658193300e-03   -3.069121244128541e-02    3.545803183301823e-04
    0.000000000000000e+00    0.000000000000000e+00   -3.247849012308150e-02   -4.731025871652455e-03   -3.501893115087684e-02    3.788054239105300e-04
    3.270349700838643e-02   -2.356171688057635e-18    1.567503306523144e-34   -1.905069978718373e-18   -2.584450143368962e-02   -4.940431873621548e-03
    0.000000000000000e+00    3.273853022358256e-02    3.612628033543265e-18    2.660609141261407e-02   -6.719452880824964e-05   -3.562741977549643e-02
    0.000000000000000e+00    3.273853022358256e-02    3.612628033543265e-18    2.225057262593385e-02   -5.619452779165165e-05   -3.560761679325303e-02
    3.270349700838643e-02   -2.356171688057635e-18    1.567503306523144e-34   -1.905069978718373e-18   -2.445672267933167e-02   -1.147063354574033e-02
    3.270349700838643e-02   -2.356171688057635e-18    1.567503306523144e-34   -1.905069978718373e-18    3.027284177778790e-02    7.519297213542901e-03
    3.270349700838643e-02   -2.356171688057635e-18    1.567503306523144e-34   -1.905069978718373e-18    3.458956048636309e-02    9.647284830507450e-03
    3.270349700838643e-02   -2.356171688057635e-18    1.567503306523144e-34   -1.905069978718373e-18   -3.160012637822632e-02   -3.203192406623332e-02
    0.000000000000000e+00    3.273853022358256e-02    3.612628033543265e-18    1.027289596256323e-02   -2.594452499600653e-05    3.395134396112194e-02
    3.270349700838643e-02   -2.356171688057635e-18    1.567503306523144e-34   -1.905069978718373e-18   -9.656806276532648e-03   -1.718737456070069e-02
    0.000000000000000e+00    3.273853022358256e-02    3.612628033543265e-18    1.613341315727804e-02   -4.074544728723834e-05    2.655014136444712e-02
    0.000000000000000e+00    0.000000000000000e+00   -3.247849012308150e-02   -1.418610696005249e-02    2.875130530058196e-02   -2.283824808040597e-04
    0.000000000000000e+00    0.000000000000000e+00   -3.247849012308150e-02   -1.799564941423077e-02    2.925174645717887e-02   -2.160679437776184e-04
    3.270349700838643e-02   -2.356171688057635e-18    1.567503306523144e-34   -1.905069978718373e-18   -1.167141840951747e-02   -2.201378820928195e-02
    0.000000000000000e+00    0.000000000000000e+00   -3.247849012308150e-02   -1.779758223155375e-02    3.408156818937568e-02   -2.662350345298491e-04
    0.000000000000000e+00    0.000000000000000e+00   -3.247849012308150e-02   -2.371373766856870e-02    2.963572008631273e-02   -1.938388682231246e-04
    0.000000000000000e+00    3.273853022358256e-02    3.612628033543265e-18    2.809920148717417e-02   -7.096542571914887e-05    2.735424702719458e-02
    0.000000000000000e+00    3.273853022358256e-02    3.612628033543265e-18   -2.239349493753844e-02    5.655548262847969e-05   -2.888858911089507e-02
    0.000000000000000e+00    0.000000000000000e+00   -3.247849012308150e-02   -1.344206344487352e-02   -2.852185308598121e-02    3.523692566620299e-04
    0.000000000000000e+00    3.273853022358256e-02    3.612628033543265e-18   -2.402681448254353e-02    6.068048300970405e-05    2.379021784854734e-02
    3.270349700838643e-02   -2.356171688057635e-18    1.567503306523144e-34   -1.905069978718373e-18    2.385735839538166e-02    3.364891997071606e-02
    0.000000000000000e+00    3.273853022358256e-02    3.612628033543265e-18   -1.869377869519018e-02    4.721173176430917e-05    1.829890819037122e-02
    3.270349700838643e-02   -2.356171688057635e-18    1.567503306523144e-34   -1.905069978718373e-18    2.244563926272636e-02    2.764288581981469e-02
    0.000000000000000e+00    3.273853022358256e-02    3.612628033543265e-18   -3.437117160090906e-02    8.680548542412481e-05    2.981029311954153e-02
    0.000000000000000e+00    3.273853022358256e-02    3.612628033543265e-18   -3.001565281422884e-02    7.580548440752661e-05    3.413452154687346e-02
    0.000000000000000e+00    0.000000000000000e+00   -3.247849012308150e-02    2.575760563524849e-02    3.397156817920970e-02   -4.642648569639411e-04
    3.270349700838643e-02   -2.356171688057635e-18    1.567503306523144e-34   -1.905069978718373e-18   -2.798236415318394e-02   -2.696337857213922e-02
    3.270349700838643e-02   -2.356171688057635e-18    1.567503306523144e-34   -1.905069978718373e-18    3.458956048636309e-02   -2.694055580536492e-02
    0.000000000000000e+00    3.273853022358256e-02    3.612628033543265e-18   -3.437117160090906e-02    8.680548542412481e-05   -2.768319867491223e-02
    0.000000000000000e+00    0.000000000000000e+00   -3.247849012308150e-02   -2.617130381198461e-02   -2.734600913174918e-02    3.985794980760485e-04
    3.270349700838643e-02   -2.356171688057635e-18    1.567503306523144e-34   -1.905069978718373e-18   -3.447793885084001e-02    3.835687121175397e-03
    0.000000000000000e+00    0.000000000000000e+00   -3.247849012308150e-02    2.855984449497658e-04   -2.316062434632260e-02    2.349193903496336e-04
    3.270349700838643e-02   -2.356171688057635e-18    1.567503306523144e-34   -1.905069978718373e-18    8.605889039968872e-03   -3.570002622648286e-02
    0.000000000000000e+00    0.000000000000000e+00   -3.247849012308150e-02   -3.521965737827466e-02    3.294120882824048e-03    1.274402082588172e-04
    0.000000000000000e+00    3.273853022358256e-02    3.612628033543265e-18   -3.750888803472944e-03    9.472988792409627e-06   -9.216694086237781e-04
    0.000000000000000e+00    0.000000000000000e+00   -3.247849012308150e-02   -3.031427243516200e-02   -6.039332219680412e-04    1.447687697769147e-04
    3.270349700838643e-02   -2.356171688057635e-18    1.567503306523144e-34   -1.905069978718373e-18    4.372529526336732e-03    3.384765419793375e-02
    0.000000000000000e+00    3.273853022358256e-02    3.612628033543265e-18   -3.882540094147493e-03    9.805478307937589e-06    2.532764083426231e-02
    3.270349700838643e-02   -2.356171688057635e-18    1.567503306523144e-34   -1.905069978718373e-18    8.689248234911927e-03    3.380362611011063e-02
    0.000000000000000e+00    0.000000000000000e+00   -3.247849012308150e-02    3.446864320860894e-02    2.042303199692671e-02   -3.659078076218453e-04
    0.000000000000000e+00    3.273853022358256e-02    3.612628033543265e-18   -6.060299487487606e-03    1.530547881623680e-05    2.968157373495936e-02
    0.000000000000000e+00    0.000000000000000e+00   -3.247849012308150e-02    3.156496401725650e-02    2.964018280261297e-02   -4.466407454643075e-04
    3.270349700838643e-02   -2.356171688057635e-18    1.567503306523144e-34   -1.905069978718373e-18    1.020451434264138e-02    2.641917049754439e-02
    0.000000000000000e+00    3.273853022358256e-02    3.612628033543265e-18   -9.766944695399090e-03    2.466672900298468e-05    2.196447971428190e-02
    0.000000000000000e+00    0.000000000000000e+00   -3.247849012308150e-02   -3.086413859159442e-02    1.103634027424924e-03    1.298667584710379e-04
    0.000000000000000e+00    3.273853022358256e-02    3.612628033543265e-18   -2.560045940333745e-02    6.465477323236040e-05   -5.503171528453880e-04
    0.000000000000000e+00    0.000000000000000e+00   -3.247849012308150e-02    9.115564207252475e-05   -2.439348147749629e-02    2.483829057222384e-04
    3.270349700838643e-02   -2.356171688057635e-18    1.567503306523144e-34   -1.905069978718373e-18    3.027284177778790e-02   -5.047365078681228e-03
    0.000000000000000e+00    3.273853022358256e-02    3.612628033543265e-18   -3.001565281422884e-02    7.580548440752661e-05   -3.118109357586877e-02
    0.000000000000000e+00    0.000000000000000e+00   -3.247849012308150e-02   -4.264363144607699e-03   -3.085755953934248e-02    3.342280197003327e-04
    3.270349700838643e-02   -2.356171688057635e-18    1.567503306523144e-34   -1.905069978718373e-18    3.458956048636309e-02   -9.435424575940692e-03
    3.270349700838643e-02   -2.356171688057635e-18    1.567503306523144e-34   -1.905069978718373e-18    3.458956048636309e-02   -7.473617569290017e-04
    0.000000000000000e+00    0.000000000000000e+00   -3.247849012308150e-02   -2.721159300721104e-03   -2.432916620418444e-02    2.605859564225135e-04
    0.000000000000000e+00    0.000000000000000e+00   -3.247849012308150e-02    2.006260588564759e-02    3.398595108193687e-02   -4.383717350556034e-04
    0.000000000000000e+00    3.273853022358256e-02    3.612628033543265e-18    9.238396991868705e-03   -2.333186499230972e-05    3.395604745702009e-02
    0.000000000000000e+00    0.000000000000000e+00   -3.247849012308150e-02    2.159800249068127e-02    3.398207338905034e-02   -4.453526328992903e-04
    0.000000000000000e+00    3.273853022358256e-02    3.612628033543265e-18    1.353953505257340e-02   -3.419452575845502e-05    2.831547514653806e-02
    0.000000000000000e+00    0.000000000000000e+00   -3.247849012308150e-02    2.346517066863399e-02    2.839168284731211e-02   -3.968712538033856e-04
    3.270349700838643e-02   -2.356171688057635e-18    1.567503306523144e-34   -1.905069978718373e-18    1.840186532920611e-02    2.175847653617638e-02
    0.000000000000000e+00    3.273853022358256e-02    3.612628033543265e-18   -1.803797615085822e-02    4.555548161188149e-05   -3.542443920750149e-02
    0.000000000000000e+00    0.000000000000000e+00   -3.247849012308150e-02    2.684648533191855e-02   -3.509868115824753e-02    2.352338026451800e-04
    3.270349700838643e-02   -2.356171688057635e-18    1.567503306523144e-34   -1.905069978718373e-18    2.056022468349371e-02    3.042452531141553e-02
    0.000000000000000e+00    3.273853022358256e-02    3.612628033543265e-18   -2.021573554419833e-02    5.105548212018091e-05   -3.251851677643122e-02
    0.000000000000000e+00    0.000000000000000e+00   -3.247849012308150e-02    3.120200411859877e-02   -3.223186868665044e-02    1.860787618506729e-04
    0.000000000000000e+00    0.000000000000000e+00   -3.247849012308150e-02   -9.949365909435253e-03   -2.310990144999130e-02    2.812004010582603e-04
    0.000000000000000e+00    0.000000000000000e+00   -3.247849012308150e-02    2.798324191550981e-02   -1.209155481149295e-02   -4.623571741723679e-06
    0.000000000000000e+00    3.273853022358256e-02    3.612628033543265e-18   -1.671622602406886e-02    4.221735969105879e-05   -1.674828961402850e-02
    0.000000000000000e+00    0.000000000000000e+00   -3.247849012308150e-02   -1.289762359653849e-02    3.406919318823202e-02   -2.885133895536846e-04
    0.000000000000000e+00    0.000000000000000e+00   -3.247849012308150e-02    3.011312442192871e-02    3.018343930818981e-02   -4.455432623621177e-04
    0.000000000000000e+00    3.273853022358256e-02    3.612628033543265e-18   -1.716953174436997e-02    4.336219768358270e-05    2.016853053905816e-02
    3.270349700838643e-02   -2.356171688057635e-18    1.567503306523144e-34   -1.905069978718373e-18   -2.152778272511443e-02    3.411182272487248e-02
    0.000000000000000e+00    3.273853022358256e-02    3.612628033543265e-18    1.849610151575875e-02   -4.671249176990064e-05   -2.127483962642421e-02
    0.000000000000000e+00    0.000000000000000e+00   -3.247849012308150e-02    3.446864320860894e-02   -2.089223292788299e-02    5.548451264484405e-05
    0.000000000000000e+00    0.000000000000000e+00   -3.247849012308150e-02    3.446864320860894e-02   -2.503161814587486e-02    9.770389922415604e-05
    3.270349700838643e-02   -2.356171688057635e-18    1.567503306523144e-34   -1.905069978718373e-18   -1.732608066586125e-02    2.878745211265678e-02
    3.270349700838643e-02   -2.356171688057635e-18    1.567503306523144e-34   -1.905069978718373e-18   -8.669399001048640e-03    3.398067448796237e-02
    0.000000000000000e+00    3.273853022358256e-02    3.612628033543265e-18    9.276613547882841e-03   -2.342838211818938e-05   -1.543717393104772e-02
    0.000000000000000e+00    0.000000000000000e+00   -3.247849012308150e-02    3.446864320860894e-02   -1.513292517512540e-02   -3.257167009909603e-06
    3.270349700838643e-02   -2.356171688057635e-18    1.567503306523144e-34   -1.905069978718373e-18   -5.585355676148071e-03    3.394921899143225e-02
    0.000000000000000e+00    0.000000000000000e+00   -3.247849012308150e-02    3.446864320860894e-02   -2.233946270989630e-02    7.024543737597031e-05
    0.000000000000000e+00    0.000000000000000e+00   -3.247849012308150e-02    2.772488784463475e-02   -1.973788737274883e-02    7.454599128469394e-05
    3.270349700838643e-02   -2.356171688057635e-18    1.567503306523144e-34   -1.905069978718373e-18   -9.771822925854653e-03    2.871040295896630e-02
    3.270349700838643e-02   -2.356171688057635e-18    1.567503306523144e-34   -1.905069978718373e-18   -3.485514625399011e-03    2.940809509095737e-02
    0.000000000000000e+00    3.273853022358256e-02    3.612628033543265e-18    4.046134725793351e-03   -1.021864174553196e-05   -1.598186495502833e-02
    0.000000000000000e+00    0.000000000000000e+00   -3.247849012308150e-02    2.993698456477085e-02   -1.568637824642390e-02    2.310829908531638e-05
    0.000000000000000e+00    0.000000000000000e+00   -3.247849012308150e-02   -2.215310101823397e-02    1.250897464751633e-02   -2.629161317082349e-05
    0.000000000000000e+00    3.273853022358256e-02    3.612628033543265e-18    3.531712898597452e-02   -8.919453084144605e-05    1.211731976534558e-02
    3.270349700838643e-02   -2.356171688057635e-18    1.567503306523144e-34   -1.905069978718373e-18   -3.447793885084001e-02   -2.222850133613768e-02
    3.270349700838643e-02   -2.356171688057635e-18    1.567503306523144e-34   -1.905069978718373e-18   -3.447793885084001e-02   -2.657253274571303e-02
    0.000000000000000e+00    3.273853022358256e-02    3.612628033543265e-18    3.531712898597452e-02   -8.919453084144605e-05    7.773288355770231e-03
    0.000000000000000e+00    0.000000000000000e+00   -3.247849012308150e-02   -2.215310101823397e-02    8.192255938941132e-03    1.773647465229984e-05
    0.000000000000000e+00    3.273853022358256e-02    3.612628033543265e-18    3.531712898597452e-02   -8.919453084144605e-05    1.211731976534558e-02
    3.270349700838643e-02   -2.356171688057635e-18    1.567503306523144e-34   -1.905069978718373e-18   -3.447793885084001e-02   -3.091656415528838e-02
    0.000000000000000e+00    0.000000000000000e+00   -3.247849012308150e-02   -3.086413859159442e-02    1.037261529526193e-02    3.532839522755645e-05
    0.000000000000000e+00    3.273853022358256e-02    3.612628033543265e-18    2.883973921392200e-02   -7.283567726575355e-05    5.266541321516623e-03
    0.000000000000000e+00    0.000000000000000e+00   -3.247849012308150e-02   -2.634824074441186e-02    5.682599604169077e-03    6.251540769293904e-05
    0.000000000000000e+00    0.000000000000000e+00   -3.247849012308150e-02    3.446864320860894e-02    1.236597463430055e-02   -2.837303823351431e-04
    0.000000000000000e+00    3.273853022358256e-02    3.612628033543265e-18    2.279501247426887e-02   -5.756952791872651e-05    1.271725726549230e-02
    0.000000000000000e+00    3.273853022358256e-02    3.612628033543265e-18    2.558478783034400e-02   -6.461519417707275e-05    2.005498682852971e-02
    0.000000000000000e+00    0.000000000000000e+00   -3.247849012308150e-02    2.901306963063419e-02    1.313960717645305e-02   -2.666759293922441e-04
    0.000000000000000e+00    3.273853022358256e-02    3.612628033543265e-18    5.130125298268484e-03   -1.295629436126018e-05    1.580190304322869e-02
    0.000000000000000e+00    0.000000000000000e+00   -3.247849012308150e-02    2.802556142666852e-02    1.590727710021185e-02   -2.903893133301198e-04
    0.000000000000000e+00    0.000000000000000e+00   -3.247849012308150e-02    3.446864320860894e-02    2.099941205145093e-02   -3.717865579813895e-04
    0.000000000000000e+00    0.000000000000000e+00   -3.247849012308150e-02    3.446864320860894e-02    2.531613076002612e-02   -4.158146458045131e-04
    3.270349700838643e-02   -2.356171688057635e-18    1.567503306523144e-34   -1.905069978718373e-18    4.372529526336732e-03    3.384765419793375e-02
    0.000000000000000e+00    0.000000000000000e+00   -3.247849012308150e-02    3.446864320860894e-02    2.531613076002612e-02   -4.158146458045131e-04
    3.270349700838643e-02   -2.356171688057635e-18    1.567503306523144e-34   -1.905069978718373e-18    1.791647306080393e-03    2.696962630720115e-02
    0.000000000000000e+00    0.000000000000000e+00   -3.247849012308150e-02    2.754603388044068e-02    2.472351425163088e-02   -3.781173508475393e-04
    0.000000000000000e+00    3.273853022358256e-02    3.612628033543265e-18    3.402038112081035e-03   -8.591955292636551e-06    2.499891864263262e-02
    0.000000000000000e+00    3.273853022358256e-02    3.612628033543265e-18   -2.266571486170596e-02    5.724298269201723e-05   -2.734884030004858e-02
    3.270349700838643e-02   -2.356171688057635e-18    1.567503306523144e-34   -1.905069978718373e-18    2.595612306921270e-02    2.928348234924278e-02
    0.000000000000000e+00    3.273853022358256e-02    3.612628033543265e-18   -2.620457387588365e-02    6.618048351800326e-05    3.031616645403205e-02
    0.000000000000000e+00    3.273853022358256e-02    3.612628033543265e-18   -2.471683311972249e-02    6.242314699123775e-05    1.034466945447015e-02
    0.000000000000000e+00    3.273853022358256e-02    3.612628033543265e-18    1.547952417749453e-03   -3.909402990284486e-06    3.399101315107493e-02
    3.270349700838643e-02   -2.356171688057635e-18    1.567503306523144e-34   -1.905069978718373e-18   -4.300229366383911e-03    7.144115189522306e-03
    3.270349700838643e-02   -2.356171688057635e-18    1.567503306523144e-34   -1.905069978718373e-18   -4.703979645973651e-03    1.438483208623075e-02
    0.000000000000000e+00    3.273853022358256e-02    3.612628033543265e-18    5.275551708068120e-03   -1.332357337760323e-05    2.933443185694387e-02
    3.270349700838643e-02   -2.356171688057635e-18    1.567503306523144e-34   -1.905069978718373e-18    3.458956048636309e-02    1.761134241449725e-02
    3.270349700838643e-02   -2.356171688057635e-18    1.567503306523144e-34   -1.905069978718373e-18    3.458956048636309e-02    2.195537382407261e-02
    0.000000000000000e+00    0.000000000000000e+00   -3.247849012308150e-02    2.285392644389604e-02    1.023694861605780e-02   -2.089083857734344e-04
    3.270349700838643e-02   -2.356171688057635e-18    1.567503306523144e-34   -1.905069978718373e-18    3.458956048636309e-02    1.856947401759285e-02
    0.000000000000000e+00    3.273853022358256e-02    3.612628033543265e-18   -3.437117160090906e-02    8.680548542412481e-05    1.610402778277127e-02
    0.000000000000000e+00    0.000000000000000e+00   -3.247849012308150e-02    1.864081181643301e-02    1.332943086244821e-02   -2.211859073390258e-04
    0.000000000000000e+00    3.273853022358256e-02    3.612628033543265e-18   -3.437117160090906e-02    8.680548542412481e-05    2.298094192254150e-03
    0.000000000000000e+00    3.273853022358256e-02    3.612628033543265e-18   -3.437117160090906e-02    8.680548542412481e-05    8.814141306825689e-03
    3.270349700838643e-02   -2.356171688057635e-18    1.567503306523144e-34   -1.905069978718373e-18    3.458956048636309e-02    8.199274360880686e-03
    0.000000000000000e+00    0.000000000000000e+00   -3.247849012308150e-02    9.061450286539926e-03    8.832875716647688e-03   -1.315229127327243e-04
    3.270349700838643e-02   -2.356171688057635e-18    1.567503306523144e-34   -1.905069978718373e-18    2.938790249316192e-02    1.116944574847353e-02
    0.000000000000000e+00    3.273853022358256e-02    3.612628033543265e-18    3.531712898597452e-02   -8.919453084144605e-05    2.189139043689011e-02
    3.270349700838643e-02   -2.356171688057635e-18    1.567503306523144e-34   -1.905069978718373e-18   -3.447793885084001e-02    4.921694973569233e-03
    3.270349700838643e-02   -2.356171688057635e-18    1.567503306523144e-34   -1.905069978718373e-18   -2.743936662917733e-02    3.258915742666402e-03
    0.000000000000000e+00    3.273853022358256e-02    3.612628033543265e-18    2.821529177755099e-02   -7.125861543424445e-05    2.434932432362070e-02
    0.000000000000000e+00    0.000000000000000e+00   -3.247849012308150e-02    3.446864320860894e-02    5.890896571230558e-03   -2.176882505983449e-04
    0.000000000000000e+00    3.273853022358256e-02    3.612628033543265e-18   -2.643640253141618e-02    6.676597414987324e-05    6.807393263801982e-04
    3.270349700838643e-02   -2.356171688057635e-18    1.567503306523144e-34   -1.905069978718373e-18   -1.203725120799403e-02   -3.548947787873510e-02
    0.000000000000000e+00    0.000000000000000e+00   -3.247849012308150e-02   -3.521965737827466e-02    2.541529757394824e-04    1.584461604712496e-04
    3.270349700838643e-02   -2.356171688057635e-18    1.567503306523144e-34   -1.905069978718373e-18   -5.370619015585386e-03   -3.555747375418298e-02
    0.000000000000000e+00    0.000000000000000e+00   -3.247849012308150e-02   -3.521965737827466e-02   -3.577179241717075e-03    1.975235807846563e-04
    3.270349700838643e-02   -2.356171688057635e-18    1.567503306523144e-34   -1.905069978718373e-18   -9.172666531111926e-03   -2.978603287715202e-02
    0.000000000000000e+00    0.000000000000000e+00   -3.247849012308150e-02   -2.947183575541587e-02   -7.875462602779343e-04    1.427895610062653e-04
    3.270349700838643e-02   -2.356171688057635e-18    1.567503306523144e-34   -1.905069978718373e-18    2.591848137831125e-03    9.762426121501921e-03
    0.000000000000000e+00    3.273853022358256e-02    3.612628033543265e-18    2.107884338682286e-02   -5.323528838696474e-05    3.390221319267702e-02
    0.000000000000000e+00    0.000000000000000e+00   -3.247849012308150e-02    1.315263958110192e-02    3.400340242128297e-02   -4.069545958505233e-04
    3.270349700838643e-02   -2.356171688057635e-18    1.567503306523144e-34   -1.905069978718373e-18   -2.682897324444797e-02    1.778046698102102e-02
    0.000000000000000e+00    0.000000000000000e+00   -3.247849012308150e-02    1.206375988443186e-02    3.400615242153712e-02   -4.020038502896714e-04
    0.000000000000000e+00    0.000000000000000e+00   -3.247849012308150e-02    1.662650182328638e-02    3.399462907186880e-02   -4.227490019057578e-04
    3.270349700838643e-02   -2.356171688057635e-18    1.567503306523144e-34   -1.905069978718373e-18   -2.517226145445886e-02    1.354951950814776e-02
    0.000000000000000e+00    3.273853022358256e-02    3.612628033543265e-18    2.592780912081667e-02   -6.548150533969574e-05    2.961962839434638e-02
    3.270349700838643e-02   -2.356171688057635e-18    1.567503306523144e-34   -1.905069978718373e-18    3.085386079856167e-02   -3.250967304685280e-02
    0.000000000000000e+00    3.273853022358256e-02    3.612628033543265e-18   -3.060189422379106e-02    7.728605570499806e-05   -2.148432355810010e-02
    0.000000000000000e+00    3.273853022358256e-02    3.612628033543265e-18   -2.736674613741239e-02    6.911558647229952e-05   -2.555597928693341e-02
    3.270349700838643e-02   -2.356171688057635e-18    1.567503306523144e-34   -1.905069978718373e-18    2.576912431559399e-02   -3.099396061762522e-02
    0.000000000000000e+00    0.000000000000000e+00   -3.247849012308150e-02    3.446864320860894e-02   -1.318745843511286e-02   -2.309982674033913e-05
    3.270349700838643e-02   -2.356171688057635e-18    1.567503306523144e-34   -1.905069978718373e-18   -1.948380011022466e-03    3.391212389795846e-02
    0.000000000000000e+00    3.273853022358256e-02    3.612628033543265e-18    7.415967417840502e-03   -1.872926122710627e-05   -4.803645358081619e-03
    0.000000000000000e+00    3.273853022358256e-02    3.612628033543265e-18    8.576619456967268e-03   -2.166052481144755e-05   -1.074088594667075e-02
    0.000000000000000e+00    0.000000000000000e+00   -3.247849012308150e-02    2.978233266372839e-02   -8.064634988976305e-03   -5.392203826949314e-05
    0.000000000000000e+00    3.273853022358256e-02    3.612628033543265e-18    1.667506517718890e-03   -4.211340666509206e-06   -6.481362052298563e-03
    0.000000000000000e+00    0.000000000000000e+00   -3.247849012308150e-02    2.993698456477085e-02   -1.102278035581097e-02   -2.445776008174308e-05
    0.000000000000000e+00    0.000000000000000e+00   -3.247849012308150e-02    3.011312442192871e-02   -3.079021245043479e-02    1.763534781394995e-04
    0.000000000000000e+00    0.000000000000000e+00   -3.247849012308150e-02   -7.781849763155068e-03    2.571784264666928e-02   -2.267257069347019e-04
    0.000000000000000e+00    3.273853022358256e-02    3.612628033543265e-18   -3.001565281422884e-02    7.580548440752661e-05   -3.211195744915061e-02
    3.270349700838643e-02   -2.356171688057635e-18    1.567503306523144e-34   -1.905069978718373e-18    8.472370906246801e-04    2.678956540966513e-03
    0.000000000000000e+00    3.273853022358256e-02    3.612628033543265e-18   -3.255611782446003e-04    8.222150947001903e-07    3.399953134564403e-02
    3.270349700838643e-02   -2.356171688057635e-18    1.567503306523144e-34   -1.905069978718373e-18    5.163955799192968e-03    6.978959862857821e-03
    0.000000000000000e+00    3.273853022358256e-02    3.612628033543265e-18   -4.681079964917854e-03    1.182221611128062e-05    3.401933432788740e-02
    0.000000000000000e+00    0.000000000000000e+00   -3.247849012308150e-02    8.776998689275478e-03    2.825050128906358e-02   -3.282710777485805e-04
    0.000000000000000e+00    3.273853022358256e-02    3.612628033543265e-18   -2.711197362287640e-02    6.847215039587473e-05   -2.886713588013243e-02
    0.000000000000000e+00    3.273853022358256e-02    3.612628033543265e-18   -2.493421422953628e-02    6.297214988757573e-05   -2.598101643130556e-02
    0.000000000000000e+00    0.000000000000000e+00   -3.247849012308150e-02    2.956868457359368e-02   -2.350437462958707e-02    1.045314527184046e-04
    3.270349700838643e-02   -2.356171688057635e-18    1.567503306523144e-34   -1.905069978718373e-18    3.570419679264445e-03   -1.174613744916367e-02
    0.000000000000000e+00    3.273853022358256e-02    3.612628033543265e-18    1.859149876751436e-03   -4.695342055879410e-06   -3.045113146441240e-02
    3.270349700838643e-02   -2.356171688057635e-18    1.567503306523144e-34   -1.905069978718373e-18   -2.152778272511443e-02    3.411182272487248e-02
    0.000000000000000e+00    0.000000000000000e+00   -3.247849012308150e-02    3.446864320860894e-02    1.574177862655365e-03   -1.736601627752213e-04
    0.000000000000000e+00    3.273853022358256e-02    3.612628033543265e-18    1.843949368758865e-02   -4.656952690212830e-05    5.135005280770336e-03
    0.000000000000000e+00    0.000000000000000e+00   -3.247849012308150e-02    3.446864320860894e-02    5.351306732658658e-03   -2.121847396204538e-04
    0.000000000000000e+00    3.273853022358256e-02    3.612628033543265e-18    2.019403476174378e-02   -5.100067610492626e-05   -1.418088292557564e-04
    3.270349700838643e-02   -2.356171688057635e-18    1.567503306523144e-34   -1.905069978718373e-18   -1.410126471250328e-02    2.861974255119321e-02
    0.000000000000000e+00    3.273853022358256e-02    3.612628033543265e-18    3.205048989596435e-02   -8.094453007899756e-05    3.444109182668928e-03
    3.270349700838643e-02   -2.356171688057635e-18    1.567503306523144e-34   -1.905069978718373e-18    8.689248234911927e-03    3.380362611011063e-02
    0.000000000000000e+00    0.000000000000000e+00   -3.247849012308150e-02    3.011312442192871e-02    3.396056817819311e-02   -4.840678392073501e-04
    3.270349700838643e-02   -2.356171688057635e-18    1.567503306523144e-34   -1.905069978718373e-18   -3.447793885084001e-02    9.850499842371815e-03
    0.000000000000000e+00    3.273853022358256e-02    3.612628033543265e-18    3.531712898597452e-02   -8.919453084144605e-05    5.851889847426850e-03
    0.000000000000000e+00    3.273853022358256e-02    3.612628033543265e-18    3.531712898597452e-02   -8.919453084144605e-05   -4.172798020770490e-03
    0.000000000000000e+00    3.273853022358256e-02    3.612628033543265e-18    3.531712898597452e-02   -8.919453084144605e-05   -8.516829430137327e-03
    0.000000000000000e+00    0.000000000000000e+00   -3.247849012308150e-02   -5.819905568322511e-03   -8.036689222027731e-03    1.085806205768612e-04
    3.270349700838643e-02   -2.356171688057635e-18    1.567503306523144e-34   -1.905069978718373e-18   -2.808846674591101e-02    2.753702379766163e-03
    0.000000000000000e+00    0.000000000000000e+00   -3.247849012308150e-02   -1.492114662339488e-03   -7.378831760945810e-03    8.208245372730141e-05
    0.000000000000000e+00    0.000000000000000e+00   -3.247849012308150e-02   -3.521965737827466e-02    1.658281809567404e-02   -8.096982705235312e-06
    3.270349700838643e-02   -2.356171688057635e-18    1.567503306523144e-34   -1.905069978718373e-18    1.016404140273052e-02   -3.571591849876207e-02
    0.000000000000000e+00    3.273853022358256e-02    3.612628033543265e-18   -5.913653612569245e-03    1.493512000200893e-05    9.654575992846965e-03
    0.000000000000000e+00    0.000000000000000e+00   -3.247849012308150e-02   -2.713552800835166e-02    9.888015491808792e-03    2.322233828680094e-05
    3.270349700838643e-02   -2.356171688057635e-18    1.567503306523144e-34   -1.905069978718373e-18    4.912119364908633e-03    3.384215068695586e-02
    0.000000000000000e+00    0.000000000000000e+00   -3.247849012308150e-02    3.446864320860894e-02   -1.704167156786795e-02    1.621096595988434e-05
    3.270349700838643e-02   -2.356171688057635e-18    1.567503306523144e-34   -1.905069978718373e-18    2.916142446111895e-04    2.936957051411206e-02
    0.000000000000000e+00    3.273853022358256e-02    3.612628033543265e-18    2.551721171594401e-02   -6.444452855410036e-05   -3.562246902993559e-02
    3.270349700838643e-02   -2.356171688057635e-18    1.567503306523144e-34   -1.905069978718373e-18   -2.476532175654582e-02    2.871480452877064e-02
    0.000000000000000e+00    0.000000000000000e+00   -3.247849012308150e-02    2.902424472525866e-02   -3.222636868614216e-02    1.959802529723778e-04
    0.000000000000000e+00    0.000000000000000e+00   -3.247849012308150e-02    2.311477143526833e-02   -2.938607034322726e-02    1.940312956007753e-04
    0.000000000000000e+00    0.000000000000000e+00   -3.247849012308150e-02    2.521316578691346e-02   -3.509455615786630e-02    2.426599209864578e-04
    0.000000000000000e+00    3.273853022358256e-02    3.612628033543265e-18    1.789505383925363e-02   -4.519452677505344e-05   -3.558781381100963e-02
    3.270349700838643e-02   -2.356171688057635e-18    1.567503306523144e-34   -1.905069978718373e-18   -1.296159332486975e-02    2.913741710516806e-02
    0.000000000000000e+00    3.273853022358256e-02    3.612628033543265e-18    1.360738751662624e-02   -3.436588931125224e-05   -3.193423540733085e-02
    0.000000000000000e+00    0.000000000000000e+00   -3.247849012308150e-02    2.427320247968319e-02   -2.796490385827328e-02    1.742393911290613e-04
    0.000000000000000e+00    3.273853022358256e-02    3.612628033543265e-18    4.849322418745907e-03   -1.224711777139918e-05   -7.970182866044808e-04
    3.270349700838643e-02   -2.356171688057635e-18    1.567503306523144e-34   -1.905069978718373e-18   -1.291498473359613e-02    3.402397705968700e-02
    0.000000000000000e+00    0.000000000000000e+00   -3.247849012308150e-02    3.446864320860894e-02   -4.921539625839511e-03   -1.074075205797687e-04
    3.270349700838643e-02   -2.356171688057635e-18    1.567503306523144e-34   -1.905069978718373e-18   -7.102325164533303e-03    2.673101348666320e-02
    0.000000000000000e+00    3.273853022358256e-02    3.612628033543265e-18    1.199312202969128e-02   -3.028901055879538e-05   -4.374235187023546e-03
    0.000000000000000e+00    3.273853022358256e-02    3.612628033543265e-18    3.258222015510898e-02   -8.228743173494569e-05    2.950588005349411e-02
    0.000000000000000e+00    0.000000000000000e+00   -3.247849012308150e-02    3.446864320860894e-02   -1.800522485122940e-02    2.603866413670106e-05
    0.000000000000000e+00    0.000000000000000e+00   -3.247849012308150e-02    3.446864320860894e-02   -2.576504062455011e-02    1.051843934334314e-04
    3.270349700838643e-02   -2.356171688057635e-18    1.567503306523144e-34   -1.905069978718373e-18   -2.599936941404710e-02    2.826354291221451e-02
    0.000000000000000e+00    3.273853022358256e-02    3.612628033543265e-18    2.676235139697726e-02   -6.758916836120160e-05   -2.337281172110877e-02
    0.000000000000000e+00    3.273853022358256e-02    3.612628033543265e-18   -2.947121296589381e-02    7.443048428045197e-05   -3.118356894864920e-02
    3.270349700838643e-02   -2.356171688057635e-18    1.567503306523144e-34   -1.905069978718373e-18    2.973325193921600e-02    3.180769314806436e-03
    0.000000000000000e+00    0.000000000000000e+00   -3.247849012308150e-02    3.980011701707994e-03   -3.216311868029635e-02    3.098474008726146e-04
    3.270349700838643e-02   -2.356171688057635e-18    1.567503306523144e-34   -1.905069978718373e-18    2.331353042172058e-02    4.413491828820315e-04
    0.000000000000000e+00    3.273853022358256e-02    3.612628033543265e-18   -2.465150825033193e-02    6.225816695903048e-05   -2.653569465483303e-02
    0.000000000000000e+00    0.000000000000000e+00   -3.247849012308150e-02    4.677720884680542e-03    3.402480609759388e-02   -3.684221792362700e-04
    3.270349700838643e-02   -2.356171688057635e-18    1.567503306523144e-34   -1.905069978718373e-18   -2.888892568566946e-02    8.135531958639279e-03
    0.000000000000000e+00    3.273853022358256e-02    3.612628033543265e-18    2.967787994444079e-02   -7.495242829801958e-05    3.386311645665062e-02
    3.270349700838643e-02   -2.356171688057635e-18    1.567503306523144e-34   -1.905069978718373e-18   -2.185035346400680e-02    6.472752727041405e-03
    0.000000000000000e+00    3.273853022358256e-02    3.612628033543265e-18    2.257604273601725e-02   -5.701651289081776e-05    2.763298752353545e-02
    0.000000000000000e+00    3.273853022358256e-02    3.612628033543265e-18   -2.403688197849690e-02    6.070590879045396e-05    2.724322622171393e-02
    0.000000000000000e+00    3.273853022358256e-02    3.612628033543265e-18   -2.021573554419833e-02    5.105548212018091e-05   -3.541453771637979e-02
    3.270349700838643e-02   -2.356171688057635e-18    1.567503306523144e-34   -1.905069978718373e-18    2.637580405484536e-02    3.362323325027900e-02
    0.000000000000000e+00    0.000000000000000e+00   -3.247849012308150e-02    3.446864320860894e-02   -5.941537746320663e-03   -9.700411700872882e-05
    3.270349700838643e-02   -2.356171688057635e-18    1.567503306523144e-34   -1.905069978718373e-18    2.696529408009135e-02    2.856728928536597e-02
    3.270349700838643e-02   -2.356171688057635e-18    1.567503306523144e-34   -1.905069978718373e-18    3.458956048636309e-02    2.919542617359654e-02
    3.270349700838643e-02   -2.356171688057635e-18    1.567503306523144e-34   -1.905069978718373e-18    3.458956048636309e-02    2.050736335444583e-02
    0.000000000000000e+00    3.273853022358256e-02    3.612628033543265e-18   -3.437117160090906e-02    8.680548542412481e-05   -9.285989566636618e-03
    0.000000000000000e+00    0.000000000000000e+00   -3.247849012308150e-02    2.575760563524849e-02   -4.878900198174227e-03   -6.801206655371817e-05
    0.000000000000000e+00    3.273853022358256e-02    3.612628033543265e-18   -3.168353996892855e-02    8.001778638481935e-05   -7.126193559224074e-03
    0.000000000000000e+00    0.000000000000000e+00   -3.247849012308150e-02    3.011312442192871e-02   -7.048259553271219e-03   -6.580100488767913e-05
    3.270349700838643e-02   -2.356171688057635e-18    1.567503306523144e-34   -1.905069978718373e-18    3.047765217959530e-02    2.923736531123164e-02
    0.000000000000000e+00    0.000000000000000e+00   -3.247849012308150e-02    2.362772312882959e-02   -9.922195456188755e-03   -6.834633409875611e-06
    3.270349700838643e-02   -2.356171688057635e-18    1.567503306523144e-34   -1.905069978718373e-18    2.973325193921600e-02    3.180769314806436e-03
    0.000000000000000e+00    0.000000000000000e+00   -3.247849012308150e-02    3.980011701707994e-03   -3.216311868029635e-02    3.098474008726146e-04
    3.270349700838643e-02   -2.356171688057635e-18    1.567503306523144e-34   -1.905069978718373e-18   -3.143898554944403e-02    5.665556762401990e-03
    0.000000000000000e+00    0.000000000000000e+00   -3.247849012308150e-02    5.845797827555426e-03    3.402185608217934e-02   -3.737330062792914e-04
    0.000000000000000e+00    3.273853022358256e-02    3.612628033543265e-18    2.784434889172132e-02   -7.032178739582494e-05    2.961091457518710e-02
    3.270349700838643e-02   -2.356171688057635e-18    1.567503306523144e-34   -1.905069978718373e-18    1.632059023767031e-02    3.372579074056518e-02
    0.000000000000000e+00    0.000000000000000e+00   -3.247849012308150e-02    3.446864320860894e-02   -1.025825645468865e-02   -5.297602918771903e-05
    3.270349700838643e-02   -2.356171688057635e-18    1.567503306523144e-34   -1.905069978718373e-18    2.215181012313170e-02    2.861638409758321e-02
    3.270349700838643e-02   -2.356171688057635e-18    1.567503306523144e-34   -1.905069978718373e-18    1.624995926632938e-02    2.636894660843997e-02
    0.000000000000000e+00    3.273853022358256e-02    3.612628033543265e-18   -1.679937805136602e-02    4.242736277670733e-05   -1.570710446293324e-03
    3.270349700838643e-02   -2.356171688057635e-18    1.567503306523144e-34   -1.905069978718373e-18   -1.406529738676763e-02    3.403570959774128e-02
    3.270349700838643e-02   -2.356171688057635e-18    1.567503306523144e-34   -1.905069978718373e-18   -7.975640636973149e-03    3.397359854527449e-02
    0.000000000000000e+00    3.273853022358256e-02    3.612628033543265e-18    8.576619456967268e-03   -2.166052481144755e-05   -1.074088594667075e-02
    3.270349700838643e-02   -2.356171688057635e-18    1.567503306523144e-34   -1.905069978718373e-18   -1.251202078196094e-02    2.934591632785543e-02
    0.000000000000000e+00    0.000000000000000e+00   -3.247849012308150e-02   -3.521965737827466e-02    2.168053981415036e-02   -6.009085922840573e-05
    3.270349700838643e-02   -2.356171688057635e-18    1.567503306523144e-34   -1.905069978718373e-18    5.581081776844513e-05   -3.561282026744879e-02
    3.270349700838643e-02   -2.356171688057635e-18    1.567503306523144e-34   -1.905069978718373e-18   -7.309532250698893e-03   -3.553769793649363e-02
    0.000000000000000e+00    0.000000000000000e+00   -3.247849012308150e-02   -3.041562895045682e-02    2.481432417627566e-02   -1.140196278978894e-04
    3.270349700838643e-02   -2.356171688057635e-18    1.567503306523144e-34   -1.905069978718373e-18   -2.969871456644471e-02    2.985113019582048e-02
    0.000000000000000e+00    3.273853022358256e-02    3.612628033543265e-18    3.049494747224954e-02   -7.701595828760658e-05   -1.625210364566572e-02
    0.000000000000000e+00    3.273853022358256e-02    3.612628033543265e-18    2.396166929222920e-02   -6.051595676270960e-05   -1.839441487708828e-02
    3.270349700838643e-02   -2.356171688057635e-18    1.567503306523144e-34   -1.905069978718373e-18   -1.950261118470116e-02    3.409116712128611e-02
    0.000000000000000e+00    0.000000000000000e+00   -3.247849012308150e-02    2.989907188250078e-02   -1.199448140219491e-02   -1.437360736804653e-05
    0.000000000000000e+00    3.273853022358256e-02    3.612628033543265e-18   -8.238058880827719e-03    2.080547932453579e-05    3.403550663565641e-02
    0.000000000000000e+00    0.000000000000000e+00   -3.247849012308150e-02    3.011312442192871e-02    2.964384946961791e-02   -4.400397513842272e-04
    3.270349700838643e-02   -2.356171688057635e-18    1.567503306523144e-34   -1.905069978718373e-18    1.462473645920282e-02    2.939905607977848e-02
    0.000000000000000e+00    0.000000000000000e+00   -3.247849012308150e-02    2.135253469532016e-02    3.398269332576300e-02   -4.442365788467326e-04
    0.000000000000000e+00    0.000000000000000e+00   -3.247849012308150e-02    2.466872593857843e-02    3.397431817946386e-02   -4.593141114030887e-04
    0.000000000000000e+00    0.000000000000000e+00   -3.247849012308150e-02    2.272463704583018e-02    2.629390771494941e-02   -3.720891184036677e-04
    0.000000000000000e+00    0.000000000000000e+00   -3.247849012308150e-02    1.486880866854793e-02    2.881900573146098e-02   -3.619236959676702e-04
    0.000000000000000e+00    3.273853022358256e-02    3.612628033543265e-18   -3.437117160090906e-02    8.680548542412481e-05    2.550459139899685e-02
    0.000000000000000e+00    0.000000000000000e+00   -3.247849012308150e-02    9.552624591051388e-03    2.168742154157998e-02   -2.648778508511036e-04
    0.000000000000000e+00    3.273853022358256e-02    3.612628033543265e-18   -2.966743196466368e-02    7.492604159329030e-05    1.898934768321748e-02
    0.000000000000000e+00    0.000000000000000e+00   -3.247849012308150e-02    1.501121282776512e-02    1.895033185110920e-02   -2.619199363073011e-04
    0.000000000000000e+00    0.000000000000000e+00   -3.247849012308150e-02    3.446864320860894e-02   -3.097290012704669e-02    1.583016130222166e-04
    3.270349700838643e-02   -2.356171688057635e-18    1.567503306523144e-34   -1.905069978718373e-18   -4.506175999004273e-03    2.959418055990112e-02
    3.270349700838643e-02   -2.356171688057635e-18    1.567503306523144e-34   -1.905069978718373e-18   -5.585355676148071e-03    3.394921899143225e-02
    3.270349700838643e-02   -2.356171688057635e-18    1.567503306523144e-34   -1.905069978718373e-18    3.027284177778790e-02    2.145852741321471e-02
    0.000000000000000e+00    3.273853022358256e-02    3.612628033543265e-18   -3.001565281422884e-02    7.580548440752661e-05    3.069762610824386e-02
    0.000000000000000e+00    0.000000000000000e+00   -3.247849012308150e-02    2.231162165414505e-02    3.056498484893934e-02   -4.137632162366341e-04
    3.270349700838643e-02   -2.356171688057635e-18    1.567503306523144e-34   -1.905069978718373e-18    3.458956048636309e-02    1.802859951891183e-02
    0.000000000000000e+00    3.273853022358256e-02    3.612628033543265e-18   -3.437117160090906e-02    8.680548542412481e-05    2.352721086738499e-02
    0.000000000000000e+00    0.000000000000000e+00   -3.247849012308150e-02    1.891676815828115e-02    2.342854827696689e-02   -3.254529723709365e-04
    0.000000000000000e+00    3.273853022358256e-02    3.612628033543265e-18   -3.001565281422884e-02    7.580548440752661e-05    3.413452154687346e-02
    0.000000000000000e+00    0.000000000000000e+00   -3.247849012308150e-02    2.575760563524849e-02    3.397156817920970e-02   -4.642648569639411e-04
    0.000000000000000e+00    0.000000000000000e+00   -3.247849012308150e-02    3.011312442192871e-02    3.018343930818981e-02   -4.455432623621177e-04
    0.000000000000000e+00    3.273853022358256e-02    3.612628033543265e-18   -2.566013402754862e-02    6.480548339092862e-05    3.411471856463007e-02
    0.000000000000000e+00    0.000000000000000e+00   -3.247849012308150e-02    2.231162165414505e-02    3.056498484893934e-02   -4.137632162366341e-04
    0.000000000000000e+00    3.273853022358256e-02    3.612628033543265e-18   -2.239349493753844e-02    5.655548262847969e-05    3.409986632794750e-02
    0.000000000000000e+00    0.000000000000000e+00   -3.247849012308150e-02    2.466872593857843e-02    3.397431817946386e-02   -4.593141114030887e-04
    3.270349700838643e-02   -2.356171688057635e-18    1.567503306523144e-34   -1.905069978718373e-18    2.649571290778460e-02    3.362201024784023e-02
    0.000000000000000e+00    3.273853022358256e-02    3.612628033543265e-18   -3.007578315114403e-02    7.595734548300130e-05    1.476656883620423e-02
    3.270349700838643e-02   -2.356171688057635e-18    1.567503306523144e-34   -1.905069978718373e-18    2.385735839538166e-02    3.364891997071606e-02
    0.000000000000000e+00    3.273853022358256e-02    3.612628033543265e-18   -2.354250497112370e-02    5.945734395810410e-05    1.690888006762678e-02
    0.000000000000000e+00    0.000000000000000e+00   -3.247849012308150e-02    3.446864320860894e-02    8.228039966404355e-03   -2.415257905458826e-04
    0.000000000000000e+00    0.000000000000000e+00   -3.247849012308150e-02    3.446864320860894e-02    1.412673797474293e-02   -3.016891719210230e-04
    0.000000000000000e+00    0.000000000000000e+00   -3.247849012308150e-02    2.695018816030558e-02    9.223428723538363e-03   -2.173008053468708e-04
    3.270349700838643e-02   -2.356171688057635e-18    1.567503306523144e-34   -1.905069978718373e-18    2.245706047507263e-02    2.887070211397862e-02
    0.000000000000000e+00    3.273853022358256e-02    3.612628033543265e-18   -2.212962071560353e-02    5.588905990097037e-05    1.331194648593872e-02
    3.270349700838643e-02   -2.356171688057635e-18    1.567503306523144e-34   -1.905069978718373e-18   -7.640767468705314e-03   -3.553431952472927e-02
    3.270349700838643e-02   -2.356171688057635e-18    1.567503306523144e-34   -1.905069978718373e-18   -1.080636118809690e-02   -3.550203226032798e-02
    0.000000000000000e+00    3.273853022358256e-02    3.612628033543265e-18    1.088867467191571e-02   -2.749969368213202e-05    7.805654991506710e-03
    3.270349700838643e-02   -2.356171688057635e-18    1.567503306523144e-34   -1.905069978718373e-18   -5.060826978967713e-03   -3.037000614609219e-02
    0.000000000000000e+00    0.000000000000000e+00   -3.247849012308150e-02    2.135253469532016e-02    3.398269332576300e-02   -4.442365788467326e-04
    3.270349700838643e-02   -2.356171688057635e-18    1.567503306523144e-34   -1.905069978718373e-18    1.090759721695619e-02    1.767451516738444e-02
    0.000000000000000e+00    3.273853022358256e-02    3.612628033543265e-18   -6.875473569534872e-03    1.736422684842213e-05    2.822888987532362e-02
    0.000000000000000e+00    3.273853022358256e-02    3.612628033543265e-18   -1.140497150391924e-02    2.880361772770791e-05    2.986205669180849e-02
    0.000000000000000e+00    0.000000000000000e+00   -3.247849012308150e-02    1.501596677826028e-02    2.983717848607550e-02   -3.729813476459150e-04
    0.000000000000000e+00    3.273853022358256e-02    3.612628033543265e-18    1.597848620487575e-02   -4.035417434883775e-05    3.392540268804049e-02
    3.270349700838643e-02   -2.356171688057635e-18    1.567503306523144e-34   -1.905069978718373e-18   -2.116494638487219e-02    1.631303801805718e-02
    0.000000000000000e+00    3.273853022358256e-02    3.612628033543265e-18    1.888864907863845e-02   -4.770388310632320e-05    3.391217122089796e-02
    0.000000000000000e+00    0.000000000000000e+00   -3.247849012308150e-02    1.650926958766266e-02    3.399492514560288e-02   -4.222159889642197e-04
    3.270349700838643e-02   -2.356171688057635e-18    1.567503306523144e-34   -1.905069978718373e-18   -1.531156965805557e-02    2.047923921733537e-02
    0.000000000000000e+00    0.000000000000000e+00   -3.247849012308150e-02    3.011312442192871e-02   -3.222911868639630e-02    1.910295074115257e-04
    3.270349700838643e-02   -2.356171688057635e-18    1.567503306523144e-34   -1.905069978718373e-18   -2.368614207940202e-02    3.413383676878406e-02
    3.270349700838643e-02   -2.356171688057635e-18    1.567503306523144e-34   -1.905069978718373e-18   -1.727831203344495e-02    3.406848052876347e-02
    0.000000000000000e+00    3.273853022358256e-02    3.612628033543265e-18    1.796290630330647e-02   -4.536589032785045e-05   -2.905801745032074e-02
    0.000000000000000e+00    0.000000000000000e+00   -3.247849012308150e-02   -3.521965737827466e-02    2.168053981415036e-02   -6.009085922840573e-05
    3.270349700838643e-02   -2.356171688057635e-18    1.567503306523144e-34   -1.905069978718373e-18   -9.622918781785892e-03   -3.551410270311482e-02
    3.270349700838643e-02   -2.356171688057635e-18    1.567503306523144e-34   -1.905069978718373e-18   -1.004656473847583e-02   -3.550978175411482e-02
    0.000000000000000e+00    3.273853022358256e-02    3.612628033543265e-18    1.066615770090371e-02   -2.693772000523569e-05    1.661984249935256e-02
    0.000000000000000e+00    3.273853022358256e-02    3.612628033543265e-18    7.918970451422955e-03   -1.999961136258921e-05    2.070824912474174e-02
    0.000000000000000e+00    0.000000000000000e+00   -3.247849012308150e-02   -3.521965737827466e-02    2.283006626023544e-02   -7.181537841532798e-05
    0.000000000000000e+00    0.000000000000000e+00   -3.247849012308150e-02   -2.999378644697112e-02    2.553868012207987e-02   -1.233364814526856e-04
    0.000000000000000e+00    0.000000000000000e+00   -3.247849012308150e-02    3.446864320860894e-02   -1.781779349540061e-02    2.412697038217344e-05
    3.270349700838643e-02   -2.356171688057635e-18    1.567503306523144e-34   -1.905069978718373e-18    2.302198450930294e-02    2.718914381218967e-02
    0.000000000000000e+00    3.273853022358256e-02    3.612628033543265e-18   -2.269962247162470e-02    5.732861743769158e-05   -1.221418518807199e-02
    0.000000000000000e+00    0.000000000000000e+00   -3.247849012308150e-02    2.853015431311226e-02   -1.650497374100718e-02    3.789010111952317e-05
    0.000000000000000e+00    0.000000000000000e+00   -3.247849012308150e-02   -3.521965737827466e-02    2.056844070683470e-02   -4.874807771529834e-05
    3.270349700838643e-02   -2.356171688057635e-18    1.567503306523144e-34   -1.905069978718373e-18   -1.738569593603003e-02   -3.543492676940863e-02
    0.000000000000000e+00    3.273853022358256e-02    3.612628033543265e-18    1.807125540749230e-02   -4.563952943137952e-05    2.540356164658026e-02
    3.270349700838643e-02   -2.356171688057635e-18    1.567503306523144e-34   -1.905069978718373e-18   -1.857961094849900e-02   -3.542274951196587e-02
    0.000000000000000e+00    3.273853022358256e-02    3.612628033543265e-18    1.927590171816761e-02   -4.868190194566952e-05    2.108947504638073e-02
    0.000000000000000e+00    0.000000000000000e+00   -3.247849012308150e-02   -3.521965737827466e-02    2.138524317943974e-02   -5.707900067457285e-05
    3.270349700838643e-02   -2.356171688057635e-18    1.567503306523144e-34   -1.905069978718373e-18   -1.274756015546562e-02   -3.069087499165577e-02
    0.000000000000000e+00    3.273853022358256e-02    3.612628033543265e-18    1.339143054716688e-02   -3.382048312660728e-05    2.346008099433113e-02
    3.270349700838643e-02   -2.356171688057635e-18    1.567503306523144e-34   -1.905069978718373e-18   -2.369649743242908e-02   -3.537056016568118e-02
    0.000000000000000e+00    3.273853022358256e-02    3.612628033543265e-18    2.269407492991536e-02   -5.731460694492723e-05    7.363515102978991e-03
    3.270349700838643e-02   -2.356171688057635e-18    1.567503306523144e-34   -1.905069978718373e-18   -2.357667508446073e-02   -3.063039672670642e-02
    0.000000000000000e+00    0.000000000000000e+00   -3.247849012308150e-02   -3.046573367687482e-02    1.333544814189561e-02    3.287510169456402e-06
    0.000000000000000e+00    3.273853022358256e-02    3.612628033543265e-18   -1.243272043933736e-02    3.139923030294929e-05    1.446941392001789e-02
    0.000000000000000e+00    0.000000000000000e+00   -3.247849012308150e-02    3.446864320860894e-02    1.448754377263583e-02   -3.053691868650507e-04
    0.000000000000000e+00    3.273853022358256e-02    3.612628033543265e-18   -7.214275252919730e-03    1.821988125934007e-05    1.631829987476042e-02
    3.270349700838643e-02   -2.356171688057635e-18    1.567503306523144e-34   -1.905069978718373e-18    1.047430926192733e-02    2.641641874205545e-02
    0.000000000000000e+00    3.273853022358256e-02    3.612628033543265e-18   -8.219078138334231e-03    2.075754285658553e-05    1.168971054241343e-02
    0.000000000000000e+00    0.000000000000000e+00   -3.247849012308150e-02    2.951620256739023e-02    1.175686253948166e-02   -2.548732419085779e-04
    0.000000000000000e+00    3.273853022358256e-02    3.612628033543265e-18    1.631834212241864e-02   -4.121249126160142e-05   -1.474889102093947e-02
    0.000000000000000e+00    0.000000000000000e+00   -3.247849012308150e-02    3.446864320860894e-02   -1.441715486502020e-02   -1.055761908984083e-05
    0.000000000000000e+00    3.273853022358256e-02    3.612628033543265e-18    1.849610151575875e-02   -4.671249176990064e-05   -2.127483962642421e-02
    3.270349700838643e-02   -2.356171688057635e-18    1.567503306523144e-34   -1.905069978718373e-18   -1.355728671456419e-02    3.403052817638842e-02
    0.000000000000000e+00    0.000000000000000e+00   -3.247849012308150e-02    2.917316111469844e-02   -2.022665869013615e-02    7.290909676554144e-05
    3.270349700838643e-02   -2.356171688057635e-18    1.567503306523144e-34   -1.905069978718373e-18    3.458956048636309e-02   -2.619097429848917e-02
    0.000000000000000e+00    3.273853022358256e-02    3.612628033543265e-18   -3.437117160090906e-02    8.680548542412481e-05   -1.037199741903045e-02
    0.000000000000000e+00    0.000000000000000e+00   -3.247849012308150e-02   -2.541974010824414e-02   -1.014554857174099e-02    2.197080845831307e-04
    0.000000000000000e+00    3.273853022358256e-02    3.612628033543265e-18   -1.704780700807381e-03    4.305477799638377e-06    3.067185606860659e-02
    0.000000000000000e+00    0.000000000000000e+00   -3.247849012308150e-02   -3.086413859159442e-02    3.080158398050957e-02   -1.730355237887921e-04
    0.000000000000000e+00    0.000000000000000e+00   -3.247849012308150e-02   -3.521965737827466e-02    2.725084653059792e-02   -1.169048352760679e-04
    3.270349700838643e-02   -2.356171688057635e-18    1.567503306523144e-34   -1.905069978718373e-18    8.231674052989524e-03   -3.569620944539895e-02
    0.000000000000000e+00    3.273853022358256e-02    3.612628033543265e-18   -8.086541102390394e-03    2.042281636325102e-05    2.576997457469720e-02
    0.000000000000000e+00    3.273853022358256e-02    3.612628033543265e-18    1.652390185179273e-02   -4.173163888622037e-05    4.554084523092732e-03
    0.000000000000000e+00    3.273853022358256e-02    3.612628033543265e-18    1.658533054098292e-02   -4.188677899159792e-05    1.197151075698041e-02
    0.000000000000000e+00    0.000000000000000e+00   -3.247849012308150e-02   -3.521965737827466e-02    1.231245111012636e-02    3.545834377530762e-05
    3.270349700838643e-02   -2.356171688057635e-18    1.567503306523144e-34   -1.905069978718373e-18   -1.909501265191194e-02   -3.541749270627756e-02
    0.000000000000000e+00    3.273853022358256e-02    3.612628033543265e-18   -3.437117160090906e-02    8.680548542412481e-05    5.918120366668593e-03
    3.270349700838643e-02   -2.356171688057635e-18    1.567503306523144e-34   -1.905069978718373e-18    3.458956048636309e-02    8.199274360880686e-03
    3.270349700838643e-02   -2.356171688057635e-18    1.567503306523144e-34   -1.905069978718373e-18    3.002004936505038e-02    1.984465606851739e-03
    3.270349700838643e-02   -2.356171688057635e-18    1.567503306523144e-34   -1.905069978718373e-18   -3.447793885084001e-02    2.664185202158499e-02
    0.000000000000000e+00    3.273853022358256e-02    3.612628033543265e-18    3.531712898597452e-02   -8.919453084144605e-05    2.343249093592534e-03
    3.270349700838643e-02   -2.356171688057635e-18    1.567503306523144e-34   -1.905069978718373e-18   -2.403178961802054e-02   -3.536714037514346e-02
    0.000000000000000e+00    0.000000000000000e+00   -3.247849012308150e-02   -3.521965737827466e-02   -4.466310450440452e-03    2.065922159186035e-04
    0.000000000000000e+00    0.000000000000000e+00   -3.247849012308150e-02   -3.521965737827466e-02    6.836524306252492e-04    1.540655091023919e-04
    3.270349700838643e-02   -2.356171688057635e-18    1.567503306523144e-34   -1.905069978718373e-18   -2.978741456255724e-02   -3.096440484847295e-02
    3.270349700838643e-02   -2.356171688057635e-18    1.567503306523144e-34   -1.905069978718373e-18   -2.043452402777143e-02   -3.540383044832704e-02
    0.000000000000000e+00    0.000000000000000e+00   -3.247849012308150e-02   -3.070375953109209e-02    1.635470630111886e-03    1.237090088240646e-04
    3.270349700838643e-02   -2.356171688057635e-18    1.567503306523144e-34   -1.905069978718373e-18    1.257674775346286e-02    3.376397581511337e-02
    3.270349700838643e-02   -2.356171688057635e-18    1.567503306523144e-34   -1.905069978718373e-18   -1.936942337082683e-02   -3.541469387224468e-02
    3.270349700838643e-02   -2.356171688057635e-18    1.567503306523144e-34   -1.905069978718373e-18   -1.870536079220062e-02   -3.091747945323872e-02
    3.270349700838643e-02   -2.356171688057635e-18    1.567503306523144e-34   -1.905069978718373e-18   -1.438947572972377e-02   -3.093032170945295e-02
    0.000000000000000e+00    0.000000000000000e+00   -3.247849012308150e-02   -3.067249975672635e-02   -8.292942926585089e-03    2.248302760085739e-04
    0.000000000000000e+00    0.000000000000000e+00   -3.247849012308150e-02    1.611502738719915e-02    3.399592081680034e-02   -4.204235110350104e-04
    3.270349700838643e-02   -2.356171688057635e-18    1.567503306523144e-34   -1.905069978718373e-18   -4.314804179338996e-03    2.385038733461649e-02
    0.000000000000000e+00    0.000000000000000e+00   -3.247849012308150e-02    2.435609932863321e-02    3.397510772789555e-02   -4.578927103005395e-04
    3.270349700838643e-02   -2.356171688057635e-18    1.567503306523144e-34   -1.905069978718373e-18   -5.059411432280697e-03    1.879358852792556e-02
    0.000000000000000e+00    0.000000000000000e+00   -3.247849012308150e-02    1.927831364367744e-02    2.937746987071341e-02   -3.877817366311800e-04
    3.270349700838643e-02   -2.356171688057635e-18    1.567503306523144e-34   -1.905069978718373e-18   -9.656806276532648e-03   -1.718737456070069e-02
    0.000000000000000e+00    3.273853022358256e-02    3.612628033543265e-18    1.182131375060132e-02   -2.985510329373436e-05    2.858949398899939e-02
    3.270349700838643e-02   -2.356171688057635e-18    1.567503306523144e-34   -1.905069978718373e-18    1.161371386460319e-02   -3.247268078026386e-02
    0.000000000000000e+00    0.000000000000000e+00   -3.247849012308150e-02   -3.179335083311839e-02   -2.115488041620356e-02    3.611397392740215e-04
    3.270349700838643e-02   -2.356171688057635e-18    1.567503306523144e-34   -1.905069978718373e-18    2.950482400339539e-02   -2.761479273901568e-02
    0.000000000000000e+00    0.000000000000000e+00   -3.247849012308150e-02   -2.689932227804730e-02   -2.258038669579722e-02    3.533016382428395e-04
    0.000000000000000e+00    3.273853022358256e-02    3.612628033543265e-18    1.354904502888130e-02   -3.421854350563477e-05    3.393644848598692e-02
    0.000000000000000e+00    3.273853022358256e-02    3.612628033543265e-18    1.050358339830406e-02   -2.652713344105006e-05    3.395029510806505e-02
    3.270349700838643e-02   -2.356171688057635e-18    1.567503306523144e-34   -1.905069978718373e-18   -1.066875544676316e-02    9.637446943445763e-03
    0.000000000000000e+00    0.000000000000000e+00   -3.247849012308150e-02    1.299202309395325e-02    2.939334609713425e-02   -3.592002274631336e-04
    0.000000000000000e+00    0.000000000000000e+00   -3.247849012308150e-02   -3.216014214366992e-02   -2.871106920047797e-02    4.398857052739106e-04
    3.270349700838643e-02   -2.356171688057635e-18    1.567503306523144e-34   -1.905069978718373e-18   -1.793694305897026e-02    3.046163860021362e-02
    0.000000000000000e+00    0.000000000000000e+00   -3.247849012308150e-02    3.084552790235131e-02    2.964199976136873e-02   -4.433697274050341e-04
    0.000000000000000e+00    0.000000000000000e+00   -3.247849012308150e-02   -3.521965737827466e-02    2.294212427268577e-02   -7.295830672419546e-05
    0.000000000000000e+00    0.000000000000000e+00   -3.247849012308150e-02    3.446864320860894e-02    8.588845764297255e-03   -2.452058054899102e-04
    0.000000000000000e+00    3.273853022358256e-02    3.612628033543265e-18    1.843949368758865e-02   -4.656952690212830e-05    5.135005280770336e-03
    0.000000000000000e+00    0.000000000000000e+00   -3.247849012308150e-02    2.901306963063419e-02    9.362478306449762e-03   -2.281513525470108e-04
    0.000000000000000e+00    0.000000000000000e+00   -3.247849012308150e-02   -3.041562895045682e-02    2.604129220512967e-02   -1.265340074017558e-04
    3.270349700838643e-02   -2.356171688057635e-18    1.567503306523144e-34   -1.905069978718373e-18    5.581081776844513e-05    2.785982769594450e-02
    0.000000000000000e+00    0.000000000000000e+00   -3.247849012308150e-02    2.842083795413012e-02    3.396484210141051e-02   -4.763736194108336e-04
    3.270349700838643e-02   -2.356171688057635e-18    1.567503306523144e-34   -1.905069978718373e-18    3.458956048636309e-02    8.740148859561708e-03
    0.000000000000000e+00    3.273853022358256e-02    3.612628033543265e-18   -2.982551211963094e-02    7.532527804490715e-05    2.616309098533174e-02
    0.000000000000000e+00    3.273853022358256e-02    3.612628033543265e-18    2.639103683695902e-02   -6.665140164781491e-05    1.563014296893638e-02
    0.000000000000000e+00    0.000000000000000e+00   -3.247849012308150e-02   -3.521965737827466e-02    1.599238272491640e-02   -2.074876074577391e-06
    3.270349700838643e-02   -2.356171688057635e-18    1.567503306523144e-34   -1.905069978718373e-18    3.458956048636309e-02    1.494944784317841e-02
    3.270349700838643e-02   -2.356171688057635e-18    1.567503306523144e-34   -1.905069978718373e-18    2.136645958558256e-02    2.222385357980129e-02
    0.000000000000000e+00    0.000000000000000e+00   -3.247849012308150e-02    1.833215802151855e-02    2.982880333977636e-02   -3.880588802022711e-04
    0.000000000000000e+00    3.273853022358256e-02    3.612628033543265e-18    1.927590171816761e-02   -4.868190194566952e-05    2.108947504638073e-02
    3.270349700838643e-02   -2.356171688057635e-18    1.567503306523144e-34   -1.905069978718373e-18   -2.336692201003298e-02   -3.041439511478885e-02
    0.000000000000000e+00    3.273853022358256e-02    3.612628033543265e-18    2.410624269562629e-02   -6.088108148429335e-05    2.201159582583554e-02
    0.000000000000000e+00    0.000000000000000e+00   -3.247849012308150e-02   -2.910716662017225e-02    1.326689345414198e-02   -2.225183424819846e-06
    0.000000000000000e+00    3.273853022358256e-02    3.612628033543265e-18    1.784313057480302e-03   -4.506339292172130e-06    8.059234435524230e-03
    3.270349700838643e-02   -2.356171688057635e-18    1.567503306523144e-34   -1.905069978718373e-18    2.789130265091784e-03    2.743771537129530e-02
    0.000000000000000e+00    0.000000000000000e+00   -3.247849012308150e-02    2.802556142666852e-02    1.719173552035066e-02   -3.034900622889714e-04
    0.000000000000000e+00    3.273853022358256e-02    3.612628033543265e-18   -4.337975295877949e-03    1.095569437343826e-05    2.166430556279104e-02
    3.270349700838643e-02   -2.356171688057635e-18    1.567503306523144e-34   -1.905069978718373e-18   -1.727831203344495e-02    3.406848052876347e-02
    0.000000000000000e+00    3.273853022358256e-02    3.612628033543265e-18    1.796290630330647e-02   -4.536589032785045e-05   -2.905801745032074e-02
    0.000000000000000e+00    0.000000000000000e+00   -3.247849012308150e-02    2.855916991861861e-02   -2.578858539320908e-02    1.324450150361420e-04
    0.000000000000000e+00    3.273853022358256e-02    3.612628033543265e-18    1.372343797317044e-02   -3.465897842473897e-05   -2.476238900759883e-02
    0.000000000000000e+00    0.000000000000000e+00   -3.247849012308150e-02    3.993099329022600e-03    2.237635916836305e-02   -2.464842489774985e-04
    3.270349700838643e-02   -2.356171688057635e-18    1.567503306523144e-34   -1.905069978718373e-18    2.901040551668992e-02    6.704756946864793e-03
    0.000000000000000e+00    0.000000000000000e+00   -3.247849012308150e-02    7.505926062621698e-03    1.483707311563452e-02   -1.856498485360527e-04
    0.000000000000000e+00    3.273853022358256e-02    3.612628033543265e-18   -2.976058822069366e-02    7.516131067631343e-05    1.688916867901659e-02
    3.270349700838643e-02   -2.356171688057635e-18    1.567503306523144e-34   -1.905069978718373e-18   -4.314804179338996e-03    2.385038733461649e-02
    0.000000000000000e+00    3.273853022358256e-02    3.612628033543265e-18    4.882878205188483e-03   -1.233186397571152e-05    3.397585043926349e-02
    0.000000000000000e+00    0.000000000000000e+00   -3.247849012308150e-02    2.435609932863321e-02    3.397510772789555e-02   -4.578927103005395e-04
    0.000000000000000e+00    3.273853022358256e-02    3.612628033543265e-18    1.050358339830406e-02   -2.652713344105006e-05    3.395029510806505e-02
    3.270349700838643e-02   -2.356171688057635e-18    1.567503306523144e-34   -1.905069978718373e-18    1.571848306317463e-02   -3.577257066021718e-02
    0.000000000000000e+00    0.000000000000000e+00   -3.247849012308150e-02   -3.521965737827466e-02    1.580565145867181e-02   -1.703228375994055e-07
    3.270349700838643e-02   -2.356171688057635e-18    1.567503306523144e-34   -1.905069978718373e-18    1.239822474303749e-02   -3.052661784331540e-02
    0.000000000000000e+00    0.000000000000000e+00   -3.247849012308150e-02   -2.999378644697112e-02    2.200262931549645e-02   -8.727076441858527e-05
    0.000000000000000e+00    3.273853022358256e-02    3.612628033543265e-18   -1.694909645418817e-02    4.280548135773221e-05    1.740044367417272e-02
    0.000000000000000e+00    3.273853022358256e-02    3.612628033543265e-18   -1.887179125399309e-02    4.766130813481781e-05    1.358007055515794e-02
    3.270349700838643e-02   -2.356171688057635e-18    1.567503306523144e-34   -1.905069978718373e-18    1.408728104878736e-02    2.312696399240121e-03
    0.000000000000000e+00    3.273853022358256e-02    3.612628033543265e-18   -1.368461097727207e-02    3.456091961354618e-05    1.876627468514681e-02
    0.000000000000000e+00    0.000000000000000e+00   -3.247849012308150e-02    2.949641207407483e-03    1.883133454828540e-02   -2.055558957471786e-04
    0.000000000000000e+00    3.273853022358256e-02    3.612628033543265e-18   -1.266847328070764e-02    3.199463159077533e-05    1.323519449172094e-02
    0.000000000000000e+00    0.000000000000000e+00   -3.247849012308150e-02   -1.735516555695410e-03    1.335145399731744e-02   -1.282417979814473e-04
    3.270349700838643e-02   -2.356171688057635e-18    1.567503306523144e-34   -1.905069978718373e-18    1.335930573384922e-02    8.255152578740177e-03
    0.000000000000000e+00    3.273853022358256e-02    3.612628033543265e-18   -1.295009238236019e-02    3.270586957554635e-05    1.182149404898668e-02
    0.000000000000000e+00    0.000000000000000e+00   -3.247849012308150e-02    8.900367075238853e-03    1.191850843465632e-02   -1.622580832263674e-04
    0.000000000000000e+00    3.273853022358256e-02    3.612628033543265e-18    5.450827446327008e-03   -1.376623782091373e-05   -1.636395220728790e-02
    3.270349700838643e-02   -2.356171688057635e-18    1.567503306523144e-34   -1.905069978718373e-18   -1.621749029732923e-02    5.890648695434085e-03
    0.000000000000000e+00    3.273853022358256e-02    3.612628033543265e-18    5.811328312460096e-03   -1.467669420697616e-05   -1.032256257119321e-02
    0.000000000000000e+00    0.000000000000000e+00   -3.247849012308150e-02    7.621882913840542e-03   -7.000161639783665e-03    3.654738624390582e-05
    0.000000000000000e+00    3.273853022358256e-02    3.612628033543265e-18    1.570953446618163e-02   -3.967492819150304e-05   -1.315204959725445e-02
    0.000000000000000e+00    0.000000000000000e+00   -3.247849012308150e-02    5.720547876988928e-03   -1.276049983469639e-02    1.039932409897084e-04
    0.000000000000000e+00    3.273853022358256e-02    3.612628033543265e-18    1.322118501358304e-02   -3.339052262495085e-05   -1.649302889968767e-02
    0.000000000000000e+00    0.000000000000000e+00   -3.247849012308150e-02   -3.300448267428523e-03   -1.001973771052927e-02    1.172866251948699e-04
    3.270349700838643e-02   -2.356171688057635e-18    1.567503306523144e-34   -1.905069978718373e-18   -1.138970481300519e-02    2.717395057085937e-03
    0.000000000000000e+00    3.273853022358256e-02    3.612628033543265e-18   -2.734530498674721e-02    6.906143616537530e-05    2.524723393722460e-03
    0.000000000000000e+00    0.000000000000000e+00   -3.247849012308150e-02    1.823915058694513e-02    2.591566621822568e-03   -1.098292130893911e-04
    0.000000000000000e+00    3.273853022358256e-02    3.612628033543265e-18   -2.734530498674721e-02    6.906143616537530e-05    5.420744333671044e-03
    0.000000000000000e+00    0.000000000000000e+00   -3.247849012308150e-02    1.606139119360502e-02    5.474879094944555e-03   -1.292797805187834e-04
    3.270349700838643e-02   -2.356171688057635e-18    1.567503306523144e-34   -1.905069978718373e-18    2.472277486656531e-02    2.614146756513502e-02
    3.270349700838643e-02   -2.356171688057635e-18    1.567503306523144e-34   -1.905069978718373e-18    1.975090611094845e-02    2.139967770962247e-02
    3.270349700838643e-02   -2.356171688057635e-18    1.567503306523144e-34   -1.905069978718373e-18    2.242462410022843e-02    1.460192012387229e-02
    3.270349700838643e-02   -2.356171688057635e-18    1.567503306523144e-34   -1.905069978718373e-18    1.718782411235372e-02    1.592158814415647e-02
    0.000000000000000e+00    0.000000000000000e+00   -3.247849012308150e-02    1.662622778031627e-02    8.150988379249225e-03   -1.591572397601924e-04
    3.270349700838643e-02   -2.356171688057635e-18    1.567503306523144e-34   -1.905069978718373e-18    2.296444457590087e-02    1.761336729801603e-02
    3.270349700838643e-02   -2.356171688057635e-18    1.567503306523144e-34   -1.905069978718373e-18    9.186750713928361e-03    8.048675062736132e-03
    0.000000000000000e+00    3.273853022358256e-02    3.612628033543265e-18   -8.740033074668875e-03    2.207323109257890e-05   -1.418270649485713e-02
    0.000000000000000e+00    0.000000000000000e+00   -3.247849012308150e-02    8.650673309551209e-03   -1.390254118328848e-02    1.022437095932838e-04
    0.000000000000000e+00    3.273853022358256e-02    3.612628033543265e-18   -4.758377161000944e-03    1.201743263476219e-05   -8.857840704151222e-03
    0.000000000000000e+00    3.273853022358256e-02    3.612628033543265e-18   -8.661990246523006e-03    2.187613145164325e-05   -1.244949691522142e-02
    3.270349700838643e-02   -2.356171688057635e-18    1.567503306523144e-34   -1.905069978718373e-18    2.607205270063101e-03    1.199811033383704e-02
    0.000000000000000e+00    0.000000000000000e+00   -3.247849012308150e-02    1.254326738621380e-02   -1.358472216504782e-02    8.120363659435357e-05
    3.270349700838643e-02   -2.356171688057635e-18    1.567503306523144e-34   -1.905069978718373e-18    1.311236000510806e-02    1.714290185570064e-02
    0.000000000000000e+00    3.273853022358256e-02    3.612628033543265e-18   -1.270092702472733e-02    3.207659455194997e-05   -1.605388057200247e-02
    0.000000000000000e+00    0.000000000000000e+00   -3.247849012308150e-02    1.901474052886105e-02   -8.025825373539550e-03   -5.084131338670672e-06
    0.000000000000000e+00    3.273853022358256e-02    3.612628033543265e-18   -1.702193063588716e-02    4.298942639665211e-05   -1.130596568099091e-02
    0.000000000000000e+00    0.000000000000000e+00   -3.247849012308150e-02    1.319952017271820e-02   -1.109279393942224e-02    5.278672844361442e-05
    0.000000000000000e+00    3.273853022358256e-02    3.612628033543265e-18    1.867256066937847e-02   -4.715814496628690e-05   -2.137330296914093e-02
    3.270349700838643e-02   -2.356171688057635e-18    1.567503306523144e-34   -1.905069978718373e-18   -1.289434530796404e-02   -2.217106938134283e-02
    0.000000000000000e+00    3.273853022358256e-02    3.612628033543265e-18    1.353953505257340e-02   -3.419452575845502e-05   -2.240681116291924e-02
    0.000000000000000e+00    0.000000000000000e+00   -3.247849012308150e-02   -2.187479461057864e-02   -2.189718419428738e-02    3.233592068480227e-04
    0.000000000000000e+00    3.273853022358256e-02    3.612628033543265e-18    9.481307753441826e-03   -2.394534383492611e-05   -2.200833170097948e-02
    0.000000000000000e+00    0.000000000000000e+00   -3.247849012308150e-02   -1.317470178970897e-02   -2.154151778985919e-02    2.799513025430070e-04
    3.270349700838643e-02   -2.356171688057635e-18    1.567503306523144e-34   -1.905069978718373e-18   -9.078482393904502e-03   -1.633788977452841e-02
    3.270349700838643e-02   -2.356171688057635e-18    1.567503306523144e-34   -1.905069978718373e-18   -1.881461841178036e-02   -1.613388328104123e-02
    3.270349700838643e-02   -2.356171688057635e-18    1.567503306523144e-34   -1.905069978718373e-18   -1.365801088988963e-02   -1.361454848798837e-02
    0.000000000000000e+00    3.273853022358256e-02    3.612628033543265e-18    7.126740987284740e-03   -1.799881069159958e-05   -1.894824561875493e-02
    0.000000000000000e+00    3.273853022358256e-02    3.612628033543265e-18    1.359626459972307e-02   -3.433779803137643e-05   -1.462072380466418e-02
    0.000000000000000e+00    0.000000000000000e+00   -3.247849012308150e-02   -2.222382620547022e-02   -1.415891335206395e-02    2.460291358743450e-04
    3.270349700838643e-02   -2.356171688057635e-18    1.567503306523144e-34   -1.905069978718373e-18    2.811448242350030e-02    1.514336622421133e-02
    3.270349700838643e-02   -2.356171688057635e-18    1.567503306523144e-34   -1.905069978718373e-18    1.677156448613927e-02    8.743010453396939e-03
    3.270349700838643e-02   -2.356171688057635e-18    1.567503306523144e-34   -1.905069978718373e-18    2.333771287331502e-02    1.001616030896203e-02
    0.000000000000000e+00    0.000000000000000e+00   -3.247849012308150e-02    1.076807486015626e-02   -1.978001947735171e-02    1.525090541045283e-04
    3.270349700838643e-02   -2.356171688057635e-18    1.567503306523144e-34   -1.905069978718373e-18    2.298837895706726e-02    1.899667706187972e-02
    0.000000000000000e+00    3.273853022358256e-02    3.612628033543265e-18   -1.889398541740897e-02    4.771736019935822e-05   -2.108241953248216e-02
    0.000000000000000e+00    0.000000000000000e+00   -3.247849012308150e-02    1.398236501516672e-02   -2.463343733619834e-02    1.873141477930738e-04
    0.000000000000000e+00    3.273853022358256e-02    3.612628033543265e-18    6.280693595008356e-03   -1.586209113396820e-05    1.102014125042519e-02
    0.000000000000000e+00    3.273853022358256e-02    3.612628033543265e-18    1.246307555048791e-02   -3.147589310016439e-05    1.555750193961462e-02
    0.000000000000000e+00    0.000000000000000e+00   -3.247849012308150e-02    8.442141900303754e-03    1.574700186565431e-02   -1.992113605317472e-04
    3.270349700838643e-02   -2.356171688057635e-18    1.567503306523144e-34   -1.905069978718373e-18   -1.146568376646350e-02    7.623362733272652e-03
    0.000000000000000e+00    0.000000000000000e+00   -3.247849012308150e-02    8.013036112782888e-03    4.404199315132380e-03   -8.155915037073577e-05
    0.000000000000000e+00    3.273853022358256e-02    3.612628033543265e-18    1.905861404294283e-02   -4.813313502135341e-05    1.137846941986312e-02
    0.000000000000000e+00    0.000000000000000e+00   -3.247849012308150e-02    3.999279274277867e-03    1.163526422680651e-02   -1.369594165747019e-04
    3.270349700838643e-02   -2.356171688057635e-18    1.567503306523144e-34   -1.905069978718373e-18   -1.265908124718117e-02    1.482806106129752e-03
    3.270349700838643e-02   -2.356171688057635e-18    1.567503306523144e-34   -1.905069978718373e-18   -1.649996698610793e-02    9.087457214064716e-03
    0.000000000000000e+00    3.273853022358256e-02    3.612628033543265e-18    1.261804255763473e-02   -3.186726719809451e-05    4.317782692985669e-03
    3.270349700838643e-02   -2.356171688057635e-18    1.567503306523144e-34   -1.905069978718373e-18    5.841105999679512e-03   -1.317082048457415e-02
    0.000000000000000e+00    0.000000000000000e+00   -3.247849012308150e-02   -1.577319425993957e-02   -1.262189892771754e-02    2.008575862406674e-04
    3.270349700838643e-02   -2.356171688057635e-18    1.567503306523144e-34   -1.905069978718373e-18    1.203456189091240e-03   -1.899334020954281e-02
    0.000000000000000e+00    0.000000000000000e+00   -3.247849012308150e-02   -1.341081441992815e-02   -2.174497219655393e-02    2.831060238432234e-04
    0.000000000000000e+00    3.273853022358256e-02    3.612628033543265e-18   -9.950410766521301e-03    2.513007839204688e-05   -1.606298461132429e-02
    3.270349700838643e-02   -2.356171688057635e-18    1.567503306523144e-34   -1.905069978718373e-18    9.603534217815955e-03   -2.189030102250629e-02
    0.000000000000000e+00    3.273853022358256e-02    3.612628033543265e-18   -9.160562764860341e-03    2.313529218017246e-05   -2.148408263665286e-02
    0.000000000000000e+00    3.273853022358256e-02    3.612628033543265e-18   -2.363790424777527e-03    5.969827786094388e-06   -1.893951262162432e-02
    0.000000000000000e+00    0.000000000000000e+00   -3.247849012308150e-02   -2.204221359644704e-02   -1.852311525102153e-02    2.897111197928271e-04
    3.270349700838643e-02   -2.356171688057635e-18    1.567503306523144e-34   -1.905069978718373e-18    8.001449550643044e-03   -1.508638199241143e-02
    0.000000000000000e+00    3.273853022358256e-02    3.612628033543265e-18   -9.527152168195463e-03    2.406112536029581e-05    1.117254050815818e-02
    3.270349700838643e-02   -2.356171688057635e-18    1.567503306523144e-34   -1.905069978718373e-18    2.030137978840410e-02   -1.665678389177203e-02
    0.000000000000000e+00    3.273853022358256e-02    3.612628033543265e-18   -1.995456406662222e-02    5.039588525938242e-05    1.679955925660240e-02
    0.000000000000000e+00    0.000000000000000e+00   -3.247849012308150e-02   -1.600645417309269e-02    1.689653089238025e-02   -9.914713453017668e-05
    0.000000000000000e+00    0.000000000000000e+00   -3.247849012308150e-02   -2.120237725967707e-02    1.148955420644055e-02   -2.024119133730457e-05
    0.000000000000000e+00    0.000000000000000e+00   -3.247849012308150e-02   -1.457945595859855e-02    1.990807293780083e-02   -1.363879663086676e-04
    3.270349700838643e-02   -2.356171688057635e-18    1.567503306523144e-34   -1.905069978718373e-18    1.427715259182946e-02   -1.329004633007753e-02
    3.270349700838643e-02   -2.356171688057635e-18    1.567503306523144e-34   -1.905069978718373e-18    1.405275614942812e-02   -2.192335694519707e-02
    0.000000000000000e+00    3.273853022358256e-02    3.612628033543265e-18   -1.364977575683747e-02    3.447294215805511e-05    2.025451778963661e-02
    0.000000000000000e+00    0.000000000000000e+00   -3.247849012308150e-02   -2.135085513618230e-02    2.037174952276840e-02   -1.101556564648192e-04
    0.000000000000000e+00    0.000000000000000e+00   -3.247849012308150e-02    6.157771095048106e-03   -2.787063797098614e-02    2.561089389105193e-04
    0.000000000000000e+00    3.273853022358256e-02    3.612628033543265e-18    2.481479843168607e-03   -6.267056149774228e-06   -2.323276518374996e-02
    0.000000000000000e+00    0.000000000000000e+00   -3.247849012308150e-02    2.680398703338650e-03   -1.468102886198166e-02    1.374823295910675e-04
    3.270349700838643e-02   -2.356171688057635e-18    1.567503306523144e-34   -1.905069978718373e-18    2.676563756991087e-03    8.207122187357399e-03
    0.000000000000000e+00    3.273853022358256e-02    3.612628033543265e-18   -2.171330430363383e-03    5.483763958133397e-06   -2.344311659483519e-02
    0.000000000000000e+00    3.273853022358256e-02    3.612628033543265e-18    2.127840317768733e-03   -5.373928297632953e-06   -1.825394372599995e-02
    3.270349700838643e-02   -2.356171688057635e-18    1.567503306523144e-34   -1.905069978718373e-18   -3.548898858587354e-03    2.436773712660279e-03
    0.000000000000000e+00    0.000000000000000e+00   -3.247849012308150e-02    2.893691904408845e-03   -2.285005030517378e-02    2.198264632075758e-04
    0.000000000000000e+00    0.000000000000000e+00   -3.247849012308150e-02   -1.670870253488369e-02   -1.988016566806837e-02    2.791653176983397e-04
    0.000000000000000e+00    0.000000000000000e+00   -3.247849012308150e-02   -1.344206344487352e-02   -2.852185308598121e-02    3.523692566620299e-04
    0.000000000000000e+00    0.000000000000000e+00   -3.247849012308150e-02   -1.344206344487352e-02   -2.096759534597462e-02    2.753201029715641e-04
    0.000000000000000e+00    3.273853022358256e-02    3.612628033543265e-18   -1.814772633275229e-02    4.583265918165778e-05   -2.401504499474987e-02
    0.000000000000000e+00    0.000000000000000e+00   -3.247849012308150e-02   -1.444990341263149e-02   -1.763299957743314e-02    2.459173612287553e-04
    3.270349700838643e-02   -2.356171688057635e-18    1.567503306523144e-34   -1.905069978718373e-18    1.746442172793226e-02   -2.065003572206727e-02
    0.000000000000000e+00    0.000000000000000e+00   -3.247849012308150e-02   -2.003927766081059e-02   -2.300232822495331e-02    3.262383320017438e-04
    3.270349700838643e-02   -2.356171688057635e-18    1.567503306523144e-34   -1.905069978718373e-18    2.403850924734402e-02   -1.282580308634789e-02
    3.270349700838643e-02   -2.356171688057635e-18    1.567503306523144e-34   -1.905069978718373e-18   -1.448519192427352e-02   -1.818844754452030e-02
    0.000000000000000e+00    0.000000000000000e+00   -3.247849012308150e-02   -1.652518988967643e-02    7.869513070117530e-03   -4.704794074574026e-06
    0.000000000000000e+00    0.000000000000000e+00   -3.247849012308150e-02   -9.858283013452396e-03    3.138161693882535e-03    1.306854434907880e-05
    0.000000000000000e+00    0.000000000000000e+00   -3.247849012308150e-02   -1.951462324926035e-02    3.114729259800786e-03    5.746019628449825e-05
    3.270349700838643e-02   -2.356171688057635e-18    1.567503306523144e-34   -1.905069978718373e-18   -1.443041872645892e-02   -1.553274430428971e-02
    0.000000000000000e+00    3.273853022358256e-02    3.612628033543265e-18    1.508941520081749e-02   -3.810879729332431e-05    3.868693630245344e-03
    3.270349700838643e-02   -2.356171688057635e-18    1.567503306523144e-34   -1.905069978718373e-18   -7.607792777627226e-03   -2.041307748392410e-02
    3.270349700838643e-02   -2.356171688057635e-18    1.567503306523144e-34   -1.905069978718373e-18   -8.098557836735364e-03   -1.484332416114690e-02
    0.000000000000000e+00    3.273853022358256e-02    3.612628033543265e-18    9.761368849786465e-03   -2.465264702781397e-05    1.172493955624630e-02
    0.000000000000000e+00    0.000000000000000e+00   -3.247849012308150e-02   -1.709679243125948e-02    1.199082929910050e-02   -4.412629147777402e-05
    0.000000000000000e+00    0.000000000000000e+00   -3.247849012308150e-02   -8.632220510976762e-03   -2.200170975227629e-02    2.638749567086983e-04
    0.000000000000000e+00    3.273853022358256e-02    3.612628033543265e-18   -1.644887573994430e-02    4.154215805809857e-05   -2.366365758260151e-02
    3.270349700838643e-02   -2.356171688057635e-18    1.567503306523144e-34   -1.905069978718373e-18    1.856599437370735e-02   -5.760675091629817e-03
    0.000000000000000e+00    0.000000000000000e+00   -3.247849012308150e-02   -7.462301085533988e-03   -1.759343430709896e-02    2.135637018890382e-04
    3.270349700838643e-02   -2.356171688057635e-18    1.567503306523144e-34   -1.905069978718373e-18    2.197255730337715e-02    4.550263497786352e-04
    3.270349700838643e-02   -2.356171688057635e-18    1.567503306523144e-34   -1.905069978718373e-18    2.328422591194315e-02   -5.893301216369446e-03
    0.000000000000000e+00    3.273853022358256e-02    3.612628033543265e-18   -2.296422098567099e-02    5.799686938792992e-05   -1.830090197341041e-02
    0.000000000000000e+00    0.000000000000000e+00   -3.247849012308150e-02    1.775113727754440e-02   -1.565047637930138e-02    7.846069388985098e-05
    3.270349700838643e-02   -2.356171688057635e-18    1.567503306523144e-34   -1.905069978718373e-18   -2.654279416612165e-02    1.748955832855034e-02
    3.270349700838643e-02   -2.356171688057635e-18    1.567503306523144e-34   -1.905069978718373e-18   -1.209669717990844e-02    1.879660139903098e-02
    3.270349700838643e-02   -2.356171688057635e-18    1.567503306523144e-34   -1.905069978718373e-18   -2.168286032740442e-02    2.157053317192699e-02
    0.000000000000000e+00    3.273853022358256e-02    3.612628033543265e-18    1.200999683634154e-02   -3.033162841889420e-05   -1.465999161636746e-02
    3.270349700838643e-02   -2.356171688057635e-18    1.567503306523144e-34   -1.905069978718373e-18   -1.481015863889153e-02    1.448611100238523e-02
    0.000000000000000e+00    3.273853022358256e-02    3.612628033543265e-18    1.547256833965114e-02   -3.907646271347422e-05   -8.435362833986106e-03
    0.000000000000000e+00    0.000000000000000e+00   -3.247849012308150e-02    1.485973030951724e-02   -8.097620730381928e-03    1.464651123562901e-05
    0.000000000000000e+00    0.000000000000000e+00   -3.247849012308150e-02    2.116669275699435e-02   -1.716526149787534e-02    7.829335743529153e-05
    0.000000000000000e+00    3.273853022358256e-02    3.612628033543265e-18    1.968074277115128e-02   -4.970434088176125e-05   -1.425611310992662e-02
    0.000000000000000e+00    0.000000000000000e+00   -3.247849012308150e-02    1.295839527280500e-02   -1.385795892529501e-02    8.209236598079793e-05
    0.000000000000000e+00    3.273853022358256e-02    3.612628033543265e-18   -1.001653566875272e-02    2.529707893260030e-05   -4.961763299575695e-03
    3.270349700838643e-02   -2.356171688057635e-18    1.567503306523144e-34   -1.905069978718373e-18    1.277673063474753e-02   -1.167537998124026e-02
    0.000000000000000e+00    0.000000000000000e+00   -3.247849012308150e-02   -1.108882752803976e-02    3.868862612172053e-04    4.675653898836197e-05
    0.000000000000000e+00    3.273853022358256e-02    3.612628033543265e-18   -2.078294616322024e-02    5.248799055177049e-05    1.497585094670786e-03
    0.000000000000000e+00    0.000000000000000e+00   -3.247849012308150e-02   -1.934417827960723e-02    1.695453348828936e-03    7.115666469651977e-05
    0.000000000000000e+00    0.000000000000000e+00   -3.247849012308150e-02   -2.105505704870561e-02   -6.196552023044346e-03    1.594734759283315e-04
    3.270349700838643e-02   -2.356171688057635e-18    1.567503306523144e-34   -1.905069978718373e-18    1.991044747458108e-02   -2.100281935671435e-02
    3.270349700838643e-02   -2.356171688057635e-18    1.567503306523144e-34   -1.905069978718373e-18    2.254370634366614e-02   -2.511382955851094e-02
    0.000000000000000e+00    3.273853022358256e-02    3.612628033543265e-18   -2.221704538557278e-02    5.610985368137592e-05   -9.217791723582437e-03
    3.270349700838643e-02   -2.356171688057635e-18    1.567503306523144e-34   -1.905069978718373e-18    1.090759721695619e-02    1.767451516738444e-02
    3.270349700838643e-02   -2.356171688057635e-18    1.567503306523144e-34   -1.905069978718373e-18    8.920055922502562e-03    2.643227124650324e-02
    3.270349700838643e-02   -2.356171688057635e-18    1.567503306523144e-34   -1.905069978718373e-18    1.527929448519514e-02    2.157491050907227e-02
    0.000000000000000e+00    0.000000000000000e+00   -3.247849012308150e-02    2.212771519129170e-02    1.434240900910404e-02   -2.474612296848136e-04
    0.000000000000000e+00    0.000000000000000e+00   -3.247849012308150e-02    1.525360754329110e-02    2.054882408496850e-02   -2.793319781463457e-04
    0.000000000000000e+00    3.273853022358256e-02    3.612628033543265e-18   -1.222445490489431e-02    3.087324908169907e-05    2.213183578228733e-02
    0.000000000000000e+00    0.000000000000000e+00   -3.247849012308150e-02    1.638806912877029e-02    2.214839287595259e-02   -3.008338872098946e-04
    3.270349700838643e-02   -2.356171688057635e-18    1.567503306523144e-34   -1.905069978718373e-18    1.271621248729109e-02    1.609682094359923e-02
    0.000000000000000e+00    0.000000000000000e+00   -3.247849012308150e-02    1.851152241836714e-02    1.643623383561424e-02   -2.522823764998894e-04
    3.270349700838643e-02   -2.356171688057635e-18    1.567503306523144e-34   -1.905069978718373e-18   -7.119479647897956e-03   -2.485898284859119e-03
    3.270349700838643e-02   -2.356171688057635e-18    1.567503306523144e-34   -1.905069978718373e-18    1.207327999833385e-03   -1.366533958604744e-02
    3.270349700838643e-02   -2.356171688057635e-18    1.567503306523144e-34   -1.905069978718373e-18   -1.261187676546339e-03   -2.545649547524390e-03
    0.000000000000000e+00    3.273853022358256e-02    3.612628033543265e-18   -6.116775439833739e-04    1.544811062742994e-06   -1.917137909829390e-02
    0.000000000000000e+00    0.000000000000000e+00   -3.247849012308150e-02   -7.593821673570762e-03   -1.878209761892194e-02    2.262887597523288e-04
    0.000000000000000e+00    0.000000000000000e+00   -3.247849012308150e-02   -1.347916498459385e-02   -1.948978938752696e-02    2.604169616417353e-04
    3.270349700838643e-02   -2.356171688057635e-18    1.567503306523144e-34   -1.905069978718373e-18   -1.618477108531635e-03   -3.838190757921198e-03
    0.000000000000000e+00    0.000000000000000e+00   -3.247849012308150e-02   -1.089452970470306e-02   -9.916755854380285e-03    1.509594498694642e-04
    0.000000000000000e+00    0.000000000000000e+00   -3.247849012308150e-02   -8.210818917006271e-03   -1.754648721692177e-02    2.165073914024711e-04
    0.000000000000000e+00    3.273853022358256e-02    3.612628033543265e-18    9.904855064821928e-03   -2.501502602066416e-05   -1.188986434365403e-02
    0.000000000000000e+00    0.000000000000000e+00   -3.247849012308150e-02    3.536534259916445e-04    2.829199448515602e-02   -2.901793772551435e-04
    0.000000000000000e+00    3.273853022358256e-02    3.612628033543265e-18    2.761303012504915e-03   -6.973758450446113e-06    1.658472105137661e-02
    0.000000000000000e+00    0.000000000000000e+00   -3.247849012308150e-02    1.195420111265794e-03    2.198503762783845e-02   -2.297008810348864e-04
    0.000000000000000e+00    3.273853022358256e-02    3.612628033543265e-18    7.111277312675614e-04   -1.795975669027779e-06    2.241432245037879e-02
    3.270349700838643e-02   -2.356171688057635e-18    1.567503306523144e-34   -1.905069978718373e-18   -4.561183193362578e-03    7.587460572911659e-03
    0.000000000000000e+00    3.273853022358256e-02    3.612628033543265e-18    9.782765779043624e-03   -2.470668565216810e-05    2.351106990921543e-02
    0.000000000000000e+00    0.000000000000000e+00   -3.247849012308150e-02    1.219552640127949e-03    2.365669359455573e-02   -2.468611694238619e-04
    3.270349700838643e-02   -2.356171688057635e-18    1.567503306523144e-34   -1.905069978718373e-18   -2.232154534565209e-02    1.639393056038858e-04
    0.000000000000000e+00    3.273853022358256e-02    3.612628033543265e-18    1.758132361611122e-02   -4.440219113318725e-05    2.299326809141424e-02
    0.000000000000000e+00    0.000000000000000e+00   -3.247849012308150e-02    2.035446398133555e-03    2.317532115492399e-02   -2.456820359479060e-04
    0.000000000000000e+00    0.000000000000000e+00   -3.247849012308150e-02    2.362711644757246e-02    1.818350881554520e-02   -2.934941368460061e-04
    3.270349700838643e-02   -2.356171688057635e-18    1.567503306523144e-34   -1.905069978718373e-18    2.425887980806041e-02    1.907835755146377e-02
    0.000000000000000e+00    0.000000000000000e+00   -3.247849012308150e-02   -1.997534162489387e-02    2.873441068005647e-02   -2.017394660915864e-04
    3.270349700838643e-02   -2.356171688057635e-18    1.567503306523144e-34   -1.905069978718373e-18    2.158280128435142e-02   -1.860134544266714e-02
    0.000000000000000e+00    3.273853022358256e-02    3.612628033543265e-18   -2.220859118353435e-02    5.608850232564277e-05    1.576243431890543e-02
    0.000000000000000e+00    3.273853022358256e-02    3.612628033543265e-18   -1.722884727104015e-02    4.351200092990726e-05    2.366367573214164e-02
    3.270349700838643e-02   -2.356171688057635e-18    1.567503306523144e-34   -1.905069978718373e-18   -2.808846674591101e-02    3.839710232160000e-03
    0.000000000000000e+00    3.273853022358256e-02    3.612628033543265e-18    2.887022621820695e-02   -7.291267316326959e-05   -3.057478413040984e-03
    3.270349700838643e-02   -2.356171688057635e-18    1.567503306523144e-34   -1.905069978718373e-18   -2.808846674591101e-02    3.839710232160000e-03
    0.000000000000000e+00    0.000000000000000e+00   -3.247849012308150e-02    4.049386784046592e-03   -9.140794110432508e-03    7.471550886014665e-05
    0.000000000000000e+00    3.273853022358256e-02    3.612628033543265e-18    2.245816956733666e-02   -5.671882045994556e-05   -3.410126595609268e-03
    0.000000000000000e+00    0.000000000000000e+00   -3.247849012308150e-02    4.021658903349390e-03   -6.313577294253595e-03    4.600628034454739e-05
    3.270349700838643e-02   -2.356171688057635e-18    1.567503306523144e-34   -1.905069978718373e-18   -2.035292655549152e-02    5.443790122824398e-03
    0.000000000000000e+00    3.273853022358256e-02    3.612628033543265e-18    2.106515646521100e-02   -5.320072163177000e-05   -1.067002072873506e-03
    0.000000000000000e+00    3.273853022358256e-02    3.612628033543265e-18    2.085032006271858e-02   -5.265814547458611e-05   -2.986065944262153e-02
    0.000000000000000e+00    0.000000000000000e+00   -3.247849012308150e-02   -1.561982283821364e-02   -2.928693368540256e-02    3.701302338005323e-04
    3.270349700838643e-02   -2.356171688057635e-18    1.567503306523144e-34   -1.905069978718373e-18   -2.227786669025080e-02   -1.941950625110024e-02
    0.000000000000000e+00    3.273853022358256e-02    3.612628033543265e-18    2.464604712211533e-02   -6.224437470628658e-05   -1.856824001222381e-02
    0.000000000000000e+00    0.000000000000000e+00   -3.247849012308150e-02   -1.344206344487352e-02   -1.805386500893360e-02    2.456017025306691e-04
    0.000000000000000e+00    3.273853022358256e-02    3.612628033543265e-18    2.476776082767580e-02   -6.255176653501507e-05   -2.509751661011217e-02
    0.000000000000000e+00    0.000000000000000e+00   -3.247849012308150e-02   -5.663162907458034e-03   -2.456118532729968e-02    2.764044387632467e-04
    0.000000000000000e+00    3.273853022358256e-02    3.612628033543265e-18    2.019403476174378e-02   -5.100067610492626e-05   -1.418088292557564e-04
    3.270349700838643e-02   -2.356171688057635e-18    1.567503306523144e-34   -1.905069978718373e-18   -2.173353033973545e-02    1.510797699156687e-02
    0.000000000000000e+00    3.273853022358256e-02    3.612628033543265e-18    2.245816956733666e-02   -5.671882045994556e-05   -3.410126595609268e-03
    0.000000000000000e+00    3.273853022358256e-02    3.612628033543265e-18    1.808433034944555e-02   -4.567255061251143e-05    5.229947011442112e-03
    0.000000000000000e+00    0.000000000000000e+00   -3.247849012308150e-02    2.128665272650459e-02    5.477338414011118e-03   -1.531968523277266e-04
    0.000000000000000e+00    3.273853022358256e-02    3.612628033543265e-18    2.400145582391064e-02   -6.061643891199565e-05   -6.068045234038107e-03
    0.000000000000000e+00    3.273853022358256e-02    3.612628033543265e-18    1.862679679932871e-02   -4.704256685912583e-05   -4.765427617581842e-03
    0.000000000000000e+00    0.000000000000000e+00   -3.247849012308150e-02    2.372331029048919e-02   -4.458894172211347e-03   -6.299427738530010e-05
    3.270349700838643e-02   -2.356171688057635e-18    1.567503306523144e-34   -1.905069978718373e-18   -1.696490418477142e-02   -2.809410693458878e-02
    0.000000000000000e+00    3.273853022358256e-02    3.612628033543265e-18    1.764668144249289e-02   -4.456725439932209e-05    1.742335723270708e-02
    0.000000000000000e+00    0.000000000000000e+00   -3.247849012308150e-02   -2.785512225785790e-02    1.771621547300351e-02   -5.333059816386446e-05
    3.270349700838643e-02   -2.356171688057635e-18    1.567503306523144e-34   -1.905069978718373e-18   -1.448519192427352e-02   -1.818844754452030e-02
    0.000000000000000e+00    3.273853022358256e-02    3.612628033543265e-18    1.996370890026613e-02   -5.041898082716691e-05    1.652325994532186e-02
    0.000000000000000e+00    3.273853022358256e-02    3.612628033543265e-18    1.334397939443655e-02   -3.370064373345157e-05    1.792993819437728e-02
    0.000000000000000e+00    3.273853022358256e-02    3.612628033543265e-18    2.216862652122796e-02   -5.598757030180513e-05    1.657618304393434e-02
    3.270349700838643e-02   -2.356171688057635e-18    1.567503306523144e-34   -1.905069978718373e-18   -2.198109737552703e-02   -1.751955089435667e-02
    0.000000000000000e+00    0.000000000000000e+00   -3.247849012308150e-02   -1.730390043745472e-02    2.027705324475862e-02   -1.276941054776212e-04
    0.000000000000000e+00    0.000000000000000e+00   -3.247849012308150e-02    1.384413965635605e-02   -2.887351631994962e-02    2.311925754883088e-04
    0.000000000000000e+00    0.000000000000000e+00   -3.247849012308150e-02    9.488620869675826e-03   -2.886251631893302e-02    2.509955577317180e-04
    0.000000000000000e+00    0.000000000000000e+00   -3.247849012308150e-02    1.581142186574231e-02   -2.214890995116477e-02    1.536101942061728e-04
    0.000000000000000e+00    3.273853022358256e-02    3.612628033543265e-18    9.539765828292763e-03   -2.409298155945081e-05   -2.529382674172223e-02
    0.000000000000000e+00    0.000000000000000e+00   -3.247849012308150e-02    1.135086192867526e-02   -1.888936482626557e-02    1.407601448705576e-04
    3.270349700838643e-02   -2.356171688057635e-18    1.567503306523144e-34   -1.905069978718373e-18   -1.048637050639209e-02    5.829596887730850e-03
    3.270349700838643e-02   -2.356171688057635e-18    1.567503306523144e-34   -1.905069978718373e-18   -1.863130709045161e-02    1.061571681958467e-02
    3.270349700838643e-02   -2.356171688057635e-18    1.567503306523144e-34   -1.905069978718373e-18   -1.300936195728605e-02    1.686137898177649e-02
    0.000000000000000e+00    3.273853022358256e-02    3.612628033543265e-18    1.365558550911759e-02   -3.448761487194196e-05   -2.216465739525853e-02
    0.000000000000000e+00    0.000000000000000e+00   -3.247849012308150e-02    6.378724440530135e-03   -2.410376795778070e-02    2.166787094240261e-04
    0.000000000000000e+00    3.273853022358256e-02    3.612628033543265e-18   -3.312867576321149e-03    8.366752272733319e-06   -1.243810535169289e-02
    3.270349700838643e-02   -2.356171688057635e-18    1.567503306523144e-34   -1.905069978718373e-18    8.441709796518445e-03   -5.566226186124315e-03
    0.000000000000000e+00    0.000000000000000e+00   -3.247849012308150e-02   -5.759515666878537e-03   -1.762693132789042e-02    2.061195357417069e-04
    3.270349700838643e-02   -2.356171688057635e-18    1.567503306523144e-34   -1.905069978718373e-18    1.298694984780034e-02   -8.719058297568949e-03
    0.000000000000000e+00    3.273853022358256e-02    3.612628033543265e-18   -1.257438963995189e-02    3.175702036817530e-05   -1.188751196099861e-02
    3.270349700838643e-02   -2.356171688057635e-18    1.567503306523144e-34   -1.905069978718373e-18    1.006435604196359e-02    6.500493430573348e-05
    0.000000000000000e+00    3.273853022358256e-02    3.612628033543265e-18   -9.625526606122483e-03    2.430957312741715e-05   -1.314484386955335e-02
    3.270349700838643e-02   -2.356171688057635e-18    1.567503306523144e-34   -1.905069978718373e-18    6.967058089298616e-03   -4.700892473127822e-03
    0.000000000000000e+00    0.000000000000000e+00   -3.247849012308150e-02   -4.155308719556561e-03   -6.455317514041561e-03    8.484032074888478e-05
    0.000000000000000e+00    0.000000000000000e+00   -3.247849012308150e-02   -4.573776008186179e-03   -6.457520103331429e-03    8.677618592889639e-05
    0.000000000000000e+00    3.273853022358256e-02    3.612628033543265e-18   -6.077709321412861e-04    1.534944790471380e-06   -2.445963945485817e-02
    0.000000000000000e+00    0.000000000000000e+00   -3.247849012308150e-02   -1.535298134901609e-03   -2.401669358704180e-02    2.519766804488690e-04
    0.000000000000000e+00    3.273853022358256e-02    3.612628033543265e-18   -4.864382998867077e-03    1.228515374478413e-05   -2.562723393396359e-02
    3.270349700838643e-02   -2.356171688057635e-18    1.567503306523144e-34   -1.905069978718373e-18    4.571942453249984e-04   -8.009113608322467e-03
    0.000000000000000e+00    0.000000000000000e+00   -3.247849012308150e-02   -7.538850637653062e-03   -2.413132227501589e-02    2.805964743146281e-04
    0.000000000000000e+00    3.273853022358256e-02    3.612628033543265e-18   -1.013897143918648e-02    2.560629435909745e-05   -2.468191715556740e-02
    3.270349700838643e-02   -2.356171688057635e-18    1.567503306523144e-34   -1.905069978718373e-18    1.975090611094845e-02    2.139967770962247e-02
    3.270349700838643e-02   -2.356171688057635e-18    1.567503306523144e-34   -1.905069978718373e-18    1.527929448519514e-02    2.157491050907227e-02
    0.000000000000000e+00    3.273853022358256e-02    3.612628033543265e-18   -1.488733861989926e-02    3.759844647074837e-05    1.622523490117127e-02
    3.270349700838643e-02   -2.356171688057635e-18    1.567503306523144e-34   -1.905069978718373e-18    1.677609847393389e-02    2.476342297456370e-02
    3.270349700838643e-02   -2.356171688057635e-18    1.567503306523144e-34   -1.905069978718373e-18    8.064547590906405e-03   -8.668211436049797e-03
    3.270349700838643e-02   -2.356171688057635e-18    1.567503306523144e-34   -1.905069978718373e-18    7.357466741629762e-03   -1.901556176509071e-02
    0.000000000000000e+00    0.000000000000000e+00   -3.247849012308150e-02   -1.850383931318176e-02   -7.904413119170244e-03    1.652275034583340e-04
    3.270349700838643e-02   -2.356171688057635e-18    1.567503306523144e-34   -1.905069978718373e-18   -1.261806167412237e-04   -1.391404328954973e-02
    0.000000000000000e+00    0.000000000000000e+00   -3.247849012308150e-02   -1.134321349620694e-02   -2.963950561722430e-04    5.488877624288301e-05
    3.270349700838643e-02   -2.356171688057635e-18    1.567503306523144e-34   -1.905069978718373e-18   -1.031581020277878e-03    1.836310631094772e-02
    3.270349700838643e-02   -2.356171688057635e-18    1.567503306523144e-34   -1.905069978718373e-18    4.677067700499723e-03    1.252222305729938e-02
    0.000000000000000e+00    3.273853022358256e-02    3.612628033543265e-18   -4.189815556918150e-03    1.058151224749673e-05    5.195154251473579e-03
    0.000000000000000e+00    3.273853022358256e-02    3.612628033543265e-18   -5.340305677322425e-03    1.348711158338677e-05    6.652056973154680e-03
    0.000000000000000e+00    3.273853022358256e-02    3.612628033543265e-18    8.608254032140529e-04   -2.174041893568267e-06    6.382025895379449e-03
    0.000000000000000e+00    0.000000000000000e+00   -3.247849012308150e-02    1.151863006895791e-02    2.849702194738433e-03   -8.173313885218504e-05
    3.270349700838643e-02   -2.356171688057635e-18    1.567503306523144e-34   -1.905069978718373e-18    5.844326062173476e-04    2.103269229272722e-02
    0.000000000000000e+00    3.273853022358256e-02    3.612628033543265e-18   -2.648104731908521e-03    6.687872597894738e-06   -4.322968406749244e-04
    0.000000000000000e+00    3.273853022358256e-02    3.612628033543265e-18    2.718596111052071e-03   -6.865900814557966e-06    2.002468523575144e-02
    3.270349700838643e-02   -2.356171688057635e-18    1.567503306523144e-34   -1.905069978718373e-18    5.606912514447284e-04   -5.943966539400311e-03
    3.270349700838643e-02   -2.356171688057635e-18    1.567503306523144e-34   -1.905069978718373e-18   -4.370018061642444e-03   -8.707959442220818e-03
    0.000000000000000e+00    3.273853022358256e-02    3.612628033543265e-18    4.938588367905477e-03   -1.247256176087454e-05    1.699702765451920e-02
    0.000000000000000e+00    0.000000000000000e+00   -3.247849012308150e-02   -8.288909533207383e-03    1.718573544990163e-02   -1.373845618724548e-04
    3.270349700838643e-02   -2.356171688057635e-18    1.567503306523144e-34   -1.905069978718373e-18   -3.381079027878388e-03   -1.544630672223388e-02
    0.000000000000000e+00    3.273853022358256e-02    3.612628033543265e-18   -6.411257782700836e-03    1.619183513639189e-05    1.547562251787946e-02
    0.000000000000000e+00    0.000000000000000e+00   -3.247849012308150e-02   -9.316308597118650e-03    1.562521151065704e-02   -1.167704209206148e-04
    0.000000000000000e+00    0.000000000000000e+00   -3.247849012308150e-02   -1.468764448909282e-02    2.111389729694714e-02   -1.481920110628387e-04
    0.000000000000000e+00    0.000000000000000e+00   -3.247849012308150e-02   -2.902180501240994e-02   -9.639015759976093e-03    2.310118197328421e-04
    3.270349700838643e-02   -2.356171688057635e-18    1.567503306523144e-34   -1.905069978718373e-18   -1.196873198764399e-03   -2.941853763702014e-02
    0.000000000000000e+00    3.273853022358256e-02    3.612628033543265e-18    1.736922242274390e-03   -4.386652283350740e-06   -1.142231409783683e-02
    3.270349700838643e-02   -2.356171688057635e-18    1.567503306523144e-34   -1.905069978718373e-18   -8.170489715146554e-03   -2.092101993134151e-02
    0.000000000000000e+00    0.000000000000000e+00   -3.247849012308150e-02   -1.805132547706852e-02   -8.637686408847461e-03    1.706374015596861e-04
    0.000000000000000e+00    3.273853022358256e-02    3.612628033543265e-18    4.923058766368451e-03   -1.243334125901008e-05   -8.283531797508931e-03
    0.000000000000000e+00    0.000000000000000e+00   -3.247849012308150e-02   -2.411642006860040e-02   -5.982812124970557e-03    1.712912275594186e-04
    3.270349700838643e-02   -2.356171688057635e-18    1.567503306523144e-34   -1.905069978718373e-18   -8.226713900944784e-03   -2.481167242925304e-02
    3.270349700838643e-02   -2.356171688057635e-18    1.567503306523144e-34   -1.905069978718373e-18   -9.162182258071964e-03   -3.063552609613185e-02
    3.270349700838643e-02   -2.356171688057635e-18    1.567503306523144e-34   -1.905069978718373e-18   -8.157063931212044e-03   -3.064577773422902e-02
    3.270349700838643e-02   -2.356171688057635e-18    1.567503306523144e-34   -1.905069978718373e-18   -1.660111018497307e-02   -3.055965324126529e-02
    0.000000000000000e+00    3.273853022358256e-02    3.612628033543265e-18    1.787437297401019e-02   -4.514229659310642e-05   -2.113928548843498e-02
    0.000000000000000e+00    3.273853022358256e-02    3.612628033543265e-18    6.280693595008356e-03   -1.586209113396820e-05    1.102014125042519e-02
    0.000000000000000e+00    3.273853022358256e-02    3.612628033543265e-18   -2.746666166543154e-03    6.936792631139424e-06    1.604511486624346e-02
    0.000000000000000e+00    0.000000000000000e+00   -3.247849012308150e-02   -2.082064720885205e-03    5.081246926682708e-03   -4.230580931909772e-05
    0.000000000000000e+00    0.000000000000000e+00   -3.247849012308150e-02    5.531375424670555e-03    1.671106075284807e-02   -1.957350256597099e-04
    3.270349700838643e-02   -2.356171688057635e-18    1.567503306523144e-34   -1.905069978718373e-18   -1.162321032247100e-03    2.255020316323176e-03
    0.000000000000000e+00    3.273853022358256e-02    3.612628033543265e-18    1.702059509595597e-03   -4.298605344813831e-06    6.356281868814432e-03
    3.270349700838643e-02   -2.356171688057635e-18    1.567503306523144e-34   -1.905069978718373e-18   -8.202531135783901e-03   -1.892464246548782e-02
    3.270349700838643e-02   -2.356171688057635e-18    1.567503306523144e-34   -1.905069978718373e-18   -4.180455565960853e-03   -1.383163333244998e-02
    0.000000000000000e+00    3.273853022358256e-02    3.612628033543265e-18    2.392755255725136e-03   -6.042979386505035e-06   -2.224571610972489e-02
    3.270349700838643e-02   -2.356171688057635e-18    1.567503306523144e-34   -1.905069978718373e-18   -1.565974323064502e-02    2.694779026585041e-02
    3.270349700838643e-02   -2.356171688057635e-18    1.567503306523144e-34   -1.905069978718373e-18   -1.739865440304795e-02    2.092248405148522e-02
    0.000000000000000e+00    0.000000000000000e+00   -3.247849012308150e-02    2.128665272650459e-02    5.477338414011118e-03   -1.531968523277266e-04
    3.270349700838643e-02   -2.356171688057635e-18    1.567503306523144e-34   -1.905069978718373e-18   -6.785656816028867e-03    2.043119100362898e-02
    0.000000000000000e+00    0.000000000000000e+00   -3.247849012308150e-02    1.617233634657392e-02    1.612565790858951e-02   -2.384189823813754e-04
    0.000000000000000e+00    3.273853022358256e-02    3.612628033543265e-18    9.211124814119167e-03   -2.326298824130461e-05    1.075774548407034e-02
    0.000000000000000e+00    0.000000000000000e+00   -3.247849012308150e-02    2.058783992266915e-02    1.801901141451237e-02   -2.779195671231741e-04
    0.000000000000000e+00    0.000000000000000e+00   -3.247849012308150e-02    2.278604005139718e-02    9.214576421378916e-03   -1.981703642180461e-04
    0.000000000000000e+00    3.273853022358256e-02    3.612628033543265e-18    1.000337127314324e-02   -2.526383183341814e-05    1.838498214253231e-02
    3.270349700838643e-02   -2.356171688057635e-18    1.567503306523144e-34   -1.905069978718373e-18   -1.705523850163781e-02    1.680292726669008e-02
    3.270349700838643e-02   -2.356171688057635e-18    1.567503306523144e-34   -1.905069978718373e-18    8.834153635297588e-03   -2.106835301610677e-03
    0.000000000000000e+00    0.000000000000000e+00   -3.247849012308150e-02    4.127418078081830e-03   -2.022937299847058e-02    1.874559477229748e-04
    3.270349700838643e-02   -2.356171688057635e-18    1.567503306523144e-34   -1.905069978718373e-18    1.628519416507763e-02   -1.022441340313242e-02
    0.000000000000000e+00    3.273853022358256e-02    3.612628033543265e-18   -6.631393170674827e-03    1.674779404969261e-05    4.463992755207598e-03
    0.000000000000000e+00    3.273853022358256e-02    3.612628033543265e-18   -7.286084356651884e-03    1.840123743130041e-05    4.980792610652896e-03
    0.000000000000000e+00    0.000000000000000e+00   -3.247849012308150e-02    1.306451827557273e-03    5.165586255334578e-03   -5.865967730655587e-05
    0.000000000000000e+00    0.000000000000000e+00   -3.247849012308150e-02   -5.549875679839367e-03    8.245336862724490e-05    2.453527631914269e-05
    0.000000000000000e+00    3.273853022358256e-02    3.612628033543265e-18   -1.453714714199219e-02    3.671402677205217e-05    4.582091208257559e-03
    0.000000000000000e+00    0.000000000000000e+00   -3.247849012308150e-02   -3.918958031315035e-03    4.749827890740789e-03   -3.052651093000677e-05
    0.000000000000000e+00    0.000000000000000e+00   -3.247849012308150e-02    2.855916991861861e-02   -2.292474228163522e-02    1.032354360618298e-04
    0.000000000000000e+00    3.273853022358256e-02    3.612628033543265e-18    2.313275240830936e-02   -5.842250084795650e-05   -2.697633541032142e-02
    3.270349700838643e-02   -2.356171688057635e-18    1.567503306523144e-34   -1.905069978718373e-18   -1.815263313212851e-02    2.818351064292187e-02
    0.000000000000000e+00    0.000000000000000e+00   -3.247849012308150e-02    2.398959859181356e-02   -1.691399883259897e-02    6.282316456024957e-05
    0.000000000000000e+00    3.273853022358256e-02    3.612628033543265e-18    1.889328407887022e-02   -4.771558894660511e-05   -2.268070696760269e-02
    0.000000000000000e+00    3.273853022358256e-02    3.612628033543265e-18   -1.100539214690438e-02    2.779446737188403e-05   -5.517910890761858e-03
    0.000000000000000e+00    0.000000000000000e+00   -3.247849012308150e-02   -2.409997004001753e-02   -1.117436851943369e-03    1.215919371676773e-04
    3.270349700838643e-02   -2.356171688057635e-18    1.567503306523144e-34   -1.905069978718373e-18    5.912303392201152e-03   -2.504992024494193e-02
    0.000000000000000e+00    0.000000000000000e+00   -3.247849012308150e-02    2.798324191550981e-02   -7.774836102917760e-03   -4.865165956484636e-05
    3.270349700838643e-02   -2.356171688057635e-18    1.567503306523144e-34   -1.905069978718373e-18    2.302198450930294e-02    2.718914381218967e-02
    0.000000000000000e+00    3.273853022358256e-02    3.612628033543265e-18   -2.269962247162470e-02    5.732861743769158e-05   -1.221418518807199e-02
    0.000000000000000e+00    0.000000000000000e+00   -3.247849012308150e-02    1.726218139415591e-02   -1.135629408297875e-02    3.689816681511341e-05
    3.270349700838643e-02   -2.356171688057635e-18    1.567503306523144e-34   -1.905069978718373e-18    2.193223482217888e-02    1.563727136380163e-02
    0.000000000000000e+00    3.273853022358256e-02    3.612628033543265e-18   -1.588842716140234e-02    4.012672737448691e-05   -6.551211100039918e-03
    0.000000000000000e+00    0.000000000000000e+00   -3.247849012308150e-02    2.060622100918309e-02   -6.381519071229544e-03   -2.913201109609613e-05
    0.000000000000000e+00    0.000000000000000e+00   -3.247849012308150e-02   -7.217390885081717e-03    2.736984873520824e-02   -2.461561661252526e-04
    3.270349700838643e-02   -2.356171688057635e-18    1.567503306523144e-34   -1.905069978718373e-18    2.321122049114411e-02   -1.041028056231753e-02
    0.000000000000000e+00    3.273853022358256e-02    3.612628033543265e-18   -2.289055936829758e-02    5.781083463393716e-05    1.896030898067865e-02
    0.000000000000000e+00    3.273853022358256e-02    3.612628033543265e-18   -2.308042632167570e-02    5.829034965441293e-05    2.284202283282730e-02
    3.270349700838643e-02   -2.356171688057635e-18    1.567503306523144e-34   -1.905069978718373e-18    2.333505052082064e-02   -3.323179526571588e-03
    0.000000000000000e+00    0.000000000000000e+00   -3.247849012308150e-02   -1.714483199361893e-03    2.254222176870587e-02   -2.220786007531203e-04
    3.270349700838643e-02   -2.356171688057635e-18    1.567503306523144e-34   -1.905069978718373e-18    1.718699329387879e-02   -7.043543000754989e-03
    0.000000000000000e+00    3.273853022358256e-02    3.612628033543265e-18   -1.990318654332594e-02    5.026612969267039e-05    2.300501135339046e-02
    0.000000000000000e+00    0.000000000000000e+00   -3.247849012308150e-02   -6.173812956037116e-03    2.240091133512855e-02   -2.002474729502769e-04
    0.000000000000000e+00    3.273853022358256e-02    3.612628033543265e-18   -2.712925817605304e-03    6.851580308384198e-06   -1.714921892311572e-02
    3.270349700838643e-02   -2.356171688057635e-18    1.567503306523144e-34   -1.905069978718373e-18   -4.261351105245001e-03    1.997606798035469e-02
    3.270349700838643e-02   -2.356171688057635e-18    1.567503306523144e-34   -1.905069978718373e-18    7.177860971370641e-04    1.670524136572577e-02
    3.270349700838643e-02   -2.356171688057635e-18    1.567503306523144e-34   -1.905069978718373e-18   -8.030667969342235e-03    2.196667498507435e-02
    0.000000000000000e+00    3.273853022358256e-02    3.612628033543265e-18    8.632141392978144e-03   -2.180074722408689e-05   -2.160117052650497e-02
    0.000000000000000e+00    0.000000000000000e+00   -3.247849012308150e-02    2.253585021232934e-02   -2.270300095320786e-02    1.285148296957912e-04
    3.270349700838643e-02   -2.356171688057635e-18    1.567503306523144e-34   -1.905069978718373e-18   -1.744359668886595e-03    2.266436711706541e-02
    0.000000000000000e+00    0.000000000000000e+00   -3.247849012308150e-02    2.319322920149355e-02   -1.757320929344869e-02    7.318805794012129e-05
    0.000000000000000e+00    3.273853022358256e-02    3.612628033543265e-18   -1.191669101564068e-02    3.009598160554567e-05   -5.016618527686971e-03
    0.000000000000000e+00    3.273853022358256e-02    3.612628033543265e-18   -8.084425160700971e-03    2.041747248531689e-05    1.769989094310873e-03
    0.000000000000000e+00    3.273853022358256e-02    3.612628033543265e-18   -1.812823181953467e-02    4.578342516942781e-05    5.045562819211186e-03
    3.270349700838643e-02   -2.356171688057635e-18    1.567503306523144e-34   -1.905069978718373e-18    8.183331325302665e-03    1.183287471391514e-03
    0.000000000000000e+00    3.273853022358256e-02    3.612628033543265e-18   -4.873022311847708e-03    1.230697260408069e-05    1.083698366519546e-03
    0.000000000000000e+00    0.000000000000000e+00   -3.247849012308150e-02    1.428693254598148e-02   -8.667869850487991e-04   -5.648484000021250e-05
    0.000000000000000e+00    0.000000000000000e+00   -3.247849012308150e-02    1.133999307231889e-02    5.479677096596034e-03   -1.077405945602811e-04
    3.270349700838643e-02   -2.356171688057635e-18    1.567503306523144e-34   -1.905069978718373e-18    1.960821795479499e-02    4.764556714444129e-03
    0.000000000000000e+00    0.000000000000000e+00   -3.247849012308150e-02    5.464444573061549e-03    2.529757600531724e-04   -2.756583836842115e-05
    0.000000000000000e+00    3.273853022358256e-02    3.612628033543265e-18    1.996370890026613e-02   -5.041898082716691e-05    1.652325994532186e-02
    0.000000000000000e+00    3.273853022358256e-02    3.612628033543265e-18    2.223170587329051e-02   -5.614687920868786e-05    1.110867953104066e-02
    3.270349700838643e-02   -2.356171688057635e-18    1.567503306523144e-34   -1.905069978718373e-18   -1.491487405578829e-02   -6.632417329899880e-03
    0.000000000000000e+00    3.273853022358256e-02    3.612628033543265e-18    1.557822497292744e-02   -3.934330189621473e-05    1.512011815316257e-02
    0.000000000000000e+00    0.000000000000000e+00   -3.247849012308150e-02   -6.315714820799514e-03    1.536371394163403e-02   -1.278232100197744e-04
    0.000000000000000e+00    3.273853022358256e-02    3.612628033543265e-18    2.309480582895300e-02   -5.832666555669946e-05    1.875041512510369e-02
    0.000000000000000e+00    0.000000000000000e+00   -3.247849012308150e-02   -5.767289215619421e-03    1.900376101105447e-02   -1.674572515590715e-04
    3.270349700838643e-02   -2.356171688057635e-18    1.567503306523144e-34   -1.905069978718373e-18   -2.297301281032359e-02   -8.464513435241756e-03
    0.000000000000000e+00    3.273853022358256e-02    3.612628033543265e-18    2.370879291133245e-02   -5.987730943200725e-05    1.015287680055011e-02
    0.000000000000000e+00    0.000000000000000e+00   -3.247849012308150e-02   -2.117916522889036e-03    8.771258698844858e-03   -7.977791227405845e-05
    0.000000000000000e+00    0.000000000000000e+00   -3.247849012308150e-02   -1.615387821126942e-02   -3.104353991295359e-02    3.904885382117881e-04
    0.000000000000000e+00    3.273853022358256e-02    3.612628033543265e-18   -4.302938913891753e-03    1.086720887806055e-05   -2.732321618801411e-02
    3.270349700838643e-02   -2.356171688057635e-18    1.567503306523144e-34   -1.905069978718373e-18    2.874999654594665e-02   -1.635734337959597e-02
    0.000000000000000e+00    3.273853022358256e-02    3.612628033543265e-18   -2.847911975190192e-02    7.192492136201259e-05    7.742396423645975e-03
    0.000000000000000e+00    0.000000000000000e+00   -3.247849012308150e-02   -1.561982283821364e-02    7.856823284157582e-03   -8.715066146362773e-06
    0.000000000000000e+00    3.273853022358256e-02    3.612628033543265e-18   -2.173403395324979e-02    5.488999296975827e-05    1.401652706053975e-02
    3.270349700838643e-02   -2.356171688057635e-18    1.567503306523144e-34   -1.905069978718373e-18    1.372213355461542e-02   -1.682932245871811e-02
    0.000000000000000e+00    0.000000000000000e+00   -3.247849012308150e-02   -9.812261377528893e-03    2.293053175200952e-03    2.147774361033605e-05
    0.000000000000000e+00    0.000000000000000e+00   -3.247849012308150e-02   -6.653479981307932e-03    1.079357311795705e-02   -7.966596247491773e-05
    0.000000000000000e+00    0.000000000000000e+00   -3.247849012308150e-02   -2.006599504651474e-02    1.107239750740035e-02   -2.118242362735870e-05
    0.000000000000000e+00    3.273853022358256e-02    3.612628033543265e-18   -5.913653612569245e-03    1.493512000200893e-05    9.654575992846965e-03
    0.000000000000000e+00    0.000000000000000e+00   -3.247849012308150e-02   -2.713552800835166e-02    9.888015491808792e-03    2.322233828680094e-05
    0.000000000000000e+00    0.000000000000000e+00   -3.247849012308150e-02   -2.713552800835166e-02    7.444846650439856e-03    4.814127778147448e-05
    3.270349700838643e-02   -2.356171688057635e-18    1.567503306523144e-34   -1.905069978718373e-18   -3.200330844962565e-03   -1.758585037043055e-02
    0.000000000000000e+00    0.000000000000000e+00   -3.247849012308150e-02   -1.511648551055015e-02    1.203915886131674e-02   -5.367398190168884e-05
    3.270349700838643e-02   -2.356171688057635e-18    1.567503306523144e-34   -1.905069978718373e-18    1.079970064911581e-02   -2.229941948268480e-02
    3.270349700838643e-02   -2.356171688057635e-18    1.567503306523144e-34   -1.905069978718373e-18    2.247736215603173e-03   -1.470044285797121e-02
    0.000000000000000e+00    3.273853022358256e-02    3.612628033543265e-18   -1.738648446927534e-03    4.391011868023308e-06    6.117361071220650e-03
    3.270349700838643e-02   -2.356171688057635e-18    1.567503306523144e-34   -1.905069978718373e-18    3.326883025596062e-03   -2.269092797798949e-02
    0.000000000000000e+00    0.000000000000000e+00   -3.247849012308150e-02   -2.223014306523901e-02    2.271618115711231e-03    7.847589681254299e-05
    0.000000000000000e+00    0.000000000000000e+00   -3.247849012308150e-02   -1.325122172569405e-02    9.858500503059763e-03   -3.996123372518248e-05
    0.000000000000000e+00    3.273853022358256e-02    3.612628033543265e-18    4.743415410040135e-03   -1.197964625756016e-05   -2.001754183608023e-02
    3.270349700838643e-02   -2.356171688057635e-18    1.567503306523144e-34   -1.905069978718373e-18   -2.737410207614139e-02   -1.946578100912121e-02
    0.000000000000000e+00    0.000000000000000e+00   -3.247849012308150e-02   -2.802146579854022e-02   -5.853089711845272e-03    1.878235651850289e-04
    0.000000000000000e+00    0.000000000000000e+00   -3.247849012308150e-02   -1.928421081609753e-02    1.691327079703413e-03    7.092455504967872e-05
    3.270349700838643e-02   -2.356171688057635e-18    1.567503306523144e-34   -1.905069978718373e-18   -1.515662686378281e-02   -2.254579301697462e-02
    3.270349700838643e-02   -2.356171688057635e-18    1.567503306523144e-34   -1.905069978718373e-18   -2.087852737848532e-02   -2.311465039342395e-02
    0.000000000000000e+00    3.273853022358256e-02    3.612628033543265e-18    1.979925622618130e-02   -5.000365037614303e-05   -2.377008960021659e-03
    0.000000000000000e+00    0.000000000000000e+00   -3.247849012308150e-02   -1.570209122761572e-02   -7.021159512439169e-03    1.434081023515411e-04
    0.000000000000000e+00    3.273853022358256e-02    3.612628033543265e-18    1.731737318583831e-02   -4.373557593909988e-05   -8.182979098813685e-03
    0.000000000000000e+00    0.000000000000000e+00   -3.247849012308150e-02   -2.347430817699191e-02   -7.741675073822267e-03    1.862946415291233e-04
    0.000000000000000e+00    0.000000000000000e+00   -3.247849012308150e-02   -1.249016518478632e-02    1.142315143588174e-02   -5.939964300578721e-05
    0.000000000000000e+00    0.000000000000000e+00   -3.247849012308150e-02   -1.928421081609753e-02    1.691327079703413e-03    7.092455504967872e-05
    3.270349700838643e-02   -2.356171688057635e-18    1.567503306523144e-34   -1.905069978718373e-18   -2.022890753158183e-02   -1.669034297088235e-02
    0.000000000000000e+00    3.273853022358256e-02    3.612628033543265e-18    2.094002271779508e-02   -5.288469237872319e-05    4.659111854098299e-03
    3.270349700838643e-02   -2.356171688057635e-18    1.567503306523144e-34   -1.905069978718373e-18   -2.208501880419288e-02   -2.216879777255595e-02
    0.000000000000000e+00    3.273853022358256e-02    3.612628033543265e-18    2.443662349425234e-02   -6.171546868332586e-05    1.116160262965314e-02
    0.000000000000000e+00    0.000000000000000e+00   -3.247849012308150e-02   -2.172847869373525e-02    1.150903537825778e-02   -1.803434183466681e-05
    0.000000000000000e+00    0.000000000000000e+00   -3.247849012308150e-02   -9.858283013452396e-03    3.138161693882535e-03    1.306854434907880e-05
    3.270349700838643e-02   -2.356171688057635e-18    1.567503306523144e-34   -1.905069978718373e-18   -1.601696313490794e-03   -5.334709324603425e-03
    0.000000000000000e+00    0.000000000000000e+00   -3.247849012308150e-02   -4.878429196375608e-03   -1.860052916349441e-03    4.127761888540335e-05
    3.270349700838643e-02   -2.356171688057635e-18    1.567503306523144e-34   -1.905069978718373e-18   -1.314998194726058e-02   -5.802743653491030e-03
    0.000000000000000e+00    3.273853022358256e-02    3.612628033543265e-18    1.012955940803146e-02   -2.558252397551136e-05    2.764541251554465e-03
    3.270349700838643e-02   -2.356171688057635e-18    1.567503306523144e-34   -1.905069978718373e-18   -1.054989324547158e-02   -7.854230553013503e-03
    0.000000000000000e+00    0.000000000000000e+00   -3.247849012308150e-02   -7.496120948822808e-03   -4.759361949197276e-03    8.281806511288352e-05
    0.000000000000000e+00    3.273853022358256e-02    3.612628033543265e-18    9.641512935362253e-03   -2.434994710959880e-05   -1.863200921239911e-03
    0.000000000000000e+00    3.273853022358256e-02    3.612628033543265e-18   -2.547947032508908e-02    6.434921147292052e-05    1.142516282319122e-02
    0.000000000000000e+00    3.273853022358256e-02    3.612628033543265e-18   -2.329223393961061e-02    5.882527652000974e-05    2.334542191597812e-02
    0.000000000000000e+00    0.000000000000000e+00   -3.247849012308150e-02    5.421865240224227e-03    2.333203936097349e-02   -2.627645359692567e-04
    3.270349700838643e-02   -2.356171688057635e-18    1.567503306523144e-34   -1.905069978718373e-18   -7.102325164533303e-03    2.673101348666320e-02
    0.000000000000000e+00    3.273853022358256e-02    3.612628033543265e-18    7.695454339732712e-03   -1.943511432417944e-05   -4.298738101144824e-03
    3.270349700838643e-02   -2.356171688057635e-18    1.567503306523144e-34   -1.905069978718373e-18   -1.031581020277878e-03    1.836310631094772e-02
    0.000000000000000e+00    3.273853022358256e-02    3.612628033543265e-18    4.534703650258293e-03   -1.145253808004596e-05   -8.807038576808472e-04
    0.000000000000000e+00    0.000000000000000e+00   -3.247849012308150e-02    2.265620165377747e-02   -6.595690915028201e-04   -9.686599501508273e-05
    0.000000000000000e+00    0.000000000000000e+00   -3.247849012308150e-02    2.252952615794040e-02   -7.543322359927240e-03   -2.607639637612214e-05
    0.000000000000000e+00    3.273853022358256e-02    3.612628033543265e-18    3.625627556769987e-03   -9.156637535863515e-06   -1.078066971371456e-02
    0.000000000000000e+00    0.000000000000000e+00   -3.247849012308150e-02   -8.122538346479340e-03   -1.159674003015617e-02    1.554196831783940e-04
    3.270349700838643e-02   -2.356171688057635e-18    1.567503306523144e-34   -1.905069978718373e-18    1.800754302158834e-02   -1.956583810830334e-02
    0.000000000000000e+00    0.000000000000000e+00   -3.247849012308150e-02   -1.894665881119411e-02   -1.390472276914843e-02    2.284520141408442e-04
    0.000000000000000e+00    0.000000000000000e+00   -3.247849012308150e-02   -1.331779755792143e-02   -8.900945587964209e-03    1.516789110446678e-04
    0.000000000000000e+00    3.273853022358256e-02    3.612628033543265e-18   -8.740033074668875e-03    2.207323109257890e-05   -1.418270649485713e-02
    3.270349700838643e-02   -2.356171688057635e-18    1.567503306523144e-34   -1.905069978718373e-18    1.045679988074273e-02    3.524395818819375e-03
    3.270349700838643e-02   -2.356171688057635e-18    1.567503306523144e-34   -1.905069978718373e-18    1.702294826722781e-02    4.797545674391510e-03
    0.000000000000000e+00    3.273853022358256e-02    3.612628033543265e-18    1.088867467191571e-02   -2.749969368213202e-05    7.805654991506710e-03
    0.000000000000000e+00    0.000000000000000e+00   -3.247849012308150e-02   -2.998368636616214e-02    8.133826367773716e-03    5.413699512209234e-05
    3.270349700838643e-02   -2.356171688057635e-18    1.567503306523144e-34   -1.905069978718373e-18   -6.785656816028867e-03    2.043119100362898e-02
    0.000000000000000e+00    0.000000000000000e+00   -3.247849012308150e-02    2.090259331780337e-02    1.369945829827010e-02   -2.353017485092069e-04
    3.270349700838643e-02   -2.356171688057635e-18    1.567503306523144e-34   -1.905069978718373e-18    3.784982108771950e-03    2.248817932173854e-02
    0.000000000000000e+00    3.273853022358256e-02    3.612628033543265e-18   -9.768322422176979e-04    2.467020849571733e-06    1.955974060354559e-02
    0.000000000000000e+00    0.000000000000000e+00   -3.247849012308150e-02    2.292431178777189e-02    1.896792293612070e-02   -2.982812126068388e-04
    0.000000000000000e+00    3.273853022358256e-02    3.612628033543265e-18    1.990199547630135e-03   -5.026312161506742e-06    1.051100976878407e-02
    3.270349700838643e-02   -2.356171688057635e-18    1.567503306523144e-34   -1.905069978718373e-18   -3.146096630573891e-03    1.929802429682143e-02
    0.000000000000000e+00    0.000000000000000e+00   -3.247849012308150e-02    1.770160104667922e-02    1.285526144231412e-02   -2.120551998657430e-04
    0.000000000000000e+00    3.273853022358256e-02    3.612628033543265e-18    2.240704411637997e-02   -5.658970150993277e-05   -1.219504162473329e-02
    0.000000000000000e+00    0.000000000000000e+00   -3.247849012308150e-02    2.189260352409981e-02   -1.182009228658593e-02    2.045650181301482e-05
    3.270349700838643e-02   -2.356171688057635e-18    1.567503306523144e-34   -1.905069978718373e-18   -1.943129099085638e-02    2.485896956773782e-02
    0.000000000000000e+00    0.000000000000000e+00   -3.247849012308150e-02   -1.951462324926035e-02    3.114729259800786e-03    5.746019628449825e-05
    3.270349700838643e-02   -2.356171688057635e-18    1.567503306523144e-34   -1.905069978718373e-18   -6.744811274225960e-03   -2.362928966365232e-02
    0.000000000000000e+00    3.273853022358256e-02    3.612628033543265e-18    7.755704795584095e-03   -1.958727876384251e-05    3.295652554948328e-03
    0.000000000000000e+00    3.273853022358256e-02    3.612628033543265e-18    8.250881011385578e-03   -2.083786202245921e-05   -3.564371847233661e-03
    0.000000000000000e+00    0.000000000000000e+00   -3.247849012308150e-02   -2.495593790823331e-02    1.168425833774246e-03    1.021912592943542e-04
    3.270349700838643e-02   -2.356171688057635e-18    1.567503306523144e-34   -1.905069978718373e-18   -1.256205152347565e-02   -1.746457998893859e-02
    0.000000000000000e+00    3.273853022358256e-02    3.612628033543265e-18   -2.329848202678307e-02    5.884105626258810e-05   -1.306832443553561e-02
    3.270349700838643e-02   -2.356171688057635e-18    1.567503306523144e-34   -1.905069978718373e-18    2.319062082767140e-02    6.888623104595803e-03
    0.000000000000000e+00    3.273853022358256e-02    3.612628033543265e-18   -2.286977454831927e-02    5.775834191100553e-05   -4.544231831871949e-03
    0.000000000000000e+00    0.000000000000000e+00   -3.247849012308150e-02   -2.371689756673312e-03   -1.117475455608700e-02    1.248204875234306e-04
    0.000000000000000e+00    3.273853022358256e-02    3.612628033543265e-18   -4.189815556918150e-03    1.058151224749673e-05    5.195154251473579e-03
    0.000000000000000e+00    0.000000000000000e+00   -3.247849012308150e-02    8.613196989634737e-03    3.802539419286973e-03   -7.816673579560454e-05
    3.270349700838643e-02   -2.356171688057635e-18    1.567503306523144e-34   -1.905069978718373e-18    2.644740849345446e-03    1.442285205913367e-02
    0.000000000000000e+00    0.000000000000000e+00   -3.247849012308150e-02   -2.120545793344632e-02   -1.183517015120848e-02    2.176718827873053e-04
    3.270349700838643e-02   -2.356171688057635e-18    1.567503306523144e-34   -1.905069978718373e-18    2.279005540173391e-02   -2.567440064887580e-02
    0.000000000000000e+00    0.000000000000000e+00   -3.247849012308150e-02   -2.453603305937322e-02   -1.927405141666860e-02    3.087729849138323e-04
    0.000000000000000e+00    3.273853022358256e-02    3.612628033543265e-18   -2.266652192121817e-02    5.724502094644553e-05   -1.461939241095926e-02
    3.270349700838643e-02   -2.356171688057635e-18    1.567503306523144e-34   -1.905069978718373e-18    2.901040551668992e-02    3.318857140246040e-03
    3.270349700838643e-02   -2.356171688057635e-18    1.567503306523144e-34   -1.905069978718373e-18    2.901040551668992e-02    7.662888549960395e-03
    0.000000000000000e+00    3.273853022358256e-02    3.612628033543265e-18   -2.874186936355469e-02    7.258850385053976e-05    4.640873188378749e-03
    0.000000000000000e+00    3.273853022358256e-02    3.612628033543265e-18   -2.171600274939284e-02    5.484445459179003e-05    7.763523330004154e-03
    0.000000000000000e+00    3.273853022358256e-02    3.612628033543265e-18   -1.812823181953467e-02    4.578342516942781e-05    5.045562819211186e-03
    3.270349700838643e-02   -2.356171688057635e-18    1.567503306523144e-34   -1.905069978718373e-18    6.908701265573529e-03    4.550573108264122e-03
    0.000000000000000e+00    0.000000000000000e+00   -3.247849012308150e-02   -1.515273978055636e-03   -4.725469834500081e-03    5.512555738697949e-05
    3.270349700838643e-02   -2.356171688057635e-18    1.567503306523144e-34   -1.905069978718373e-18   -1.288493867416249e-03    2.821603079601309e-03
    0.000000000000000e+00    3.273853022358256e-02    3.612628033543265e-18    1.829366427430260e-03   -4.620123008768026e-06   -3.511622169273094e-03
    3.270349700838643e-02   -2.356171688057635e-18    1.567503306523144e-34   -1.905069978718373e-18   -1.941598307796295e-03    6.236994734534059e-03
    0.000000000000000e+00    3.273853022358256e-02    3.612628033543265e-18    2.058772767809977e-03   -5.199496006792538e-06   -1.042059310409149e-02
    3.270349700838643e-02   -2.356171688057635e-18    1.567503306523144e-34   -1.905069978718373e-18   -4.947582625852322e-03    1.100837846186671e-02
    0.000000000000000e+00    3.273853022358256e-02    3.612628033543265e-18    5.521344271119570e-03   -1.394433030137277e-05   -4.195964321918648e-03
    3.270349700838643e-02   -2.356171688057635e-18    1.567503306523144e-34   -1.905069978718373e-18    1.946550684221959e-03    1.778954649016738e-02
    0.000000000000000e+00    0.000000000000000e+00   -3.247849012308150e-02    1.854444583574812e-02   -9.331463169615136e-03    1.038301093146979e-05
    0.000000000000000e+00    0.000000000000000e+00   -3.247849012308150e-02   -2.494516637646689e-02   -2.432022613785410e-02    3.621118325973561e-04
    0.000000000000000e+00    0.000000000000000e+00   -3.247849012308150e-02    2.903798633685506e-02    5.392416398694885e-04   -1.382732611301465e-04
    3.270349700838643e-02   -2.356171688057635e-18    1.567503306523144e-34   -1.905069978718373e-18   -8.288605143440453e-03    2.132677897886444e-02
    0.000000000000000e+00    3.273853022358256e-02    3.612628033543265e-18    1.163024792778482e-02   -2.937256049041861e-05   -7.643468842539849e-04
    0.000000000000000e+00    0.000000000000000e+00   -3.247849012308150e-02    1.743554179546744e-02   -4.987007013868382e-04   -7.463581410502709e-05
    3.270349700838643e-02   -2.356171688057635e-18    1.567503306523144e-34   -1.905069978718373e-18   -1.643752794993612e-02    1.782013551118712e-02
    3.270349700838643e-02   -2.356171688057635e-18    1.567503306523144e-34   -1.905069978718373e-18   -6.672591516952132e-03    2.399636495994896e-02
    0.000000000000000e+00    0.000000000000000e+00   -3.247849012308150e-02    2.358241275888031e-02    5.650232315517876e-03   -1.654574064638831e-04
    3.270349700838643e-02   -2.356171688057635e-18    1.567503306523144e-34   -1.905069978718373e-18    2.193223482217888e-02    1.563727136380163e-02
    0.000000000000000e+00    3.273853022358256e-02    3.612628033543265e-18   -2.411759523444594e-02    6.090975268161279e-05   -1.493227826200773e-03
    0.000000000000000e+00    0.000000000000000e+00   -3.247849012308150e-02    1.781179314996263e-02   -1.385459822035307e-03   -6.731174478684746e-05
    0.000000000000000e+00    0.000000000000000e+00   -3.247849012308150e-02    1.232701619762755e-02   -5.315159369638881e-03   -2.152436810952929e-06
    3.270349700838643e-02   -2.356171688057635e-18    1.567503306523144e-34   -1.905069978718373e-18    2.298837895706726e-02    1.899667706187972e-02
    0.000000000000000e+00    3.273853022358256e-02    3.612628033543265e-18   -2.266571486170596e-02    5.724298269201723e-05   -2.372881412563414e-02
    0.000000000000000e+00    0.000000000000000e+00   -3.247849012308150e-02    2.363019567809700e-02   -2.219155487450297e-02    1.182945834487105e-04
    3.270349700838643e-02   -2.356171688057635e-18    1.567503306523144e-34   -1.905069978718373e-18    8.772214089064905e-03    2.880825634499782e-02
    3.270349700838643e-02   -2.356171688057635e-18    1.567503306523144e-34   -1.905069978718373e-18    4.151708968760557e-03    2.433567617215410e-02
    0.000000000000000e+00    3.273853022358256e-02    3.612628033543265e-18   -3.659734729253636e-03    9.242776283133673e-06   -1.319006410113313e-02
    0.000000000000000e+00    0.000000000000000e+00   -3.247849012308150e-02    2.492925346280675e-02   -1.293429894255638e-02    1.793599960556363e-05
    3.270349700838643e-02   -2.356171688057635e-18    1.567503306523144e-34   -1.905069978718373e-18    7.177860971370641e-04    1.670524136572577e-02
    0.000000000000000e+00    0.000000000000000e+00   -3.247849012308150e-02    1.347317436225333e-02   -2.626383418888966e-02    2.062714965503239e-04
    3.270349700838643e-02   -2.356171688057635e-18    1.567503306523144e-34   -1.905069978718373e-18   -1.601696313490794e-03   -5.334709324603425e-03
    0.000000000000000e+00    0.000000000000000e+00   -3.247849012308150e-02   -4.878429196375608e-03   -1.860052916349441e-03    4.127761888540335e-05
    0.000000000000000e+00    3.273853022358256e-02    3.612628033543265e-18    1.763960021334253e-03   -4.454937053021678e-06   -4.576613982469869e-03
    3.270349700838643e-02   -2.356171688057635e-18    1.567503306523144e-34   -1.905069978718373e-18    1.388458584628739e-03   -7.856815902508810e-03
    0.000000000000000e+00    0.000000000000000e+00   -3.247849012308150e-02   -1.895651160306844e-02    7.033691486912426e-03    1.493708952782115e-05
    0.000000000000000e+00    3.273853022358256e-02    3.612628033543265e-18   -1.024521214195702e-02    2.587460862789474e-05    1.203546087138932e-02
    3.270349700838643e-02   -2.356171688057635e-18    1.567503306523144e-34   -1.905069978718373e-18   -1.013877501219590e-02   -1.070551344490340e-02
    0.000000000000000e+00    3.273853022358256e-02    3.612628033543265e-18    1.075919679069078e-02   -2.717269318119153e-05    1.155565057346637e-02
    0.000000000000000e+00    0.000000000000000e+00   -3.247849012308150e-02   -1.035073952485337e-02    1.181007557586771e-02   -7.312836109236327e-05
    0.000000000000000e+00    3.273853022358256e-02    3.612628033543265e-18    1.329634701867432e-02   -3.358034665577407e-05    1.978514960016211e-02
    0.000000000000000e+00    0.000000000000000e+00   -3.247849012308150e-02   -7.985439186147190e-03    1.999332172133787e-02   -1.674079408646137e-04
    3.270349700838643e-02   -2.356171688057635e-18    1.567503306523144e-34   -1.905069978718373e-18   -1.137125829498124e-02   -3.596215097046828e-03
    0.000000000000000e+00    0.000000000000000e+00   -3.247849012308150e-02    1.479149003355605e-02    2.698839078106487e-02   -3.428989277312255e-04
    0.000000000000000e+00    0.000000000000000e+00   -3.247849012308150e-02    7.817657338187477e-03    2.126227123488244e-02   -2.526085932973304e-04
    0.000000000000000e+00    3.273853022358256e-02    3.612628033543265e-18    1.295528304677504e-02   -3.271897876336829e-05    2.126289973358722e-02
    0.000000000000000e+00    0.000000000000000e+00   -3.247849012308150e-02    1.819405481654245e-02    2.139412254644011e-02   -3.013984464790074e-04
    3.270349700838643e-02   -2.356171688057635e-18    1.567503306523144e-34   -1.905069978718373e-18   -1.777817048360072e-02    1.618969709278396e-02
    3.270349700838643e-02   -2.356171688057635e-18    1.567503306523144e-34   -1.905069978718373e-18   -8.743186513201821e-03    1.463733019771446e-02
    0.000000000000000e+00    3.273853022358256e-02    3.612628033543265e-18    2.815500352276536e-02   -7.110635553217300e-05   -7.639850199440214e-04
    0.000000000000000e+00    3.273853022358256e-02    3.612628033543265e-18    2.815500352276536e-02   -7.110635553217300e-05   -7.639850199440214e-04
    3.270349700838643e-02   -2.356171688057635e-18    1.567503306523144e-34   -1.905069978718373e-18   -2.737961543762323e-02   -4.731026114944860e-03
    3.270349700838643e-02   -2.356171688057635e-18    1.567503306523144e-34   -1.905069978718373e-18   -2.250809177000157e-02   -1.021075216119405e-02
    0.000000000000000e+00    3.273853022358256e-02    3.612628033543265e-18    2.034993376976941e-02   -5.139440400067385e-05    1.226491319507559e-03
    3.270349700838643e-02   -2.356171688057635e-18    1.567503306523144e-34   -1.905069978718373e-18   -2.801734002878009e-02   -5.554859036763251e-03
    0.000000000000000e+00    3.273853022358256e-02    3.612628033543265e-18    2.879846019090404e-02   -7.273142578219896e-05   -1.791381273646264e-02
    0.000000000000000e+00    0.000000000000000e+00   -3.247849012308150e-02   -1.013779370764399e-03   -1.525782022674686e-02    1.602565365437609e-04
    3.270349700838643e-02   -2.356171688057635e-18    1.567503306523144e-34   -1.905069978718373e-18   -1.481756845646084e-02   -2.568968267364834e-04
    0.000000000000000e+00    3.273853022358256e-02    3.612628033543265e-18    1.548004475908169e-02   -3.909534464817902e-05   -2.149726330967433e-02
    3.270349700838643e-02   -2.356171688057635e-18    1.567503306523144e-34   -1.905069978718373e-18   -2.045539143693073e-02    2.620006114748209e-03
    0.000000000000000e+00    3.273853022358256e-02    3.612628033543265e-18    2.116854233448176e-02   -5.346182592790064e-05   -1.608744399038612e-02
    0.000000000000000e+00    0.000000000000000e+00   -3.247849012308150e-02   -1.041507250764718e-03   -1.243060341036251e-02    1.315473080228799e-04
    3.270349700838643e-02   -2.356171688057635e-18    1.567503306523144e-34   -1.905069978718373e-18   -2.326644581051310e-02   -1.694694337809451e-05
    0.000000000000000e+00    0.000000000000000e+00   -3.247849012308150e-02    2.318429874948915e-04   -2.130186863874163e-02    2.162069255542173e-04
    0.000000000000000e+00    3.273853022358256e-02    3.612628033543265e-18   -1.306725213866689e-02    3.300176026081190e-05    1.192227123107869e-02
    0.000000000000000e+00    0.000000000000000e+00   -3.247849012308150e-02    1.234006201335557e-02    2.824150265948426e-02   -3.444710491399746e-04
    3.270349700838643e-02   -2.356171688057635e-18    1.567503306523144e-34   -1.905069978718373e-18    8.150984415662374e-03    1.464475874789450e-02
    0.000000000000000e+00    3.273853022358256e-02    3.612628033543265e-18   -3.561991123761190e-03    8.995921703360004e-06    2.325583325358914e-02
    0.000000000000000e+00    3.273853022358256e-02    3.612628033543265e-18    3.262605912589068e-04   -8.239814844782050e-07    1.592567421723962e-02
    0.000000000000000e+00    0.000000000000000e+00   -3.247849012308150e-02    1.169874606249094e-02    1.604979984070370e-02   -2.171902268246328e-04
    0.000000000000000e+00    0.000000000000000e+00   -3.247849012308150e-02    1.195000821564952e-02    2.408096971023199e-02   -3.002524855128459e-04
    0.000000000000000e+00    3.273853022358256e-02    3.612628033543265e-18    5.127899003064434e-03   -1.295067178202053e-05   -2.146428817162180e-02
    0.000000000000000e+00    3.273853022358256e-02    3.612628033543265e-18   -3.923026345148635e-03    9.907727620587195e-06    1.188150026791981e-02
    0.000000000000000e+00    0.000000000000000e+00   -3.247849012308150e-02   -2.102303724955238e-02    1.209449465741807e-02   -2.723125591888761e-05
    0.000000000000000e+00    3.273853022358256e-02    3.612628033543265e-18    2.079954884971225e-03   -5.252992116376150e-06    1.721545140056773e-02
    0.000000000000000e+00    0.000000000000000e+00   -3.247849012308150e-02   -2.094151417861572e-02    1.742182496854508e-02   -8.193976626802024e-05
    3.270349700838643e-02   -2.356171688057635e-18    1.567503306523144e-34   -1.905069978718373e-18    1.558449032101099e-03   -2.104125881134884e-02
    0.000000000000000e+00    3.273853022358256e-02    3.612628033543265e-18    1.260941052150645e-02   -3.184546671671996e-05   -4.735535701183885e-05
    0.000000000000000e+00    0.000000000000000e+00   -3.247849012308150e-02   -1.440801945822963e-02   -2.116538746843792e-03    8.746673193294178e-05
    0.000000000000000e+00    3.273853022358256e-02    3.612628033543265e-18    1.718135999501940e-02   -4.339207030623414e-05   -4.082307009678794e-03
    0.000000000000000e+00    0.000000000000000e+00   -3.247849012308150e-02   -1.219947748813087e-02    4.064445142886323e-03    1.432585604269888e-05
    0.000000000000000e+00    3.273853022358256e-02    3.612628033543265e-18    2.162123102063182e-02   -5.460510558108005e-05    2.854493727895172e-02
    0.000000000000000e+00    3.273853022358256e-02    3.612628033543265e-18    1.768183094601301e-02   -4.465602558672604e-05    2.118829139232141e-02
    0.000000000000000e+00    0.000000000000000e+00   -3.247849012308150e-02   -1.553260941299619e-02    2.142651586258341e-02   -1.475170255168094e-04
    3.270349700838643e-02   -2.356171688057635e-18    1.567503306523144e-34   -1.905069978718373e-18   -1.822514387975583e-02   -9.181018137990125e-03
    3.270349700838643e-02   -2.356171688057635e-18    1.567503306523144e-34   -1.905069978718373e-18   -1.166438462166019e-02   -1.505915172785260e-02
    0.000000000000000e+00    0.000000000000000e+00   -3.247849012308150e-02    1.932412213166165e-02    2.445053569393870e-02   -3.377392511285813e-04
    3.270349700838643e-02   -2.356171688057635e-18    1.567503306523144e-34   -1.905069978718373e-18    8.543984093790655e-03    1.623686922280429e-02
    3.270349700838643e-02   -2.356171688057635e-18    1.567503306523144e-34   -1.905069978718373e-18   -8.604493657716620e-03    1.596134417572558e-02
    0.000000000000000e+00    3.273853022358256e-02    3.612628033543265e-18    1.367809156182586e-02   -3.454445462279481e-05    8.114984232912020e-03
    0.000000000000000e+00    0.000000000000000e+00   -3.247849012308150e-02    1.267323720481829e-02    8.346082053168516e-03   -1.430724289654061e-04
    3.270349700838643e-02   -2.356171688057635e-18    1.567503306523144e-34   -1.905069978718373e-18    1.969089757043844e-02    2.447626227614935e-02
    0.000000000000000e+00    0.000000000000000e+00   -3.247849012308150e-02   -5.529729587980093e-03    3.322820623324561e-03   -8.606751824243043e-06
    0.000000000000000e+00    0.000000000000000e+00   -3.247849012308150e-02    3.426641127108260e-04    4.544735342242806e-03   -4.792052598342579e-05
    3.270349700838643e-02   -2.356171688057635e-18    1.567503306523144e-34   -1.905069978718373e-18   -7.443215265420647e-03    3.297757971594062e-03
    3.270349700838643e-02   -2.356171688057635e-18    1.567503306523144e-34   -1.905069978718373e-18    1.133476475000588e-02   -3.036158736145582e-02
    3.270349700838643e-02   -2.356171688057635e-18    1.567503306523144e-34   -1.905069978718373e-18   -1.296179403778553e-02    2.183247726229473e-02
    3.270349700838643e-02   -2.356171688057635e-18    1.567503306523144e-34   -1.905069978718373e-18   -9.322233852330546e-03    2.069931055618223e-02
    0.000000000000000e+00    3.273853022358256e-02    3.612628033543265e-18    1.766977273267130e-02   -4.462557218599151e-05    1.972399094591887e-02
    3.270349700838643e-02   -2.356171688057635e-18    1.567503306523144e-34   -1.905069978718373e-18   -7.652803952983907e-03   -1.904615950683920e-02
    0.000000000000000e+00    3.273853022358256e-02    3.612628033543265e-18    8.250881011385578e-03   -2.083786202245921e-05   -3.564371847233661e-03
    0.000000000000000e+00    0.000000000000000e+00   -3.247849012308150e-02   -1.868801908239988e-02   -3.205157727883631e-03    1.181399016227246e-04
    3.270349700838643e-02   -2.356171688057635e-18    1.567503306523144e-34   -1.905069978718373e-18    2.739702498294055e-02   -6.335303881153923e-03
    0.000000000000000e+00    3.273853022358256e-02    3.612628033543265e-18   -2.148468500109216e-02    5.426025427235962e-05    8.072026574187062e-03
    0.000000000000000e+00    0.000000000000000e+00   -3.247849012308150e-02   -9.742929768372254e-04    1.022381277440086e-02   -9.982224659434615e-05
    0.000000000000000e+00    3.273853022358256e-02    3.612628033543265e-18   -2.267560925610198e-02    5.726797129928657e-05    7.431490184576289e-04
    0.000000000000000e+00    0.000000000000000e+00   -3.247849012308150e-02   -7.031992908230734e-06    3.259064648408471e-03   -3.320846189080867e-05
    0.000000000000000e+00    0.000000000000000e+00   -3.247849012308150e-02    8.013036112782888e-03    4.404199315132380e-03   -8.155915037073577e-05
    0.000000000000000e+00    0.000000000000000e+00   -3.247849012308150e-02    6.736743276999391e-03   -2.514376031842418e-03   -5.157875403657770e-06
    0.000000000000000e+00    3.273853022358256e-02    3.612628033543265e-18   -1.005335178191904e-02    2.539005919559362e-05    3.850367613590572e-03
    3.270349700838643e-02   -2.356171688057635e-18    1.567503306523144e-34   -1.905069978718373e-18    7.820151911596365e-03    2.173456625548633e-02
    0.000000000000000e+00    0.000000000000000e+00   -3.247849012308150e-02    2.235878014388824e-02   -3.051050362481010e-03   -7.111430924283616e-05
    3.270349700838643e-02   -2.356171688057635e-18    1.567503306523144e-34   -1.905069978718373e-18    1.378904671363612e-02    2.222882478631105e-02
    0.000000000000000e+00    3.273853022358256e-02    3.612628033543265e-18   -2.112938053786842e-02    5.336292156686981e-05   -8.746922236681018e-03
    0.000000000000000e+00    0.000000000000000e+00   -3.247849012308150e-02   -9.769035219488896e-03   -3.761725661139819e-03    8.303541379453635e-05
    3.270349700838643e-02   -2.356171688057635e-18    1.567503306523144e-34   -1.905069978718373e-18    2.188908975879450e-02   -2.759732642404422e-03
    0.000000000000000e+00    3.273853022358256e-02    3.612628033543265e-18   -2.155654489296089e-02    5.444173871137189e-05   -1.580578437632897e-03
    0.000000000000000e+00    3.273853022358256e-02    3.612628033543265e-18   -8.938735068285544e-03    2.257505928775689e-05    2.865839452048409e-02
    3.270349700838643e-02   -2.356171688057635e-18    1.567503306523144e-34   -1.905069978718373e-18    8.304502942094982e-03   -1.395725344180400e-02
    0.000000000000000e+00    0.000000000000000e+00   -3.247849012308150e-02   -1.457945595859855e-02    1.990807293780083e-02   -1.363879663086676e-04
    3.270349700838643e-02   -2.356171688057635e-18    1.567503306523144e-34   -1.905069978718373e-18    8.026650359693356e-03   -6.724880286920094e-03
    0.000000000000000e+00    0.000000000000000e+00   -3.247849012308150e-02   -6.173812956037116e-03    2.240091133512855e-02   -2.002474729502769e-04
    0.000000000000000e+00    3.273853022358256e-02    3.612628033543265e-18   -1.220752777138978e-02    3.083049906846807e-05    2.382906996951015e-02
    0.000000000000000e+00    0.000000000000000e+00   -3.247849012308150e-02    4.634228079689777e-03   -1.961638861728344e-02    1.788865156716055e-04
    0.000000000000000e+00    0.000000000000000e+00   -3.247849012308150e-02   -3.238615174939386e-03   -2.292772120095274e-02    2.486580259918737e-04
    0.000000000000000e+00    0.000000000000000e+00   -3.247849012308150e-02   -2.094151417861572e-02    1.742182496854508e-02   -8.193976626802024e-05
    3.270349700838643e-02   -2.356171688057635e-18    1.567503306523144e-34   -1.905069978718373e-18   -3.701768918556782e-03   -1.455845321245006e-02
    0.000000000000000e+00    0.000000000000000e+00   -3.247849012308150e-02   -2.224997650959718e-02    2.050193152713946e-02   -1.073722962683336e-04
    3.270349700838643e-02   -2.356171688057635e-18    1.567503306523144e-34   -1.905069978718373e-18    2.555779537361840e-02    3.532989672702491e-04
    3.270349700838643e-02   -2.356171688057635e-18    1.567503306523144e-34   -1.905069978718373e-18   -2.373650289242404e-02    2.195315367951972e-02
    0.000000000000000e+00    3.273853022358256e-02    3.612628033543265e-18    2.553379492862567e-02   -6.448640998437060e-05    2.448274320437678e-02
    0.000000000000000e+00    0.000000000000000e+00   -3.247849012308150e-02    1.639518681025150e-02    2.465509505024150e-02   -3.264333756342448e-04
    3.270349700838643e-02   -2.356171688057635e-18    1.567503306523144e-34   -1.905069978718373e-18   -2.818076467112246e-02    1.032414954396347e-02
    0.000000000000000e+00    3.273853022358256e-02    3.612628033543265e-18    2.896335374732565e-02   -7.314786969556579e-05    6.448474696689568e-03
    0.000000000000000e+00    0.000000000000000e+00   -3.247849012308150e-02    8.763423507278540e-03    9.291854499338593e-03   -1.348415387842266e-04
    0.000000000000000e+00    0.000000000000000e+00   -3.247849012308150e-02    1.816101248374223e-02    8.335243177103942e-03   -1.680541846785320e-04
    0.000000000000000e+00    3.273853022358256e-02    3.612628033543265e-18    2.220479446072299e-02   -5.607891358160666e-05    1.177398283635449e-02
    0.000000000000000e+00    0.000000000000000e+00   -3.247849012308150e-02    1.343062503789513e-02    1.201868634125908e-02   -1.839939946930462e-04
    0.000000000000000e+00    0.000000000000000e+00   -3.247849012308150e-02    7.881939412754536e-03    5.227327944537904e-03   -8.935516993990239e-05
    3.270349700838643e-02   -2.356171688057635e-18    1.567503306523144e-34   -1.905069978718373e-18   -1.863130709045161e-02    1.061571681958467e-02
    0.000000000000000e+00    3.273853022358256e-02    3.612628033543265e-18    1.932806252193418e-02   -4.881363571208412e-05   -2.263189032242180e-02
    0.000000000000000e+00    0.000000000000000e+00   -3.247849012308150e-02   -7.452925262689127e-03   -8.516239524351802e-03    1.209385822372782e-04
    0.000000000000000e+00    0.000000000000000e+00   -3.247849012308150e-02    2.917316111469844e-02   -1.662571029097549e-02    3.618146101530527e-05
    3.270349700838643e-02   -2.356171688057635e-18    1.567503306523144e-34   -1.905069978718373e-18   -1.361444470745763e-02    2.407564479956147e-02
    0.000000000000000e+00    0.000000000000000e+00   -3.247849012308150e-02    2.056856800294308e-02   -2.942760732199271e-02    2.060972109779273e-04
    3.270349700838643e-02   -2.356171688057635e-18    1.567503306523144e-34   -1.905069978718373e-18    1.081014903192041e-02    2.426261080534513e-02
    0.000000000000000e+00    3.273853022358256e-02    3.612628033543265e-18   -1.074938790907759e-02    2.714792053917148e-05   -2.578385941128499e-02
    0.000000000000000e+00    0.000000000000000e+00   -3.247849012308150e-02    1.859324465289182e-02   -2.546494156465714e-02    1.747122322449390e-04
    0.000000000000000e+00    0.000000000000000e+00   -3.247849012308150e-02    4.021658903349390e-03   -6.313577294253595e-03    4.600628034454739e-05
    0.000000000000000e+00    0.000000000000000e+00   -3.247849012308150e-02   -3.475613241708692e-03   -4.018800848028966e-03    5.688138977429524e-05
    0.000000000000000e+00    0.000000000000000e+00   -3.247849012308150e-02    8.893847908295286e-04   -5.059655508054609e-03    4.753899930874204e-05
    0.000000000000000e+00    3.273853022358256e-02    3.612628033543265e-18   -1.381147655491782e-02    3.488132265883739e-05    7.225440215345898e-03
    3.270349700838643e-02   -2.356171688057635e-18    1.567503306523144e-34   -1.905069978718373e-18   -1.881461841178036e-02   -1.613388328104123e-02
    0.000000000000000e+00    3.273853022358256e-02    3.612628033543265e-18    2.061623386096048e-02   -5.206695333802935e-05   -1.107559125163617e-02
    0.000000000000000e+00    3.273853022358256e-02    3.612628033543265e-18    3.043961850593052e-02   -7.687622322605294e-05    9.623282107402454e-03
    0.000000000000000e+00    0.000000000000000e+00   -3.247849012308150e-02    1.430366681995414e-03    9.949020367176428e-03   -1.080145864453140e-04
    3.270349700838643e-02   -2.356171688057635e-18    1.567503306523144e-34   -1.905069978718373e-18   -2.190833829432450e-02    2.847541823143502e-03
    0.000000000000000e+00    0.000000000000000e+00   -3.247849012308150e-02   -3.095479201321531e-02    1.325891582342712e-02    6.304267058717737e-06
    3.270349700838643e-02   -2.356171688057635e-18    1.567503306523144e-34   -1.905069978718373e-18    2.441864150115998e-02   -2.514740924639831e-02
    3.270349700838643e-02   -2.356171688057635e-18    1.567503306523144e-34   -1.905069978718373e-18    2.678155609520961e-03   -1.737497800383252e-02
    0.000000000000000e+00    0.000000000000000e+00   -3.247849012308150e-02   -1.690676971756071e-02    2.924899645692471e-02   -2.210186893384707e-04
    0.000000000000000e+00    3.273853022358256e-02    3.612628033543265e-18   -5.288057902556726e-03    1.335515816895191e-05    2.423031264429843e-02
    3.270349700838643e-02   -2.356171688057635e-18    1.567503306523144e-34   -1.905069978718373e-18   -5.811534587017325e-03   -2.227110050222127e-02
    0.000000000000000e+00    3.273853022358256e-02    3.612628033543265e-18    6.393061714780711e-03   -1.614588038899543e-05    2.406411215918690e-02
    3.270349700838643e-02   -2.356171688057635e-18    1.567503306523144e-34   -1.905069978718373e-18   -2.996863509602900e-02   -9.316401478640806e-03
    0.000000000000000e+00    0.000000000000000e+00   -3.247849012308150e-02   -1.925046084459913e-02    2.485649608307607e-02   -1.655013770706041e-04
    3.270349700838643e-02   -2.356171688057635e-18    1.567503306523144e-34   -1.905069978718373e-18   -1.552514107116749e-02    2.270536485171295e-03
